source_method_id,response,method,method_label,method_semantics,gene,observed_expression,predicted_expression,signed_error,absolute_error,observed_expression_decile
scGen,Responder,scGen,scGen,generated_expression_baseline,ACAA1,0.9119602740882634,0.2665369457180059,-0.6454233283702575,0.6454233283702575,2
scGen,Responder,scGen,scGen,generated_expression_baseline,ACADVL,1.3251737557369676,0.7251657776748823,-0.6000079780620853,0.6000079780620853,6
scGen,Responder,scGen,scGen,generated_expression_baseline,ACAP1,1.6104859732610497,0.8228778679577123,-0.7876081053033374,0.7876081053033374,8
scGen,Responder,scGen,scGen,generated_expression_baseline,ACTN4,1.1139056241334653,0.7361848287465359,-0.3777207953869294,0.3777207953869294,3
scGen,Responder,scGen,scGen,generated_expression_baseline,ACTR3,1.4703214861035927,1.1769190411108903,-0.2934024449927022,0.2934024449927022,7
scGen,Responder,scGen,scGen,generated_expression_baseline,ADAM19,1.0060599539522468,0.6263883669822703,-0.3796715869699765,0.3796715869699765,2
scGen,Responder,scGen,scGen,generated_expression_baseline,ADPGK,1.1083027962714755,0.6700067407579969,-0.4382960555134786,0.4382960555134786,3
scGen,Responder,scGen,scGen,generated_expression_baseline,ADRM1,1.1183631351987278,0.6425966349270357,-0.4757665002716921,0.4757665002716921,3
scGen,Responder,scGen,scGen,generated_expression_baseline,AHNAK,1.625131900189685,1.182185385559505,-0.4429465146301798,0.4429465146301798,8
scGen,Responder,scGen,scGen,generated_expression_baseline,AHSA1,1.2624908254186489,0.8504362288204966,-0.4120545965981522,0.4120545965981522,5
scGen,Responder,scGen,scGen,generated_expression_baseline,AKAP13,1.831422284549307,1.1851764902893398,-0.6462457942599669,0.6462457942599669,10
scGen,Responder,scGen,scGen,generated_expression_baseline,AKAP9,1.4113660583727694,0.698313196061971,-0.7130528623107985,0.7130528623107985,6
scGen,Responder,scGen,scGen,generated_expression_baseline,AKNA,1.5346652328814685,1.0268073020368502,-0.507857930844618,0.507857930844618,7
scGen,Responder,scGen,scGen,generated_expression_baseline,AKR1A1,0.8226244927143551,0.2963033019554774,-0.5263211907588776,0.5263211907588776,1
scGen,Responder,scGen,scGen,generated_expression_baseline,ALDOA,2.002127095146637,1.576320967595814,-0.4258061275508231,0.4258061275508231,10
scGen,Responder,scGen,scGen,generated_expression_baseline,ALOX5AP,1.405952016338776,0.805463693673334,-0.6004883226654419,0.6004883226654419,6
scGen,Responder,scGen,scGen,generated_expression_baseline,ANAPC11,0.9212367706477588,0.4651844876293654,-0.4560522830183932,0.4560522830183932,2
scGen,Responder,scGen,scGen,generated_expression_baseline,ANKRD36BP1,0.8246833618990767,0.5813953644236244,-0.2432879974754522,0.2432879974754522,1
scGen,Responder,scGen,scGen,generated_expression_baseline,ANXA1,1.525013630876768,0.957171109199944,-0.5678425216768238,0.5678425216768238,7
scGen,Responder,scGen,scGen,generated_expression_baseline,ANXA2,1.2243727733034957,0.867129976355015,-0.3572427969484805,0.3572427969484805,4
scGen,Responder,scGen,scGen,generated_expression_baseline,ANXA5,1.194570887833644,0.794434497822888,-0.400136390010756,0.400136390010756,4
scGen,Responder,scGen,scGen,generated_expression_baseline,ANXA6,1.5346384951398684,1.1577599375909955,-0.3768785575488727,0.3768785575488727,7
scGen,Responder,scGen,scGen,generated_expression_baseline,AOAH,1.300954887035188,0.5219724969423587,-0.7789823900928294,0.7789823900928294,5
scGen,Responder,scGen,scGen,generated_expression_baseline,AP1G2,1.4548686463257676,0.9124830742545056,-0.5423855720712619,0.5423855720712619,7
scGen,Responder,scGen,scGen,generated_expression_baseline,AP2S1,0.7705707977744005,0.6137459621020972,-0.1568248356723033,0.1568248356723033,1
scGen,Responder,scGen,scGen,generated_expression_baseline,APEX1,0.8453715287113743,0.4972182228184038,-0.3481533058929705,0.3481533058929705,1
scGen,Responder,scGen,scGen,generated_expression_baseline,APLP2,1.00369389011143,0.3157025061968251,-0.687991383914605,0.687991383914605,2
scGen,Responder,scGen,scGen,generated_expression_baseline,APMAP,1.116732758944893,0.5649830947821248,-0.5517496641627682,0.5517496641627682,3
scGen,Responder,scGen,scGen,generated_expression_baseline,APOBEC3G,1.2839019256289683,1.0993433106384582,-0.1845586149905103,0.1845586149905103,5
scGen,Responder,scGen,scGen,generated_expression_baseline,APRT,1.445393229417488,0.6605358928980525,-0.7848573365194356,0.7848573365194356,7
scGen,Responder,scGen,scGen,generated_expression_baseline,ARF1,1.8062106404871063,1.1077860750678443,-0.6984245654192622,0.6984245654192622,9
scGen,Responder,scGen,scGen,generated_expression_baseline,ARF4,1.1880638357314148,0.5996769284709925,-0.5883869072604223,0.5883869072604223,4
scGen,Responder,scGen,scGen,generated_expression_baseline,ARF5,1.1694238096158187,0.8537432468786684,-0.3156805627371503,0.3156805627371503,4
scGen,Responder,scGen,scGen,generated_expression_baseline,ARHGAP17,0.9018410312031864,0.3944442087949262,-0.5073968224082603,0.5073968224082603,1
scGen,Responder,scGen,scGen,generated_expression_baseline,ARHGAP4,1.4006103331735955,0.9652498562463684,-0.4353604769272273,0.4353604769272273,6
scGen,Responder,scGen,scGen,generated_expression_baseline,ARHGAP9,1.704795255267435,1.020319052741076,-0.6844762025263591,0.6844762025263591,9
scGen,Responder,scGen,scGen,generated_expression_baseline,ARHGEF1,1.862194809438673,1.311141432487278,-0.5510533769513954,0.5510533769513954,10
scGen,Responder,scGen,scGen,generated_expression_baseline,ARID4B,1.5571045797909235,0.9373388739377512,-0.6197657058531725,0.6197657058531725,8
scGen,Responder,scGen,scGen,generated_expression_baseline,ARID5A,1.2675468267837668,0.8839859602640724,-0.3835608665196944,0.3835608665196944,5
scGen,Responder,scGen,scGen,generated_expression_baseline,ARL4C,1.0517929636829435,0.5650719120649526,-0.4867210516179909,0.4867210516179909,3
scGen,Responder,scGen,scGen,generated_expression_baseline,ARL6IP1,1.4654549701711193,1.1699234865246912,-0.295531483646428,0.295531483646428,7
scGen,Responder,scGen,scGen,generated_expression_baseline,ARL6IP4,1.308429734660352,0.7560988089882837,-0.5523309256720682,0.5523309256720682,5
scGen,Responder,scGen,scGen,generated_expression_baseline,ARL6IP5,1.466677910747855,1.0540855789893666,-0.4125923317584883,0.4125923317584883,7
scGen,Responder,scGen,scGen,generated_expression_baseline,ARL8B,0.9354502481488698,0.4062392283039442,-0.5292110198449256,0.5292110198449256,2
scGen,Responder,scGen,scGen,generated_expression_baseline,ARPC1B,1.6539229755573015,1.4464912377700754,-0.2074317377872263,0.2074317377872263,8
scGen,Responder,scGen,scGen,generated_expression_baseline,ARPC3,1.7520250447198051,1.3134391543193604,-0.4385858904004447,0.4385858904004447,9
scGen,Responder,scGen,scGen,generated_expression_baseline,ARPC4,1.6126290553813476,1.2091195874914933,-0.4035094678898543,0.4035094678898543,8
scGen,Responder,scGen,scGen,generated_expression_baseline,ARPC5,1.3127350455044706,0.8708745049099796,-0.441860540594491,0.441860540594491,5
scGen,Responder,scGen,scGen,generated_expression_baseline,ATF4,1.5260093707394735,0.7910496681929186,-0.734959702546555,0.734959702546555,7
scGen,Responder,scGen,scGen,generated_expression_baseline,ATG3,0.9784480333841866,0.512683839845064,-0.4657641935391226,0.4657641935391226,2
scGen,Responder,scGen,scGen,generated_expression_baseline,ATP1B3,1.6181269182443123,0.8736873338391784,-0.7444395844051339,0.7444395844051339,8
scGen,Responder,scGen,scGen,generated_expression_baseline,ATP6AP1,0.9319722047646838,0.3165097805718775,-0.6154624241928063,0.6154624241928063,2
scGen,Responder,scGen,scGen,generated_expression_baseline,ATP6AP2,1.0637167656334323,0.4540485276611385,-0.609668237972294,0.609668237972294,3
scGen,Responder,scGen,scGen,generated_expression_baseline,ATP6V0B,1.183264208581032,0.5407796791037814,-0.6424845294772504,0.6424845294772504,4
scGen,Responder,scGen,scGen,generated_expression_baseline,ATP6V0D1,1.0797245069414323,0.6011007885736399,-0.4786237183677924,0.4786237183677924,3
scGen,Responder,scGen,scGen,generated_expression_baseline,ATP6V0E1,1.3937402526633664,0.7054600209126932,-0.6882802317506732,0.6882802317506732,6
scGen,Responder,scGen,scGen,generated_expression_baseline,ATP6V1B2,0.6803524153635225,0.3695581485445129,-0.3107942668190096,0.3107942668190096,1
scGen,Responder,scGen,scGen,generated_expression_baseline,ATP6V1F,0.9924053335101624,0.6561133607052098,-0.3362919728049526,0.3362919728049526,2
scGen,Responder,scGen,scGen,generated_expression_baseline,ATP6V1G1,1.3724299062637135,0.8173822920784867,-0.5550476141852269,0.5550476141852269,6
scGen,Responder,scGen,scGen,generated_expression_baseline,ATRAID,1.0284939611536814,0.5142256215946323,-0.5142683395590492,0.5142683395590492,2
scGen,Responder,scGen,scGen,generated_expression_baseline,B4GALT1,1.5549448310123628,1.314009891471236,-0.2409349395411266,0.2409349395411266,8
scGen,Responder,scGen,scGen,generated_expression_baseline,BCAP31,1.2488965000170875,0.8810459806078123,-0.3678505194092755,0.3678505194092755,5
scGen,Responder,scGen,scGen,generated_expression_baseline,BCL2L11,1.1177704622099582,0.6806295887390763,-0.4371408734708819,0.4371408734708819,3
scGen,Responder,scGen,scGen,generated_expression_baseline,BHLHE40,1.0482046722323866,0.716253200399048,-0.3319514718333385,0.3319514718333385,3
scGen,Responder,scGen,scGen,generated_expression_baseline,BIN2,1.197649893626527,0.6207408155211384,-0.5769090781053886,0.5769090781053886,4
scGen,Responder,scGen,scGen,generated_expression_baseline,BIRC3,1.7743982721417797,1.247316052356026,-0.5270822197857534,0.5270822197857534,9
scGen,Responder,scGen,scGen,generated_expression_baseline,BRD2,1.8578360929517812,1.341017552797032,-0.5168185401547494,0.5168185401547494,10
scGen,Responder,scGen,scGen,generated_expression_baseline,BRK1,1.2360643907083342,0.9928483621477144,-0.2432160285606198,0.2432160285606198,4
scGen,Responder,scGen,scGen,generated_expression_baseline,BST2,1.0729966533892967,0.6506145891283751,-0.4223820642609216,0.4223820642609216,3
scGen,Responder,scGen,scGen,generated_expression_baseline,BTG1,1.8020223380730207,1.214373788117498,-0.5876485499555233,0.5876485499555233,9
scGen,Responder,scGen,scGen,generated_expression_baseline,BTG2,1.6783045661774156,0.9542572828882268,-0.7240472832891889,0.7240472832891889,9
scGen,Responder,scGen,scGen,generated_expression_baseline,BTN3A2,1.5149520450190457,0.9600829246470838,-0.5548691203719619,0.5548691203719619,7
scGen,Responder,scGen,scGen,generated_expression_baseline,BUD31,1.1615553485427133,0.4638542457761996,-0.6977011027665136,0.6977011027665136,4
scGen,Responder,scGen,scGen,generated_expression_baseline,BZW1,1.33170042299294,0.8214629379404569,-0.5102374850524832,0.5102374850524832,6
scGen,Responder,scGen,scGen,generated_expression_baseline,C11orf58,1.5158079919829204,1.025067398539912,-0.4907405934430084,0.4907405934430084,7
scGen,Responder,scGen,scGen,generated_expression_baseline,C17orf49,0.9922256923530208,0.6770803799578723,-0.3151453123951485,0.3151453123951485,2
scGen,Responder,scGen,scGen,generated_expression_baseline,C19orf53,1.1585795253525677,0.6927109675223422,-0.4658685578302253,0.4658685578302253,4
scGen,Responder,scGen,scGen,generated_expression_baseline,C1QBP,1.014040613503315,0.3169514647284965,-0.6970891487748185,0.6970891487748185,2
scGen,Responder,scGen,scGen,generated_expression_baseline,C1orf43,1.1226115524511324,0.6259377790287105,-0.4966737734224219,0.4966737734224219,3
scGen,Responder,scGen,scGen,generated_expression_baseline,CACYBP,1.1984220282177644,0.871159850352023,-0.3272621778657414,0.3272621778657414,4
scGen,Responder,scGen,scGen,generated_expression_baseline,CALM2,2.0177144739092325,1.5113310646796725,-0.5063834092295603,0.5063834092295603,10
scGen,Responder,scGen,scGen,generated_expression_baseline,CANX,1.3503752336568289,0.6767826761391093,-0.6735925575177194,0.6735925575177194,6
scGen,Responder,scGen,scGen,generated_expression_baseline,CAP1,1.4858210378936585,1.2061102392191392,-0.2797107986745193,0.2797107986745193,7
scGen,Responder,scGen,scGen,generated_expression_baseline,CAPG,0.7778808008922798,0.2288095931805481,-0.5490712077117317,0.5490712077117317,1
scGen,Responder,scGen,scGen,generated_expression_baseline,CAPZA2,0.9685341176618364,0.8280923187770388,-0.1404417988847977,0.1404417988847977,2
scGen,Responder,scGen,scGen,generated_expression_baseline,CAPZB,1.5741063277732918,1.225880162753639,-0.3482261650196527,0.3482261650196527,8
scGen,Responder,scGen,scGen,generated_expression_baseline,CBLB,1.6531914249502375,1.2501797393512273,-0.4030116855990104,0.4030116855990104,8
scGen,Responder,scGen,scGen,generated_expression_baseline,CBX6,1.0515772198538973,0.9046915240485784,-0.1468856958053188,0.1468856958053188,3
scGen,Responder,scGen,scGen,generated_expression_baseline,CCL3,0.5293122883525224,0.4836022171656775,-0.0457100711868448,0.0457100711868448,1
scGen,Responder,scGen,scGen,generated_expression_baseline,CCL4,1.3938190888977142,1.0501298170121436,-0.3436892718855706,0.3436892718855706,6
scGen,Responder,scGen,scGen,generated_expression_baseline,CCL4L2,0.8179578578362829,0.6654989343238098,-0.1524589235124731,0.1524589235124731,1
scGen,Responder,scGen,scGen,generated_expression_baseline,CCL5,2.0318017785885374,1.511879947884952,-0.5199218307035853,0.5199218307035853,10
scGen,Responder,scGen,scGen,generated_expression_baseline,CCND3,1.5355844124906164,0.9496876283089736,-0.5858967841816428,0.5858967841816428,7
scGen,Responder,scGen,scGen,generated_expression_baseline,CCNH,1.552910798520138,0.5904305108603757,-0.9624802876597623,0.9624802876597623,8
scGen,Responder,scGen,scGen,generated_expression_baseline,CCNL1,1.6729672976086265,1.0365247209867814,-0.6364425766218449,0.6364425766218449,9
scGen,Responder,scGen,scGen,generated_expression_baseline,CCNL2,1.460499173154531,0.8519448898737721,-0.6085542832807588,0.6085542832807588,7
scGen,Responder,scGen,scGen,generated_expression_baseline,CCR7,0.7993913893860227,0.5407177365197866,-0.2586736528662361,0.2586736528662361,1
scGen,Responder,scGen,scGen,generated_expression_baseline,CCT3,1.23359950322754,0.7259276644500406,-0.5076718387774993,0.5076718387774993,4
scGen,Responder,scGen,scGen,generated_expression_baseline,CCT4,1.145041972975504,0.6850624775154862,-0.4599794954600177,0.4599794954600177,4
scGen,Responder,scGen,scGen,generated_expression_baseline,CCT6A,1.2336249100021983,0.6679683057965624,-0.5656566042056361,0.5656566042056361,4
scGen,Responder,scGen,scGen,generated_expression_baseline,CCT8,1.098858355554175,0.696286074892328,-0.4025722806618473,0.4025722806618473,3
scGen,Responder,scGen,scGen,generated_expression_baseline,CD164,1.3729322781321416,0.9364213261404042,-0.4365109519917374,0.4365109519917374,6
scGen,Responder,scGen,scGen,generated_expression_baseline,CD2,1.717811943430067,1.3672340835346593,-0.3505778598954077,0.3505778598954077,9
scGen,Responder,scGen,scGen,generated_expression_baseline,CD247,1.2957974844531677,0.8995439252094162,-0.3962535592437515,0.3962535592437515,5
scGen,Responder,scGen,scGen,generated_expression_baseline,CD27,1.298431124569497,0.945588906457562,-0.3528422181119351,0.3528422181119351,5
scGen,Responder,scGen,scGen,generated_expression_baseline,CD37,1.77517274818061,1.3596480847121954,-0.4155246634684144,0.4155246634684144,9
scGen,Responder,scGen,scGen,generated_expression_baseline,CD38,0.7414960422598895,0.8110966795275147,0.0696006372676252,0.0696006372676252,1
scGen,Responder,scGen,scGen,generated_expression_baseline,CD3D,1.769067636197094,1.492153836819733,-0.2769137993773611,0.2769137993773611,9
scGen,Responder,scGen,scGen,generated_expression_baseline,CD3E,1.6533519958756215,1.5098273973524996,-0.1435245985231219,0.1435245985231219,8
scGen,Responder,scGen,scGen,generated_expression_baseline,CD3G,1.7674371144553944,1.6095550694145573,-0.1578820450408371,0.1578820450408371,9
scGen,Responder,scGen,scGen,generated_expression_baseline,CD4,0.8171765067942995,0.3965928241274462,-0.4205836826668533,0.4205836826668533,1
scGen,Responder,scGen,scGen,generated_expression_baseline,CD47,1.5098184438832436,1.0866328494524444,-0.4231855944307992,0.4231855944307992,7
scGen,Responder,scGen,scGen,generated_expression_baseline,CD48,1.4236039708236097,0.8273747487698527,-0.5962292220537567,0.5962292220537567,7
scGen,Responder,scGen,scGen,generated_expression_baseline,CD52,1.70394774650471,1.2996930410924386,-0.4042547054122714,0.4042547054122714,9
scGen,Responder,scGen,scGen,generated_expression_baseline,CD53,1.797385427650275,1.1779132456267425,-0.6194721820235325,0.6194721820235325,9
scGen,Responder,scGen,scGen,generated_expression_baseline,CD55,1.5594998463275245,0.9318732926961296,-0.6276265536313946,0.6276265536313946,8
scGen,Responder,scGen,scGen,generated_expression_baseline,CD63,1.2884295490283777,0.4631447446850025,-0.8252848043433751,0.8252848043433751,5
scGen,Responder,scGen,scGen,generated_expression_baseline,CD69,1.6016504610806712,1.2674788373342,-0.3341716237464711,0.3341716237464711,8
scGen,Responder,scGen,scGen,generated_expression_baseline,CD82,1.2073572450425405,0.7510636583105402,-0.456293586732,0.456293586732,4
scGen,Responder,scGen,scGen,generated_expression_baseline,CD83,0.8711470110437203,0.4025194275009591,-0.4686275835427612,0.4686275835427612,1
scGen,Responder,scGen,scGen,generated_expression_baseline,CD8A,1.6489402748655957,1.02752151990967,-0.6214187549559254,0.6214187549559254,8
scGen,Responder,scGen,scGen,generated_expression_baseline,CD96,1.5284834794156823,1.1701982582556472,-0.3582852211600351,0.3582852211600351,7
scGen,Responder,scGen,scGen,generated_expression_baseline,CD99,1.5828188622905102,1.1299328285776904,-0.4528860337128197,0.4528860337128197,8
scGen,Responder,scGen,scGen,generated_expression_baseline,CDC37,1.701128590507566,0.8192582280297608,-0.8818703624778051,0.8818703624778051,9
scGen,Responder,scGen,scGen,generated_expression_baseline,CDC42SE2,1.8285066754659047,1.534670367806499,-0.2938363076594061,0.2938363076594061,10
scGen,Responder,scGen,scGen,generated_expression_baseline,CDK2AP2,1.36581909779312,0.712953516521759,-0.652865581271361,0.652865581271361,6
scGen,Responder,scGen,scGen,generated_expression_baseline,CDKN1A,1.2721764549592185,0.5290575829725986,-0.7431188719866196,0.7431188719866196,5
scGen,Responder,scGen,scGen,generated_expression_baseline,CFLAR,1.7421552980952657,1.159299489232248,-0.5828558088630176,0.5828558088630176,9
scGen,Responder,scGen,scGen,generated_expression_baseline,CHCHD2,1.717056406486573,1.2364922628171493,-0.4805641436694237,0.4805641436694237,9
scGen,Responder,scGen,scGen,generated_expression_baseline,CHMP1B,1.175816284886808,0.6606869973351875,-0.5151292875516204,0.5151292875516204,4
scGen,Responder,scGen,scGen,generated_expression_baseline,CHMP2A,0.8797108956498395,0.4475858560308721,-0.4321250396189674,0.4321250396189674,1
scGen,Responder,scGen,scGen,generated_expression_baseline,CHORDC1,1.2146513690567748,0.525838912996504,-0.6888124560602709,0.6888124560602709,4
scGen,Responder,scGen,scGen,generated_expression_baseline,CIRBP,1.718395801418472,1.2450455040946355,-0.4733502973238366,0.4733502973238366,9
scGen,Responder,scGen,scGen,generated_expression_baseline,CKLF,1.0829488648358794,0.6595398774543412,-0.4234089873815382,0.4234089873815382,3
scGen,Responder,scGen,scGen,generated_expression_baseline,CKS2,1.0919410363183204,0.7333812892718811,-0.3585597470464393,0.3585597470464393,3
scGen,Responder,scGen,scGen,generated_expression_baseline,CLDND1,1.4182199753912197,0.6533233579686987,-0.7648966174225208,0.7648966174225208,6
scGen,Responder,scGen,scGen,generated_expression_baseline,CLEC2D,1.715334997139872,1.3421340275891425,-0.3732009695507294,0.3732009695507294,9
scGen,Responder,scGen,scGen,generated_expression_baseline,CLIC1,1.7256838533509278,1.2184992934430856,-0.5071845599078422,0.5071845599078422,9
scGen,Responder,scGen,scGen,generated_expression_baseline,CLK1,2.100776956290924,1.493451019399222,-0.6073259368917021,0.6073259368917021,10
scGen,Responder,scGen,scGen,generated_expression_baseline,CLNS1A,0.9334155949090286,0.599924230697208,-0.3334913642118206,0.3334913642118206,2
scGen,Responder,scGen,scGen,generated_expression_baseline,CLTA,0.8978080517808393,0.4893636506787817,-0.4084444011020576,0.4084444011020576,1
scGen,Responder,scGen,scGen,generated_expression_baseline,CMTM6,1.1729056694124325,0.6173520733732264,-0.5555535960392061,0.5555535960392061,4
scGen,Responder,scGen,scGen,generated_expression_baseline,CNBP,1.9830775144157429,1.5155239099639557,-0.4675536044517874,0.4675536044517874,10
scGen,Responder,scGen,scGen,generated_expression_baseline,CNDP2,1.0190343671522255,0.3123485397343929,-0.7066858274178327,0.7066858274178327,2
scGen,Responder,scGen,scGen,generated_expression_baseline,CNN2,1.6478460289648855,1.00983794162546,-0.6380080873394256,0.6380080873394256,8
scGen,Responder,scGen,scGen,generated_expression_baseline,CNOT2,1.5746339647225316,0.9343930949786136,-0.640240869743918,0.640240869743918,8
scGen,Responder,scGen,scGen,generated_expression_baseline,CNPY3,1.0923463884521822,0.7424013182140178,-0.3499450702381644,0.3499450702381644,3
scGen,Responder,scGen,scGen,generated_expression_baseline,COMMD6,1.303318977322934,0.919493272229672,-0.3838257050932622,0.3838257050932622,5
scGen,Responder,scGen,scGen,generated_expression_baseline,COPE,1.4784855731679187,0.8483266670150825,-0.6301589061528362,0.6301589061528362,7
scGen,Responder,scGen,scGen,generated_expression_baseline,COPZ1,1.0181640660195614,0.347514083436758,-0.6706499825828034,0.6706499825828034,2
scGen,Responder,scGen,scGen,generated_expression_baseline,CORO7,1.098046387622235,0.70778575829044,-0.390260629331795,0.390260629331795,3
scGen,Responder,scGen,scGen,generated_expression_baseline,COTL1,1.8065298113080908,1.2550431586756043,-0.5514866526324864,0.5514866526324864,9
scGen,Responder,scGen,scGen,generated_expression_baseline,COX5A,1.1424841212236303,0.7552891470740271,-0.3871949741496032,0.3871949741496032,4
scGen,Responder,scGen,scGen,generated_expression_baseline,COX5B,1.2878682135102004,0.6412959382201048,-0.6465722752900956,0.6465722752900956,5
scGen,Responder,scGen,scGen,generated_expression_baseline,COX6A1,1.397138511352032,0.5552641435993083,-0.8418743677527237,0.8418743677527237,6
scGen,Responder,scGen,scGen,generated_expression_baseline,COX6B1,1.2324951915065936,0.6966315674209004,-0.5358636240856932,0.5358636240856932,4
scGen,Responder,scGen,scGen,generated_expression_baseline,COX6C,1.255601978041326,0.9229397448048604,-0.3326622332364657,0.3326622332364657,5
scGen,Responder,scGen,scGen,generated_expression_baseline,COX7A2,1.319746874936595,0.744111206432953,-0.575635668503642,0.575635668503642,5
scGen,Responder,scGen,scGen,generated_expression_baseline,COX7A2L,1.0644840085973628,0.5786928240711315,-0.4857911845262312,0.4857911845262312,3
scGen,Responder,scGen,scGen,generated_expression_baseline,COX7C,1.5967775638276045,0.8010340468398621,-0.7957435169877424,0.7957435169877424,8
scGen,Responder,scGen,scGen,generated_expression_baseline,COX8A,1.3379605043028575,0.8429010966177132,-0.4950594076851443,0.4950594076851443,6
scGen,Responder,scGen,scGen,generated_expression_baseline,CREM,1.763453893849681,1.0546838625290338,-0.7087700313206475,0.7087700313206475,9
scGen,Responder,scGen,scGen,generated_expression_baseline,CRIP1,1.6436456064516207,1.1738052998290371,-0.4698403066225836,0.4698403066225836,8
scGen,Responder,scGen,scGen,generated_expression_baseline,CSNK1A1,1.5837129070672291,1.0021910509980567,-0.5815218560691726,0.5815218560691726,8
scGen,Responder,scGen,scGen,generated_expression_baseline,CSNK2B,1.3280729220394487,0.7002646814498624,-0.6278082405895863,0.6278082405895863,6
scGen,Responder,scGen,scGen,generated_expression_baseline,CSRNP1,1.1650882329703125,0.6677012920130384,-0.4973869409572738,0.4973869409572738,4
scGen,Responder,scGen,scGen,generated_expression_baseline,CST7,1.6758119649364491,1.1727602204832897,-0.5030517444531595,0.5030517444531595,9
scGen,Responder,scGen,scGen,generated_expression_baseline,CSTB,0.9552553608671016,0.3125296093079155,-0.642725751559186,0.642725751559186,2
scGen,Responder,scGen,scGen,generated_expression_baseline,CTC-425F1.4,1.84637811776843,1.346490999975,-0.4998871177934298,0.4998871177934298,10
scGen,Responder,scGen,scGen,generated_expression_baseline,CTSA,0.8685657343724651,0.2794144648581542,-0.5891512695143108,0.5891512695143108,1
scGen,Responder,scGen,scGen,generated_expression_baseline,CTSB,1.2325214820565864,0.7880920465377691,-0.4444294355188173,0.4444294355188173,4
scGen,Responder,scGen,scGen,generated_expression_baseline,CTSC,1.0763593293172815,0.8323362359153013,-0.2440230934019804,0.2440230934019804,3
scGen,Responder,scGen,scGen,generated_expression_baseline,CTSD,1.4605817983120786,0.9016929716549928,-0.5588888266570858,0.5588888266570858,7
scGen,Responder,scGen,scGen,generated_expression_baseline,CTSS,1.1787211085542053,0.792337489481831,-0.3863836190723743,0.3863836190723743,4
scGen,Responder,scGen,scGen,generated_expression_baseline,CTSW,1.0764501381970235,0.8294234937795594,-0.2470266444174641,0.2470266444174641,3
scGen,Responder,scGen,scGen,generated_expression_baseline,CXCL13,1.0354043255749903,0.4529784381016751,-0.5824258874733153,0.5824258874733153,2
scGen,Responder,scGen,scGen,generated_expression_baseline,CXCR3,0.8117206233936225,0.5312926544658542,-0.2804279689277683,0.2804279689277683,1
scGen,Responder,scGen,scGen,generated_expression_baseline,CYBA,1.2426754739283503,0.4841484350106471,-0.7585270389177032,0.7585270389177032,5
scGen,Responder,scGen,scGen,generated_expression_baseline,CYC1,0.8974123640432425,0.489107537472671,-0.4083048265705715,0.4083048265705715,1
scGen,Responder,scGen,scGen,generated_expression_baseline,CYCS,1.390845680851136,0.6543170304031158,-0.7365286504480202,0.7365286504480202,6
scGen,Responder,scGen,scGen,generated_expression_baseline,CYFIP2,1.3526297321735834,0.846990889380656,-0.5056388427929274,0.5056388427929274,6
scGen,Responder,scGen,scGen,generated_expression_baseline,CYTH4,0.9807257286681144,0.4020554894817354,-0.578670239186379,0.578670239186379,2
scGen,Responder,scGen,scGen,generated_expression_baseline,CYTIP,1.848420330320932,1.2772803789286753,-0.5711399513922566,0.5711399513922566,10
scGen,Responder,scGen,scGen,generated_expression_baseline,DAD1,1.206088550080632,0.7389814689149544,-0.4671070811656775,0.4671070811656775,4
scGen,Responder,scGen,scGen,generated_expression_baseline,DAZAP2,1.8564174021756583,1.5379831116995624,-0.3184342904760961,0.3184342904760961,10
scGen,Responder,scGen,scGen,generated_expression_baseline,DBI,1.0998290669882318,0.6619690067798226,-0.4378600602084092,0.4378600602084092,3
scGen,Responder,scGen,scGen,generated_expression_baseline,DBNL,1.047365742809962,0.7003178729607389,-0.3470478698492232,0.3470478698492232,3
scGen,Responder,scGen,scGen,generated_expression_baseline,DCXR,1.15124552935123,0.6689372109532455,-0.4823083183979845,0.4823083183979845,4
scGen,Responder,scGen,scGen,generated_expression_baseline,DDIT3,0.9845882651014036,0.3234051654554928,-0.6611830996459107,0.6611830996459107,2
scGen,Responder,scGen,scGen,generated_expression_baseline,DDIT4,1.8378627877325096,1.0438770318646136,-0.7939857558678962,0.7939857558678962,10
scGen,Responder,scGen,scGen,generated_expression_baseline,DDOST,1.4267884380591092,0.8939529161925618,-0.5328355218665474,0.5328355218665474,7
scGen,Responder,scGen,scGen,generated_expression_baseline,DDX24,1.5062682593771208,1.13233192545591,-0.3739363339212107,0.3739363339212107,7
scGen,Responder,scGen,scGen,generated_expression_baseline,DDX3Y,0.9392701154384178,0.435248274176798,-0.5040218412616198,0.5040218412616198,2
scGen,Responder,scGen,scGen,generated_expression_baseline,DDX6,1.663949847915961,1.204628306152407,-0.4593215417635539,0.4593215417635539,9
scGen,Responder,scGen,scGen,generated_expression_baseline,DENND2D,1.1622898969459838,0.7677006714228972,-0.3945892255230866,0.3945892255230866,4
scGen,Responder,scGen,scGen,generated_expression_baseline,DHRS7,1.100525864229028,0.4527011277622702,-0.647824736466758,0.647824736466758,3
scGen,Responder,scGen,scGen,generated_expression_baseline,DNAJA1,1.90919241279397,1.4617740094072014,-0.4474184033867685,0.4474184033867685,10
scGen,Responder,scGen,scGen,generated_expression_baseline,DNAJB1,2.0549542414746425,1.6233110410132496,-0.4316432004613928,0.4316432004613928,10
scGen,Responder,scGen,scGen,generated_expression_baseline,DNAJB11,1.21699253492647,0.5328373153952611,-0.6841552195312087,0.6841552195312087,4
scGen,Responder,scGen,scGen,generated_expression_baseline,DNAJB6,1.5717838639869872,0.9904603902977852,-0.5813234736892019,0.5813234736892019,8
scGen,Responder,scGen,scGen,generated_expression_baseline,DNAJC4,0.8418586240306662,0.4759213927753487,-0.3659372312553175,0.3659372312553175,1
scGen,Responder,scGen,scGen,generated_expression_baseline,DNAJC7,1.1064799055492984,0.6278449055886942,-0.4786349999606042,0.4786349999606042,3
scGen,Responder,scGen,scGen,generated_expression_baseline,DOK2,0.9857828629811822,0.6822534060390023,-0.3035294569421799,0.3035294569421799,2
scGen,Responder,scGen,scGen,generated_expression_baseline,DPP7,1.3710325287757574,0.8908159479417237,-0.4802165808340337,0.4802165808340337,6
scGen,Responder,scGen,scGen,generated_expression_baseline,DSTN,0.818959061770643,0.2791068432081907,-0.5398522185624524,0.5398522185624524,1
scGen,Responder,scGen,scGen,generated_expression_baseline,DUSP1,2.176696673432344,1.468418455337292,-0.708278218095052,0.708278218095052,10
scGen,Responder,scGen,scGen,generated_expression_baseline,DUSP2,2.0246985759898983,1.3918856676147164,-0.6328129083751819,0.6328129083751819,10
scGen,Responder,scGen,scGen,generated_expression_baseline,DUSP4,1.3748404598546915,0.8897955625809413,-0.4850448972737502,0.4850448972737502,6
scGen,Responder,scGen,scGen,generated_expression_baseline,DYNLL1,1.2790711549151752,0.7142097004948238,-0.5648614544203514,0.5648614544203514,5
scGen,Responder,scGen,scGen,generated_expression_baseline,DYNLRB1,0.9444602112442828,0.4051666335238533,-0.5392935777204295,0.5392935777204295,2
scGen,Responder,scGen,scGen,generated_expression_baseline,ECH1,1.279896046958448,0.7045705385025848,-0.5753255084558632,0.5753255084558632,5
scGen,Responder,scGen,scGen,generated_expression_baseline,EDEM1,1.0942855579126287,0.7501119395886215,-0.3441736183240071,0.3441736183240071,3
scGen,Responder,scGen,scGen,generated_expression_baseline,EDF1,1.6719291134797103,1.019355247077956,-0.6525738664017542,0.6525738664017542,9
scGen,Responder,scGen,scGen,generated_expression_baseline,EEF1B2,2.059374723741088,1.5601296561922862,-0.4992450675488018,0.4992450675488018,10
scGen,Responder,scGen,scGen,generated_expression_baseline,EGR1,1.0720184480720891,0.6158958423380425,-0.4561226057340466,0.4561226057340466,3
scGen,Responder,scGen,scGen,generated_expression_baseline,EIF2A,1.165002045322325,0.5572354875174493,-0.607766557804876,0.607766557804876,4
scGen,Responder,scGen,scGen,generated_expression_baseline,EIF3C,1.4234704228290924,0.6993878640833238,-0.7240825587457687,0.7240825587457687,6
scGen,Responder,scGen,scGen,generated_expression_baseline,EIF3D,1.4105271649905782,0.7247881634747481,-0.6857390015158301,0.6857390015158301,6
scGen,Responder,scGen,scGen,generated_expression_baseline,EIF3E,1.6284499953270786,1.159339159313446,-0.4691108360136327,0.4691108360136327,8
scGen,Responder,scGen,scGen,generated_expression_baseline,EIF3F,1.6542653629992532,1.0771134914821696,-0.5771518715170836,0.5771518715170836,8
scGen,Responder,scGen,scGen,generated_expression_baseline,EIF3G,1.568389575897518,0.8761978359439834,-0.6921917399535346,0.6921917399535346,8
scGen,Responder,scGen,scGen,generated_expression_baseline,EIF3H,1.5488127277551216,0.8166532398535548,-0.7321594879015668,0.7321594879015668,8
scGen,Responder,scGen,scGen,generated_expression_baseline,EIF3K,1.5966616025207494,1.0287942533600116,-0.5678673491607378,0.5678673491607378,8
scGen,Responder,scGen,scGen,generated_expression_baseline,EIF3L,1.667291098970484,0.9767515186702608,-0.6905395803002232,0.6905395803002232,9
scGen,Responder,scGen,scGen,generated_expression_baseline,EIF3M,1.175190352297835,0.7836167155651732,-0.3915736367326619,0.3915736367326619,4
scGen,Responder,scGen,scGen,generated_expression_baseline,EIF4A1,1.9978050959137172,1.5053796326925524,-0.4924254632211651,0.4924254632211651,10
scGen,Responder,scGen,scGen,generated_expression_baseline,EIF4A2,1.9679311920833,1.3084592264566302,-0.6594719656266697,0.6594719656266697,10
scGen,Responder,scGen,scGen,generated_expression_baseline,EIF4A3,1.29671566642905,0.8197483649623631,-0.4769673014666868,0.4769673014666868,5
scGen,Responder,scGen,scGen,generated_expression_baseline,EIF4H,1.452250300065573,0.98229000074135,-0.4699602993242231,0.4699602993242231,7
scGen,Responder,scGen,scGen,generated_expression_baseline,EIF5,1.782665660845698,1.0304450780362382,-0.7522205828094597,0.7522205828094597,9
scGen,Responder,scGen,scGen,generated_expression_baseline,ELMO1,1.268906640294612,0.6633836767073357,-0.6055229635872764,0.6055229635872764,5
scGen,Responder,scGen,scGen,generated_expression_baseline,EMB,1.49822747796026,1.0015291370544963,-0.4966983409057635,0.4966983409057635,7
scGen,Responder,scGen,scGen,generated_expression_baseline,EMC4,1.0398630113106813,0.3990636104425851,-0.6407994008680962,0.6407994008680962,2
scGen,Responder,scGen,scGen,generated_expression_baseline,EMP3,1.341346885469967,0.8868741087409866,-0.4544727767289804,0.4544727767289804,6
scGen,Responder,scGen,scGen,generated_expression_baseline,ENO1,1.7866191637296711,1.516429191820419,-0.2701899719092522,0.2701899719092522,9
scGen,Responder,scGen,scGen,generated_expression_baseline,ENY2,0.8963611603169049,0.4819781914842156,-0.4143829688326893,0.4143829688326893,1
scGen,Responder,scGen,scGen,generated_expression_baseline,EPSTI1,0.596699399518649,0.490296233462264,-0.106403166056385,0.106403166056385,1
scGen,Responder,scGen,scGen,generated_expression_baseline,ERCC1,0.8165767624765351,0.5454656977582809,-0.2711110647182542,0.2711110647182542,1
scGen,Responder,scGen,scGen,generated_expression_baseline,ERGIC3,1.186187272425591,0.6338092350326652,-0.5523780373929259,0.5523780373929259,4
scGen,Responder,scGen,scGen,generated_expression_baseline,ERP29,1.2365560697417028,0.7926705302739955,-0.4438855394677073,0.4438855394677073,4
scGen,Responder,scGen,scGen,generated_expression_baseline,ETF1,1.2450433010923652,0.6715645989110653,-0.5734787021812998,0.5734787021812998,5
scGen,Responder,scGen,scGen,generated_expression_baseline,EVI2B,1.4667057048003482,0.973362678128907,-0.4933430266714412,0.4933430266714412,7
scGen,Responder,scGen,scGen,generated_expression_baseline,EVL,1.6490878555232673,1.2060939783467255,-0.4429938771765416,0.4429938771765416,8
scGen,Responder,scGen,scGen,generated_expression_baseline,EWSR1,1.5300889344383783,1.1247041388099277,-0.4053847956284506,0.4053847956284506,7
scGen,Responder,scGen,scGen,generated_expression_baseline,EXOC4,1.102565772895341,0.4734569478053038,-0.6291088250900372,0.6291088250900372,3
scGen,Responder,scGen,scGen,generated_expression_baseline,FAM177A1,1.40677364385889,0.772864477065709,-0.633909166793181,0.633909166793181,6
scGen,Responder,scGen,scGen,generated_expression_baseline,FERMT3,1.108452625863681,0.6739565700111493,-0.4344960558525318,0.4344960558525318,3
scGen,Responder,scGen,scGen,generated_expression_baseline,FKBP1A,1.3792094922252571,1.0458779948464942,-0.3333314973787631,0.3333314973787631,6
scGen,Responder,scGen,scGen,generated_expression_baseline,FLII,1.190756150053392,0.7171648039434498,-0.473591346109942,0.473591346109942,4
scGen,Responder,scGen,scGen,generated_expression_baseline,FLNA,1.5670920961247825,1.1499826158928983,-0.4171094802318842,0.4171094802318842,8
scGen,Responder,scGen,scGen,generated_expression_baseline,FLOT1,0.806002926245904,0.2532756229786286,-0.5527273032672753,0.5527273032672753,1
scGen,Responder,scGen,scGen,generated_expression_baseline,FOS,1.8516351932904216,1.2230429459665055,-0.6285922473239163,0.6285922473239163,10
scGen,Responder,scGen,scGen,generated_expression_baseline,FOSB,1.6993004143795112,1.0722342622268564,-0.6270661521526548,0.6270661521526548,9
scGen,Responder,scGen,scGen,generated_expression_baseline,FOSL2,1.2946381130968494,0.6215876232901434,-0.673050489806706,0.673050489806706,5
scGen,Responder,scGen,scGen,generated_expression_baseline,FUS,1.866761854970137,1.2652116732572445,-0.6015501817128928,0.6015501817128928,10
scGen,Responder,scGen,scGen,generated_expression_baseline,FXYD5,1.7026183094442442,1.2107813929115738,-0.4918369165326703,0.4918369165326703,9
scGen,Responder,scGen,scGen,generated_expression_baseline,FYN,1.8843128369886089,1.3225478763381322,-0.5617649606504767,0.5617649606504767,10
scGen,Responder,scGen,scGen,generated_expression_baseline,FYTTD1,0.9919322127449878,0.4336047413129176,-0.5583274714320701,0.5583274714320701,2
scGen,Responder,scGen,scGen,generated_expression_baseline,GABARAP,1.726703761088522,1.1440977508052736,-0.5826060102832482,0.5826060102832482,9
scGen,Responder,scGen,scGen,generated_expression_baseline,GABARAPL2,1.143049521450015,0.7815641415014455,-0.3614853799485694,0.3614853799485694,4
scGen,Responder,scGen,scGen,generated_expression_baseline,GADD45B,1.0354220142222317,0.4469419101376909,-0.5884801040845404,0.5884801040845404,2
scGen,Responder,scGen,scGen,generated_expression_baseline,GAS5,1.845638852424493,1.0162834778971517,-0.8293553745273416,0.8293553745273416,10
scGen,Responder,scGen,scGen,generated_expression_baseline,GBP2,1.1111770248940511,0.997663186332964,-0.1135138385610873,0.1135138385610873,3
scGen,Responder,scGen,scGen,generated_expression_baseline,GDI2,1.3707272773675812,0.6482956575413287,-0.7224316198262525,0.7224316198262525,6
scGen,Responder,scGen,scGen,generated_expression_baseline,GHITM,1.2690172678118772,0.57691747838677,-0.6920997894251072,0.6920997894251072,5
scGen,Responder,scGen,scGen,generated_expression_baseline,GIMAP4,0.9675100327669602,0.8539752478918835,-0.1135347848750767,0.1135347848750767,2
scGen,Responder,scGen,scGen,generated_expression_baseline,GIMAP5,0.951785618679464,0.6624713396354011,-0.2893142790440628,0.2893142790440628,2
scGen,Responder,scGen,scGen,generated_expression_baseline,GIMAP7,1.052721434219978,0.9577838536063268,-0.0949375806136513,0.0949375806136513,3
scGen,Responder,scGen,scGen,generated_expression_baseline,GLIPR1,1.329590963498391,0.3688191976932168,-0.960771765805174,0.960771765805174,6
scGen,Responder,scGen,scGen,generated_expression_baseline,GMFG,1.246648977493091,0.8531734285280058,-0.3934755489650848,0.3934755489650848,5
scGen,Responder,scGen,scGen,generated_expression_baseline,GNAS,1.9789175065579283,1.287710274336296,-0.6912072322216325,0.6912072322216325,10
scGen,Responder,scGen,scGen,generated_expression_baseline,GNG2,1.3888484793356568,1.2509517986488372,-0.1378966806868196,0.1378966806868196,6
scGen,Responder,scGen,scGen,generated_expression_baseline,GNG5,1.1258107083499953,0.8347083354858899,-0.2911023728641054,0.2911023728641054,3
scGen,Responder,scGen,scGen,generated_expression_baseline,GNLY,0.7006752014060597,0.4922751879511497,-0.2084000134549099,0.2084000134549099,1
scGen,Responder,scGen,scGen,generated_expression_baseline,GPI,1.4634389711642104,0.9586005275155892,-0.5048384436486213,0.5048384436486213,7
scGen,Responder,scGen,scGen,generated_expression_baseline,GPR183,1.136254635545339,0.4210879743530091,-0.7151666611923295,0.7151666611923295,3
scGen,Responder,scGen,scGen,generated_expression_baseline,GPR65,0.9842979257918328,0.3591111319163749,-0.625186793875458,0.625186793875458,2
scGen,Responder,scGen,scGen,generated_expression_baseline,GPX1,1.1440012251795375,0.3077644516489355,-0.836236773530602,0.836236773530602,4
scGen,Responder,scGen,scGen,generated_expression_baseline,GPX4,1.4474465323853036,0.7288884165703431,-0.7185581158149605,0.7185581158149605,7
scGen,Responder,scGen,scGen,generated_expression_baseline,GRB2,1.4115785792408466,0.9521034710324282,-0.4594751082084184,0.4594751082084184,6
scGen,Responder,scGen,scGen,generated_expression_baseline,GRN,0.8088727049461338,0.4070332327510326,-0.4018394721951012,0.4018394721951012,1
scGen,Responder,scGen,scGen,generated_expression_baseline,GRSF1,0.882623927363734,0.4014237928281148,-0.4812001345356191,0.4812001345356191,1
scGen,Responder,scGen,scGen,generated_expression_baseline,GSTK1,1.5972731516445895,1.0698055423446386,-0.5274676092999511,0.5274676092999511,8
scGen,Responder,scGen,scGen,generated_expression_baseline,GSTO1,0.7936751369137228,0.5563449403153791,-0.2373301965983437,0.2373301965983437,1
scGen,Responder,scGen,scGen,generated_expression_baseline,GSTP1,1.3697260926286563,0.7313700892291725,-0.6383560033994838,0.6383560033994838,6
scGen,Responder,scGen,scGen,generated_expression_baseline,GTF3A,1.4084178756233052,0.6925907656750573,-0.7158271099482479,0.7158271099482479,6
scGen,Responder,scGen,scGen,generated_expression_baseline,GUK1,1.7724910170539314,1.076046570718194,-0.6964444463357373,0.6964444463357373,9
scGen,Responder,scGen,scGen,generated_expression_baseline,GZMA,1.3400533887929909,1.1994061346710632,-0.1406472541219277,0.1406472541219277,6
scGen,Responder,scGen,scGen,generated_expression_baseline,GZMB,1.0812413325910089,0.7313303384498896,-0.3499109941411192,0.3499109941411192,3
scGen,Responder,scGen,scGen,generated_expression_baseline,GZMH,0.9797598881433768,0.6114480765557745,-0.3683118115876023,0.3683118115876023,2
scGen,Responder,scGen,scGen,generated_expression_baseline,GZMK,1.2870797870429878,0.78264218524278,-0.5044376018002078,0.5044376018002078,5
scGen,Responder,scGen,scGen,generated_expression_baseline,HAVCR2,0.8901744638761482,0.8366710473087879,-0.0535034165673602,0.0535034165673602,1
scGen,Responder,scGen,scGen,generated_expression_baseline,HCLS1,1.7252660744631758,1.1098750802652366,-0.6153909941979392,0.6153909941979392,9
scGen,Responder,scGen,scGen,generated_expression_baseline,HCST,1.374733849484196,0.8543654236687116,-0.5203684258154843,0.5203684258154843,6
scGen,Responder,scGen,scGen,generated_expression_baseline,HDLBP,1.1326232824710565,0.4523932737857043,-0.6802300086853521,0.6802300086853521,3
scGen,Responder,scGen,scGen,generated_expression_baseline,HERPUD1,1.889172875415407,0.9752207631495472,-0.9139521122658596,0.9139521122658596,10
scGen,Responder,scGen,scGen,generated_expression_baseline,HEXB,0.8914221450162904,0.3763796146863726,-0.5150425303299178,0.5150425303299178,1
scGen,Responder,scGen,scGen,generated_expression_baseline,HIF1A,1.314844759550835,0.8268533511228684,-0.4879914084279666,0.4879914084279666,5
scGen,Responder,scGen,scGen,generated_expression_baseline,HIGD1A,0.6570198244929968,0.3577000363469909,-0.2993197881460058,0.2993197881460058,1
scGen,Responder,scGen,scGen,generated_expression_baseline,HIGD2A,1.235763763977475,0.7171315345580042,-0.5186322294194708,0.5186322294194708,4
scGen,Responder,scGen,scGen,generated_expression_baseline,HINT1,1.557356730993274,1.0929493556849763,-0.4644073753082978,0.4644073753082978,8
scGen,Responder,scGen,scGen,generated_expression_baseline,HLA-DMA,1.2735112793293069,0.8102226879143939,-0.4632885914149129,0.4632885914149129,5
scGen,Responder,scGen,scGen,generated_expression_baseline,HLA-DMB,0.7312498563717522,0.3308529905522798,-0.4003968658194724,0.4003968658194724,1
scGen,Responder,scGen,scGen,generated_expression_baseline,HLA-DPA1,1.7575547542738996,1.2982904213960536,-0.459264332877846,0.459264332877846,9
scGen,Responder,scGen,scGen,generated_expression_baseline,HLA-DPB1,1.7238004488134382,0.888713042681029,-0.8350874061324092,0.8350874061324092,9
scGen,Responder,scGen,scGen,generated_expression_baseline,HLA-DQA1,1.1330620873244373,0.81007533019327,-0.3229867571311672,0.3229867571311672,3
scGen,Responder,scGen,scGen,generated_expression_baseline,HLA-DQB1,1.2567542982569306,0.890724535589721,-0.3660297626672096,0.3660297626672096,5
scGen,Responder,scGen,scGen,generated_expression_baseline,HLA-DRA,1.6018774140936023,1.2273311454011595,-0.3745462686924428,0.3745462686924428,8
scGen,Responder,scGen,scGen,generated_expression_baseline,HLA-DRB1,1.6875984653010796,1.2607488580112394,-0.4268496072898402,0.4268496072898402,9
scGen,Responder,scGen,scGen,generated_expression_baseline,HLA-DRB5,1.4406132736183896,0.9970600373015788,-0.443553236316811,0.443553236316811,7
scGen,Responder,scGen,scGen,generated_expression_baseline,HLA-DRB6,1.2270146074996748,0.7923453578282597,-0.4346692496714152,0.4346692496714152,4
scGen,Responder,scGen,scGen,generated_expression_baseline,HM13,1.1821774090540575,0.5178865597751005,-0.6642908492789571,0.6642908492789571,4
scGen,Responder,scGen,scGen,generated_expression_baseline,HMGB2,1.2938189894818943,0.9041915573848236,-0.3896274320970707,0.3896274320970707,5
scGen,Responder,scGen,scGen,generated_expression_baseline,HMGN1,1.6131126418099675,1.1983504656471624,-0.4147621761628051,0.4147621761628051,8
scGen,Responder,scGen,scGen,generated_expression_baseline,HMGN2,1.824563184559988,1.4143216576029438,-0.4102415269570438,0.4102415269570438,10
scGen,Responder,scGen,scGen,generated_expression_baseline,HMGN3,0.9661175511760992,0.7693675208441769,-0.1967500303319221,0.1967500303319221,2
scGen,Responder,scGen,scGen,generated_expression_baseline,HNRNPDL,1.8623865477874564,1.226559906185101,-0.6358266416023555,0.6358266416023555,10
scGen,Responder,scGen,scGen,generated_expression_baseline,HNRNPF,1.356580345281846,0.9870640986808727,-0.369516246600973,0.369516246600973,6
scGen,Responder,scGen,scGen,generated_expression_baseline,HNRNPM,1.493079877858409,0.991145753925816,-0.5019341239325927,0.5019341239325927,7
scGen,Responder,scGen,scGen,generated_expression_baseline,HSP90AA1,2.1025516460740006,1.5276899250304334,-0.5748617210435671,0.5748617210435671,10
scGen,Responder,scGen,scGen,generated_expression_baseline,HSP90AB1,2.028720876090735,1.6021523901304286,-0.4265684859603063,0.4265684859603063,10
scGen,Responder,scGen,scGen,generated_expression_baseline,HSP90B1,1.6649395274722416,0.7966902668764949,-0.8682492605957467,0.8682492605957467,9
scGen,Responder,scGen,scGen,generated_expression_baseline,HSPA1A,1.1974479852138615,0.8288019001650397,-0.3686460850488218,0.3686460850488218,4
scGen,Responder,scGen,scGen,generated_expression_baseline,HSPA1B,1.1742566018735414,0.7704826965694506,-0.4037739053040908,0.4037739053040908,4
scGen,Responder,scGen,scGen,generated_expression_baseline,HSPA5,1.669290054744878,1.0545760819746504,-0.6147139727702275,0.6147139727702275,9
scGen,Responder,scGen,scGen,generated_expression_baseline,HSPA9,1.581368433914021,1.0984511229189533,-0.4829173109950677,0.4829173109950677,8
scGen,Responder,scGen,scGen,generated_expression_baseline,HSPB1,1.0337707404773984,0.6429590605029297,-0.3908116799744686,0.3908116799744686,2
scGen,Responder,scGen,scGen,generated_expression_baseline,HSPD1,1.6144120395712882,1.0265233612276967,-0.5878886783435915,0.5878886783435915,8
scGen,Responder,scGen,scGen,generated_expression_baseline,HSPE1,1.618340211211016,0.9546007838266548,-0.6637394273843612,0.6637394273843612,8
scGen,Responder,scGen,scGen,generated_expression_baseline,HSPH1,1.3585086889186555,0.8121312385780021,-0.5463774503406534,0.5463774503406534,6
scGen,Responder,scGen,scGen,generated_expression_baseline,ID2,1.696485002108932,1.0536591332907703,-0.6428258688181616,0.6428258688181616,9
scGen,Responder,scGen,scGen,generated_expression_baseline,IDH2,1.125758502482996,0.7700617984628101,-0.3556967040201858,0.3556967040201858,3
scGen,Responder,scGen,scGen,generated_expression_baseline,IDI1,1.3443012447761196,0.7388160415241783,-0.6054852032519412,0.6054852032519412,6
scGen,Responder,scGen,scGen,generated_expression_baseline,IER2,1.7386678218172702,0.9900781300200122,-0.748589691797258,0.748589691797258,9
scGen,Responder,scGen,scGen,generated_expression_baseline,IFI16,1.539616861774934,1.1624818298052173,-0.3771350319697166,0.3771350319697166,7
scGen,Responder,scGen,scGen,generated_expression_baseline,IFI30,0.7813497213788423,0.2799816050541839,-0.5013681163246584,0.5013681163246584,1
scGen,Responder,scGen,scGen,generated_expression_baseline,IFI35,0.633473571767219,0.4220862485509955,-0.2113873232162234,0.2113873232162234,1
scGen,Responder,scGen,scGen,generated_expression_baseline,IFI44L,0.2508127536408685,0.2686549557894624,0.0178422021485939,0.0178422021485939,1
scGen,Responder,scGen,scGen,generated_expression_baseline,IFI6,0.974509988883496,0.8843965106008684,-0.0901134782826276,0.0901134782826276,2
scGen,Responder,scGen,scGen,generated_expression_baseline,IFITM1,1.7891974575692082,1.4817220162294948,-0.3074754413397134,0.3074754413397134,9
scGen,Responder,scGen,scGen,generated_expression_baseline,IFITM3,0.8338768336830672,0.520755976576493,-0.3131208571065742,0.3131208571065742,1
scGen,Responder,scGen,scGen,generated_expression_baseline,IFNG,0.720366431346567,0.6494564190748168,-0.0709100122717502,0.0709100122717502,1
scGen,Responder,scGen,scGen,generated_expression_baseline,IFNGR1,0.8239473191041415,0.4254490313995462,-0.3984982877045953,0.3984982877045953,1
scGen,Responder,scGen,scGen,generated_expression_baseline,IFRD1,1.645436332899834,1.034967534818436,-0.6104687980813981,0.6104687980813981,8
scGen,Responder,scGen,scGen,generated_expression_baseline,IGFLR1,0.9716692290404414,0.6641770750123812,-0.3074921540280602,0.3074921540280602,2
scGen,Responder,scGen,scGen,generated_expression_baseline,IK,1.2790837305707985,1.010709752124151,-0.2683739784466474,0.2683739784466474,5
scGen,Responder,scGen,scGen,generated_expression_baseline,IL10RA,1.4566936884777484,0.7967136143335409,-0.6599800741442075,0.6599800741442075,7
scGen,Responder,scGen,scGen,generated_expression_baseline,IL16,1.0790092106646902,0.7105593210397071,-0.3684498896249831,0.3684498896249831,3
scGen,Responder,scGen,scGen,generated_expression_baseline,IL2RB,1.2872438198387242,1.0076818490528303,-0.2795619707858938,0.2795619707858938,5
scGen,Responder,scGen,scGen,generated_expression_baseline,IL2RG,1.9559329844178208,1.420022142625176,-0.5359108417926448,0.5359108417926448,10
scGen,Responder,scGen,scGen,generated_expression_baseline,IL32,1.9108166887873552,1.7616958082830756,-0.1491208805042796,0.1491208805042796,10
scGen,Responder,scGen,scGen,generated_expression_baseline,IL7R,1.4896937974729652,0.8375640262546155,-0.6521297712183497,0.6521297712183497,7
scGen,Responder,scGen,scGen,generated_expression_baseline,ILF2,1.2374541338309175,0.8622214029599347,-0.3752327308709828,0.3752327308709828,5
scGen,Responder,scGen,scGen,generated_expression_baseline,INPP5D,1.4867405326168757,0.9973198130592252,-0.4894207195576503,0.4894207195576503,7
scGen,Responder,scGen,scGen,generated_expression_baseline,INSIG1,0.9876216419678784,0.420499077058112,-0.5671225649097664,0.5671225649097664,2
scGen,Responder,scGen,scGen,generated_expression_baseline,IRF4,1.0532051883875606,0.4730117699600506,-0.5801934184275099,0.5801934184275099,3
scGen,Responder,scGen,scGen,generated_expression_baseline,IRF7,0.8547104131896003,0.537876146175731,-0.3168342670138693,0.3168342670138693,1
scGen,Responder,scGen,scGen,generated_expression_baseline,IRF8,0.857168958628502,0.3886439290772344,-0.4685250295512675,0.4685250295512675,1
scGen,Responder,scGen,scGen,generated_expression_baseline,IRF9,1.248677340625247,0.8384328134705776,-0.4102445271546693,0.4102445271546693,5
scGen,Responder,scGen,scGen,generated_expression_baseline,ISG15,1.1989483051543195,0.7388133904329012,-0.4601349147214183,0.4601349147214183,4
scGen,Responder,scGen,scGen,generated_expression_baseline,ISG20,1.7700246952434937,1.2164034369894974,-0.5536212582539961,0.5536212582539961,9
scGen,Responder,scGen,scGen,generated_expression_baseline,ITGAL,1.4575425673047475,1.1787322923578107,-0.278810274946937,0.278810274946937,7
scGen,Responder,scGen,scGen,generated_expression_baseline,ITGB1,1.2053310019869985,0.7406143181451399,-0.4647166838418584,0.4647166838418584,4
scGen,Responder,scGen,scGen,generated_expression_baseline,ITGB2,1.7203741989796495,1.352940278624617,-0.3674339203550325,0.3674339203550325,9
scGen,Responder,scGen,scGen,generated_expression_baseline,ITK,1.384863382148024,0.9187142509797632,-0.4661491311682607,0.4661491311682607,6
scGen,Responder,scGen,scGen,generated_expression_baseline,ITM2A,1.4317370962557496,1.036565760663828,-0.3951713355919217,0.3951713355919217,7
scGen,Responder,scGen,scGen,generated_expression_baseline,ITM2B,1.863907263033343,1.4954868255064515,-0.3684204375268916,0.3684204375268916,10
scGen,Responder,scGen,scGen,generated_expression_baseline,IVNS1ABP,1.5147950929983702,0.8606343540918614,-0.6541607389065088,0.6541607389065088,7
scGen,Responder,scGen,scGen,generated_expression_baseline,JUN,1.143687703218721,0.9553594492505764,-0.1883282539681445,0.1883282539681445,4
scGen,Responder,scGen,scGen,generated_expression_baseline,KDELR2,0.960154677526102,0.4077454226264748,-0.5524092548996273,0.5524092548996273,2
scGen,Responder,scGen,scGen,generated_expression_baseline,KLRD1,1.035901193336579,0.5242203065895823,-0.5116808867469966,0.5116808867469966,2
scGen,Responder,scGen,scGen,generated_expression_baseline,KLRK1,1.6890777811179731,1.364310776014552,-0.324767005103421,0.324767005103421,9
scGen,Responder,scGen,scGen,generated_expression_baseline,KRTCAP2,1.3072205844016995,0.6562858046982963,-0.6509347797034032,0.6509347797034032,5
scGen,Responder,scGen,scGen,generated_expression_baseline,LAMP2,0.7514164612594053,0.468803535784756,-0.2826129254746493,0.2826129254746493,1
scGen,Responder,scGen,scGen,generated_expression_baseline,LAMTOR4,1.177549213835116,0.5572621182770748,-0.6202870955580412,0.6202870955580412,4
scGen,Responder,scGen,scGen,generated_expression_baseline,LAMTOR5,1.0406178036180218,0.3837941848445381,-0.6568236187734837,0.6568236187734837,2
scGen,Responder,scGen,scGen,generated_expression_baseline,LAP3,0.9741069649241136,0.6362021981473618,-0.3379047667767517,0.3379047667767517,2
scGen,Responder,scGen,scGen,generated_expression_baseline,LAPTM4A,1.020765570079806,0.5543927825550259,-0.46637278752478,0.46637278752478,2
scGen,Responder,scGen,scGen,generated_expression_baseline,LAT,1.1972622230359142,0.9328185427189024,-0.2644436803170119,0.2644436803170119,4
scGen,Responder,scGen,scGen,generated_expression_baseline,LBH,1.4503379054137886,1.094050684219407,-0.3562872211943813,0.3562872211943813,7
scGen,Responder,scGen,scGen,generated_expression_baseline,LCK,1.5841144274039236,1.3823718080215148,-0.2017426193824087,0.2017426193824087,8
scGen,Responder,scGen,scGen,generated_expression_baseline,LCP2,1.3338618729152187,1.0305872644701453,-0.3032746084450735,0.3032746084450735,6
scGen,Responder,scGen,scGen,generated_expression_baseline,LDHA,1.895586400627368,1.250618154618793,-0.6449682460085748,0.6449682460085748,10
scGen,Responder,scGen,scGen,generated_expression_baseline,LDHB,1.670326448890498,1.3355323791091056,-0.3347940697813925,0.3347940697813925,9
scGen,Responder,scGen,scGen,generated_expression_baseline,LEPROTL1,1.6128828994004276,1.0496547573603954,-0.5632281420400322,0.5632281420400322,8
scGen,Responder,scGen,scGen,generated_expression_baseline,LGALS1,0.9779158972457712,0.41157834785515,-0.5663375493906213,0.5663375493906213,2
scGen,Responder,scGen,scGen,generated_expression_baseline,LGALS3,0.7495975820746303,0.3816454563367509,-0.3679521257378794,0.3679521257378794,1
scGen,Responder,scGen,scGen,generated_expression_baseline,LGALS9,0.6631220064735848,0.3068073697771258,-0.3563146366964589,0.3563146366964589,1
scGen,Responder,scGen,scGen,generated_expression_baseline,LIMD2,1.5358025624332714,1.3635827573887898,-0.1722198050444816,0.1722198050444816,7
scGen,Responder,scGen,scGen,generated_expression_baseline,LIME1,1.1699502961775352,0.7371417861860978,-0.4328085099914374,0.4328085099914374,4
scGen,Responder,scGen,scGen,generated_expression_baseline,LITAF,1.5848761716448303,1.161514608119581,-0.4233615635252494,0.4233615635252494,8
scGen,Responder,scGen,scGen,generated_expression_baseline,LMAN2,1.2494148723773884,0.8685473939734986,-0.3808674784038898,0.3808674784038898,5
scGen,Responder,scGen,scGen,generated_expression_baseline,LMNA,1.2135787381913623,0.4402328332180714,-0.7733459049732911,0.7733459049732911,4
scGen,Responder,scGen,scGen,generated_expression_baseline,LPXN,1.3297073919843854,0.7994043795461447,-0.5303030124382406,0.5303030124382406,6
scGen,Responder,scGen,scGen,generated_expression_baseline,LSM4,0.9104000788903532,0.4944354668325545,-0.4159646120577988,0.4159646120577988,2
scGen,Responder,scGen,scGen,generated_expression_baseline,LSP1,1.7691298078935087,1.2145688772428194,-0.5545609306506893,0.5545609306506893,9
scGen,Responder,scGen,scGen,generated_expression_baseline,LTB,0.9990027818672772,0.6727945896279609,-0.3262081922393164,0.3262081922393164,2
scGen,Responder,scGen,scGen,generated_expression_baseline,LUC7L3,1.5988646465819063,0.9085444720242136,-0.6903201745576928,0.6903201745576928,8
scGen,Responder,scGen,scGen,generated_expression_baseline,LY6E,1.249193611897218,0.9838688558789672,-0.2653247560182507,0.2653247560182507,5
scGen,Responder,scGen,scGen,generated_expression_baseline,LY9,1.1313455965389074,0.5445172351471329,-0.5868283613917745,0.5868283613917745,3
scGen,Responder,scGen,scGen,generated_expression_baseline,LYST,1.4826981112123867,1.35791840570568,-0.1247797055067065,0.1247797055067065,7
scGen,Responder,scGen,scGen,generated_expression_baseline,M6PR,1.2366435367486948,0.5988853783474911,-0.6377581584012036,0.6377581584012036,4
scGen,Responder,scGen,scGen,generated_expression_baseline,MAN2B1,0.9609110948724802,0.586119664483308,-0.3747914303891722,0.3747914303891722,2
scGen,Responder,scGen,scGen,generated_expression_baseline,MAP1LC3B,1.4587708387654708,0.7539219861504242,-0.7048488526150466,0.7048488526150466,7
scGen,Responder,scGen,scGen,generated_expression_baseline,MAP2K3,1.0986041357279388,0.6301309181564997,-0.4684732175714391,0.4684732175714391,3
scGen,Responder,scGen,scGen,generated_expression_baseline,MAP4K1,1.405452093159739,1.0572393992999445,-0.3482126938597945,0.3482126938597945,6
scGen,Responder,scGen,scGen,generated_expression_baseline,MAPK1IP1L,1.6019232194097648,1.1431528464213083,-0.4587703729884562,0.4587703729884562,8
scGen,Responder,scGen,scGen,generated_expression_baseline,MAT2A,1.6412795375694451,0.7432465473965436,-0.8980329901729017,0.8980329901729017,8
scGen,Responder,scGen,scGen,generated_expression_baseline,MCL1,1.6834818453544524,1.0275888180835062,-0.6558930272709462,0.6558930272709462,9
scGen,Responder,scGen,scGen,generated_expression_baseline,MDH1,1.056780885662168,0.6803794444262836,-0.3764014412358842,0.3764014412358842,3
scGen,Responder,scGen,scGen,generated_expression_baseline,MDH2,1.054000791209574,0.6344507441663066,-0.4195500470432675,0.4195500470432675,3
scGen,Responder,scGen,scGen,generated_expression_baseline,MGAT1,1.0543326844155505,0.528073090037091,-0.5262595943784595,0.5262595943784595,3
scGen,Responder,scGen,scGen,generated_expression_baseline,MIF,1.6632587042609313,1.055238819880464,-0.6080198843804674,0.6080198843804674,9
scGen,Responder,scGen,scGen,generated_expression_baseline,MIR24-2,1.456640095537607,0.6443779085989421,-0.812262186938665,0.812262186938665,7
scGen,Responder,scGen,scGen,generated_expression_baseline,MLF2,1.1823730576669087,0.5219932345839086,-0.6603798230830001,0.6603798230830001,4
scGen,Responder,scGen,scGen,generated_expression_baseline,MOB1A,1.3901002487218688,0.8134948757914037,-0.5766053729304651,0.5766053729304651,6
scGen,Responder,scGen,scGen,generated_expression_baseline,MORF4L2,1.350818508377542,0.7021215700556845,-0.6486969383218574,0.6486969383218574,6
scGen,Responder,scGen,scGen,generated_expression_baseline,MRPL20,0.8526356626449013,0.4536941848915318,-0.3989414777533694,0.3989414777533694,1
scGen,Responder,scGen,scGen,generated_expression_baseline,MRPS24,0.8355665646823963,0.386233343862681,-0.4493332208197153,0.4493332208197153,1
scGen,Responder,scGen,scGen,generated_expression_baseline,MSN,1.6993037277024272,1.1940761495909682,-0.505227578111459,0.505227578111459,9
scGen,Responder,scGen,scGen,generated_expression_baseline,MT-ND3,2.3332566314395304,1.610879708812061,-0.7223769226274694,0.7223769226274694,10
scGen,Responder,scGen,scGen,generated_expression_baseline,MT2A,0.91387739990659,0.7938246729089494,-0.1200527269976406,0.1200527269976406,2
scGen,Responder,scGen,scGen,generated_expression_baseline,MTHFD2,1.140887733289644,0.6279830132955649,-0.5129047199940789,0.5129047199940789,4
scGen,Responder,scGen,scGen,generated_expression_baseline,MVP,1.0943716472122205,0.6731088469305752,-0.4212628002816453,0.4212628002816453,3
scGen,Responder,scGen,scGen,generated_expression_baseline,MX1,0.6354243726317943,0.386693996877951,-0.2487303757538432,0.2487303757538432,1
scGen,Responder,scGen,scGen,generated_expression_baseline,MX2,0.6870892228253722,0.3846962712595851,-0.302392951565787,0.302392951565787,1
scGen,Responder,scGen,scGen,generated_expression_baseline,MYADM,1.686946550873505,0.8119888771215579,-0.8749576737519474,0.8749576737519474,9
scGen,Responder,scGen,scGen,generated_expression_baseline,MYD88,0.7453960831507052,0.2766936705578895,-0.4687024125928156,0.4687024125928156,1
scGen,Responder,scGen,scGen,generated_expression_baseline,MYL12A,1.976116546626391,1.59146421906154,-0.384652327564851,0.384652327564851,10
scGen,Responder,scGen,scGen,generated_expression_baseline,MYL12B,1.642130098271565,1.3282313643125685,-0.3138987339589965,0.3138987339589965,8
scGen,Responder,scGen,scGen,generated_expression_baseline,MYO1F,1.036860021857004,0.4956496040208651,-0.5412104178361388,0.5412104178361388,2
scGen,Responder,scGen,scGen,generated_expression_baseline,NABP1,1.2810951117521312,0.4873994300499522,-0.793695681702179,0.793695681702179,5
scGen,Responder,scGen,scGen,generated_expression_baseline,NAMPT,1.1450658434538263,0.7554391274626946,-0.3896267159911317,0.3896267159911317,4
scGen,Responder,scGen,scGen,generated_expression_baseline,NAP1L1,1.812492021731924,1.27617571133082,-0.5363163104011035,0.5363163104011035,10
scGen,Responder,scGen,scGen,generated_expression_baseline,NAPA,1.2418892040437053,0.7884410379279299,-0.4534481661157754,0.4534481661157754,5
scGen,Responder,scGen,scGen,generated_expression_baseline,NASP,1.4986277890943551,0.7230841057206074,-0.7755436833737477,0.7755436833737477,7
scGen,Responder,scGen,scGen,generated_expression_baseline,NCOA4,0.8593190744754473,0.8091380711754207,-0.0501810033000266,0.0501810033000266,1
scGen,Responder,scGen,scGen,generated_expression_baseline,NCOR1,1.6921608699039214,1.168948960473247,-0.5232119094306744,0.5232119094306744,9
scGen,Responder,scGen,scGen,generated_expression_baseline,NDUFA1,1.186494351677701,0.6921117756143031,-0.4943825760633977,0.4943825760633977,4
scGen,Responder,scGen,scGen,generated_expression_baseline,NDUFA11,1.2313929148199865,0.7652811058845109,-0.4661118089354755,0.4661118089354755,4
scGen,Responder,scGen,scGen,generated_expression_baseline,NDUFA13,1.4139081150603128,0.7821614258349413,-0.6317466892253715,0.6317466892253715,6
scGen,Responder,scGen,scGen,generated_expression_baseline,NDUFB2,1.0232667996944809,0.5253947416902159,-0.4978720580042649,0.4978720580042649,2
scGen,Responder,scGen,scGen,generated_expression_baseline,NDUFB4,1.0057794009309555,0.365405887768209,-0.6403735131627468,0.6403735131627468,2
scGen,Responder,scGen,scGen,generated_expression_baseline,NDUFB7,0.8770869100296588,0.3786490998711361,-0.4984378101585227,0.4984378101585227,1
scGen,Responder,scGen,scGen,generated_expression_baseline,NDUFC2,1.0129298973604848,0.558786998490311,-0.4541428988701738,0.4541428988701738,2
scGen,Responder,scGen,scGen,generated_expression_baseline,NDUFS5,1.2244116221808947,0.5211430104196759,-0.7032686117612188,0.7032686117612188,4
scGen,Responder,scGen,scGen,generated_expression_baseline,NDUFS7,1.088468141663783,0.5782087580044942,-0.5102593836592887,0.5102593836592887,3
scGen,Responder,scGen,scGen,generated_expression_baseline,NDUFV1,1.2257835729061282,0.6267655759534593,-0.5990179969526689,0.5990179969526689,4
scGen,Responder,scGen,scGen,generated_expression_baseline,NDUFV2,1.2382203496052373,0.9643430512763012,-0.273877298328936,0.273877298328936,5
scGen,Responder,scGen,scGen,generated_expression_baseline,NEDD8,1.084802483554467,0.6469986295783979,-0.437803853976069,0.437803853976069,3
scGen,Responder,scGen,scGen,generated_expression_baseline,NFE2L2,1.3566002492861042,0.5528633120106615,-0.8037369372754427,0.8037369372754427,6
scGen,Responder,scGen,scGen,generated_expression_baseline,NFKBIA,1.911428330448076,1.228518534390461,-0.6829097960576151,0.6829097960576151,10
scGen,Responder,scGen,scGen,generated_expression_baseline,NFKBID,1.0220344514843371,0.4108235944033705,-0.6112108570809667,0.6112108570809667,2
scGen,Responder,scGen,scGen,generated_expression_baseline,NFKBIZ,1.4827640457348954,0.8906180660452357,-0.5921459796896597,0.5921459796896597,7
scGen,Responder,scGen,scGen,generated_expression_baseline,NGLY1,1.073555796563522,0.4295424094060793,-0.6440133871574427,0.6440133871574427,3
scGen,Responder,scGen,scGen,generated_expression_baseline,NKG7,1.6550768112963936,1.2830237923413972,-0.3720530189549964,0.3720530189549964,8
scGen,Responder,scGen,scGen,generated_expression_baseline,NLRC5,1.8243479391435744,1.4718547241693614,-0.3524932149742128,0.3524932149742128,10
scGen,Responder,scGen,scGen,generated_expression_baseline,NME1-NME2,1.284361351593781,0.5903962863507195,-0.6939650652430616,0.6939650652430616,5
scGen,Responder,scGen,scGen,generated_expression_baseline,NMT1,0.9389692267623015,0.5240847935236141,-0.4148844332386874,0.4148844332386874,2
scGen,Responder,scGen,scGen,generated_expression_baseline,NONO,1.657762763531029,1.2369134058380833,-0.4208493576929457,0.4208493576929457,8
scGen,Responder,scGen,scGen,generated_expression_baseline,NOP10,0.896545395092842,0.4270513886324948,-0.4694940064603471,0.4694940064603471,1
scGen,Responder,scGen,scGen,generated_expression_baseline,NOP58,1.686137353046314,1.1710155439903642,-0.5151218090559497,0.5151218090559497,9
scGen,Responder,scGen,scGen,generated_expression_baseline,NPC1,1.0112042658680036,0.5624928748446824,-0.4487113910233212,0.4487113910233212,2
scGen,Responder,scGen,scGen,generated_expression_baseline,NPC2,0.833411068933553,0.2498748798272162,-0.5835361891063368,0.5835361891063368,1
scGen,Responder,scGen,scGen,generated_expression_baseline,NR3C1,1.2612304868054007,0.5889467706149797,-0.672283716190421,0.672283716190421,5
scGen,Responder,scGen,scGen,generated_expression_baseline,NR4A1,1.3092094145513673,0.6224827512943202,-0.6867266632570471,0.6867266632570471,5
scGen,Responder,scGen,scGen,generated_expression_baseline,NR4A2,1.870142603871915,1.124690576932471,-0.745452026939444,0.745452026939444,10
scGen,Responder,scGen,scGen,generated_expression_baseline,NUCB2,1.018467026484569,0.6259806240926177,-0.3924864023919513,0.3924864023919513,2
scGen,Responder,scGen,scGen,generated_expression_baseline,NXF1,1.4730350942245165,0.7430252653549477,-0.7300098288695686,0.7300098288695686,7
scGen,Responder,scGen,scGen,generated_expression_baseline,OFD1,1.0521595329324438,0.3660773891077665,-0.6860821438246774,0.6860821438246774,3
scGen,Responder,scGen,scGen,generated_expression_baseline,OGT,1.674791979347838,1.1206210547644857,-0.5541709245833526,0.5541709245833526,9
scGen,Responder,scGen,scGen,generated_expression_baseline,OS9,1.1683192985686648,0.3781657928420966,-0.7901535057265681,0.7901535057265681,4
scGen,Responder,scGen,scGen,generated_expression_baseline,OST4,1.5730457613730693,1.0120342568880725,-0.5610115044849968,0.5610115044849968,8
scGen,Responder,scGen,scGen,generated_expression_baseline,OSTC,0.921030120808525,0.4798407839501924,-0.4411893368583325,0.4411893368583325,2
scGen,Responder,scGen,scGen,generated_expression_baseline,P4HB,1.3910492267766583,0.8199022318689954,-0.571146994907663,0.571146994907663,6
scGen,Responder,scGen,scGen,generated_expression_baseline,PAIP2,1.5586775914209572,1.0228912601213918,-0.5357863312995654,0.5357863312995654,8
scGen,Responder,scGen,scGen,generated_expression_baseline,PARK7,1.6322569086688277,1.2721661082673832,-0.3600908004014445,0.3600908004014445,8
scGen,Responder,scGen,scGen,generated_expression_baseline,PARP15,0.8836695718593127,0.4842283213859333,-0.3994412504733793,0.3994412504733793,1
scGen,Responder,scGen,scGen,generated_expression_baseline,PARP8,1.5546536485248368,0.873975957896712,-0.6806776906281248,0.6806776906281248,8
scGen,Responder,scGen,scGen,generated_expression_baseline,PARP9,0.7328708001473027,0.6282428448630409,-0.1046279552842617,0.1046279552842617,1
scGen,Responder,scGen,scGen,generated_expression_baseline,PARVG,1.2373802339912352,0.7447840314262208,-0.4925962025650143,0.4925962025650143,4
scGen,Responder,scGen,scGen,generated_expression_baseline,PCBP2,1.6449374106894008,1.2316655359502924,-0.4132718747391084,0.4132718747391084,8
scGen,Responder,scGen,scGen,generated_expression_baseline,PCED1B-AS1,1.4341657599929487,0.8246312915395095,-0.6095344684534392,0.6095344684534392,7
scGen,Responder,scGen,scGen,generated_expression_baseline,PDCD1,0.9449425953060586,0.724391813628213,-0.2205507816778456,0.2205507816778456,2
scGen,Responder,scGen,scGen,generated_expression_baseline,PDCD4,1.9719601651325136,1.422496072175569,-0.5494640929569448,0.5494640929569448,10
scGen,Responder,scGen,scGen,generated_expression_baseline,PDCD6IP,1.1834964858066974,0.5908750536307985,-0.5926214321758989,0.5926214321758989,4
scGen,Responder,scGen,scGen,generated_expression_baseline,PDE4B,1.6430068689589752,0.9142874528962396,-0.7287194160627357,0.7287194160627357,8
scGen,Responder,scGen,scGen,generated_expression_baseline,PDIA3,1.613472250153133,1.2143536053911688,-0.3991186447619641,0.3991186447619641,8
scGen,Responder,scGen,scGen,generated_expression_baseline,PDIA4,0.9559019028074676,0.4694238777324859,-0.4864780250749815,0.4864780250749815,2
scGen,Responder,scGen,scGen,generated_expression_baseline,PDIA6,1.1363991016045667,0.5793804071436933,-0.5570186944608734,0.5570186944608734,3
scGen,Responder,scGen,scGen,generated_expression_baseline,PEBP1,1.2823300843243577,0.7770153574021093,-0.5053147269222482,0.5053147269222482,5
scGen,Responder,scGen,scGen,generated_expression_baseline,PER1,1.5121508222280824,0.6274449658052993,-0.8847058564227831,0.8847058564227831,7
scGen,Responder,scGen,scGen,generated_expression_baseline,PFDN5,1.976417283418912,1.2643636123695456,-0.7120536710493666,0.7120536710493666,10
scGen,Responder,scGen,scGen,generated_expression_baseline,PFKFB3,1.2798766327978983,0.5681054015639946,-0.7117712312339037,0.7117712312339037,5
scGen,Responder,scGen,scGen,generated_expression_baseline,PGAM1,1.3994247597851293,1.022796291671198,-0.3766284681139313,0.3766284681139313,6
scGen,Responder,scGen,scGen,generated_expression_baseline,PGK1,1.866433547330208,1.3877323831294903,-0.4787011642007173,0.4787011642007173,10
scGen,Responder,scGen,scGen,generated_expression_baseline,PHB,0.8276130645462366,0.4102654849787899,-0.4173475795674467,0.4173475795674467,1
scGen,Responder,scGen,scGen,generated_expression_baseline,PHB2,1.0799133719428466,0.6676985841328861,-0.4122147878099605,0.4122147878099605,3
scGen,Responder,scGen,scGen,generated_expression_baseline,PHC3,1.4345467135939285,0.7476700489555203,-0.6868766646384082,0.6868766646384082,7
scGen,Responder,scGen,scGen,generated_expression_baseline,PIK3IP1,1.4510612854713636,0.9748070326226448,-0.4762542528487187,0.4762542528487187,7
scGen,Responder,scGen,scGen,generated_expression_baseline,PIM1,1.0722881669946065,0.6840451984075339,-0.3882429685870726,0.3882429685870726,3
scGen,Responder,scGen,scGen,generated_expression_baseline,PIM2,1.6922595048368527,1.2440955600415853,-0.4481639447952674,0.4481639447952674,9
scGen,Responder,scGen,scGen,generated_expression_baseline,PIP4K2A,1.8700303683884008,1.4708912378500891,-0.399139130538312,0.399139130538312,10
scGen,Responder,scGen,scGen,generated_expression_baseline,PKM,1.4918929110921877,1.1912132318140416,-0.3006796792781459,0.3006796792781459,7
scGen,Responder,scGen,scGen,generated_expression_baseline,PLAC8,0.7773228058728383,0.4136090288207847,-0.3637137770520535,0.3637137770520535,1
scGen,Responder,scGen,scGen,generated_expression_baseline,PLCB2,0.8848415838728988,0.5326116552451547,-0.352229928627744,0.352229928627744,1
scGen,Responder,scGen,scGen,generated_expression_baseline,PLEK,0.5799096628347167,0.2835613001424266,-0.2963483626922901,0.2963483626922901,1
scGen,Responder,scGen,scGen,generated_expression_baseline,PLIN2,1.082530114137303,0.4356595867731605,-0.6468705273641424,0.6468705273641424,3
scGen,Responder,scGen,scGen,generated_expression_baseline,PLP2,1.2290596366847282,0.6423195841193668,-0.5867400525653613,0.5867400525653613,4
scGen,Responder,scGen,scGen,generated_expression_baseline,PLSCR1,0.6723075690429854,0.3336499895836275,-0.3386575794593578,0.3386575794593578,1
scGen,Responder,scGen,scGen,generated_expression_baseline,PMAIP1,1.0610650667213313,0.5662223798327557,-0.4948426868885756,0.4948426868885756,3
scGen,Responder,scGen,scGen,generated_expression_baseline,POLD4,1.215006055824816,0.9143348819823998,-0.3006711738424164,0.3006711738424164,4
scGen,Responder,scGen,scGen,generated_expression_baseline,POLR2A,1.6211627257466923,1.2532647093285951,-0.3678980164180969,0.3678980164180969,8
scGen,Responder,scGen,scGen,generated_expression_baseline,POLR2E,1.1162697254579868,0.5082567133398478,-0.608013012118139,0.608013012118139,3
scGen,Responder,scGen,scGen,generated_expression_baseline,POLR2G,0.8452441073711482,0.5802805333599044,-0.2649635740112438,0.2649635740112438,1
scGen,Responder,scGen,scGen,generated_expression_baseline,POMP,1.0936716331815706,0.6951637618049672,-0.3985078713766034,0.3985078713766034,3
scGen,Responder,scGen,scGen,generated_expression_baseline,PPIB,1.7305599556648132,0.890988665123056,-0.8395712905417573,0.8395712905417573,9
scGen,Responder,scGen,scGen,generated_expression_baseline,PPP1CA,1.3930243271230425,1.101543160018781,-0.2914811671042614,0.2914811671042614,6
scGen,Responder,scGen,scGen,generated_expression_baseline,PPP1CB,1.8363248517510755,1.3883689571752165,-0.447955894575859,0.447955894575859,10
scGen,Responder,scGen,scGen,generated_expression_baseline,PPP1R15A,1.875276374751056,1.184972213008982,-0.6903041617420735,0.6903041617420735,10
scGen,Responder,scGen,scGen,generated_expression_baseline,PPP1R2,1.6868053340792568,0.9932763866763268,-0.69352894740293,0.69352894740293,9
scGen,Responder,scGen,scGen,generated_expression_baseline,PPT1,0.7623487328278697,0.3840396100910404,-0.3783091227368294,0.3783091227368294,1
scGen,Responder,scGen,scGen,generated_expression_baseline,PRDM1,1.4981538950510478,0.9430042947707954,-0.5551496002802524,0.5551496002802524,7
scGen,Responder,scGen,scGen,generated_expression_baseline,PRDX1,1.5536379245254892,0.7672806868305461,-0.7863572376949431,0.7863572376949431,8
scGen,Responder,scGen,scGen,generated_expression_baseline,PRDX3,0.8798197192196175,0.6935379278668835,-0.186281791352734,0.186281791352734,1
scGen,Responder,scGen,scGen,generated_expression_baseline,PRDX5,1.1871124467927745,0.5253407419674123,-0.6617717048253622,0.6617717048253622,4
scGen,Responder,scGen,scGen,generated_expression_baseline,PRDX6,1.1767321758883127,0.7790390018347016,-0.397693174053611,0.397693174053611,4
scGen,Responder,scGen,scGen,generated_expression_baseline,PRELID1,1.3314646805185606,0.7640469312212392,-0.5674177492973214,0.5674177492973214,6
scGen,Responder,scGen,scGen,generated_expression_baseline,PRF1,1.2964644283862388,1.0005499989361688,-0.2959144294500699,0.2959144294500699,5
scGen,Responder,scGen,scGen,generated_expression_baseline,PRKAR1A,1.3575872061503524,0.9189841140193136,-0.4386030921310387,0.4386030921310387,6
scGen,Responder,scGen,scGen,generated_expression_baseline,PRKCH,1.6022875619990251,1.4155996470926189,-0.1866879149064064,0.1866879149064064,8
scGen,Responder,scGen,scGen,generated_expression_baseline,PRMT2,1.1929930766453516,0.8214505575502167,-0.3715425190951349,0.3715425190951349,4
scGen,Responder,scGen,scGen,generated_expression_baseline,PRPF40B,0.9225239134760352,0.291124067979801,-0.6313998454962342,0.6313998454962342,2
scGen,Responder,scGen,scGen,generated_expression_baseline,PRR13,1.4730844584168228,0.9412924142607478,-0.531792044156075,0.531792044156075,7
scGen,Responder,scGen,scGen,generated_expression_baseline,PSAP,1.5045703481752426,0.8624546843350837,-0.642115663840159,0.642115663840159,7
scGen,Responder,scGen,scGen,generated_expression_baseline,PSMA1,1.348665448092022,0.734847727867097,-0.613817720224925,0.613817720224925,6
scGen,Responder,scGen,scGen,generated_expression_baseline,PSMA2,1.2163498634761911,0.9163325706248068,-0.3000172928513843,0.3000172928513843,4
scGen,Responder,scGen,scGen,generated_expression_baseline,PSMA3,1.3848663301625528,0.951596366018823,-0.4332699641437297,0.4332699641437297,6
scGen,Responder,scGen,scGen,generated_expression_baseline,PSMA4,0.9813589647510508,0.5243680482767482,-0.4569909164743025,0.4569909164743025,2
scGen,Responder,scGen,scGen,generated_expression_baseline,PSMA5,1.2063351115118,0.5523278383106313,-0.6540072732011687,0.6540072732011687,4
scGen,Responder,scGen,scGen,generated_expression_baseline,PSMA6,1.2221051317848453,0.6635166166770786,-0.5585885151077666,0.5585885151077666,4
scGen,Responder,scGen,scGen,generated_expression_baseline,PSMA7,1.760190172189526,1.2312568373372867,-0.5289333348522391,0.5289333348522391,9
scGen,Responder,scGen,scGen,generated_expression_baseline,PSMB1,1.3400408297217266,0.9691244803922208,-0.3709163493295057,0.3709163493295057,6
scGen,Responder,scGen,scGen,generated_expression_baseline,PSMB10,1.3070199250093988,0.8982458878959528,-0.4087740371134459,0.4087740371134459,5
scGen,Responder,scGen,scGen,generated_expression_baseline,PSMB3,1.1786003355332044,0.8904214156904983,-0.2881789198427061,0.2881789198427061,4
scGen,Responder,scGen,scGen,generated_expression_baseline,PSMB4,1.4807854488927843,0.9335539810861556,-0.5472314678066287,0.5472314678066287,7
scGen,Responder,scGen,scGen,generated_expression_baseline,PSMB6,1.2315777386557012,0.9024070205328044,-0.3291707181228968,0.3291707181228968,4
scGen,Responder,scGen,scGen,generated_expression_baseline,PSMB7,1.0506370211674834,0.5303161887407535,-0.5203208324267299,0.5203208324267299,3
scGen,Responder,scGen,scGen,generated_expression_baseline,PSMB8,1.5920992431846748,1.2109403596023025,-0.3811588835823725,0.3811588835823725,8
scGen,Responder,scGen,scGen,generated_expression_baseline,PSMB9,1.5092590583109928,1.156849835371365,-0.3524092229396278,0.3524092229396278,7
scGen,Responder,scGen,scGen,generated_expression_baseline,PSMC4,0.8036549458642078,0.3773118113121204,-0.4263431345520874,0.4263431345520874,1
scGen,Responder,scGen,scGen,generated_expression_baseline,PSMD13,1.0797172842121918,0.871174384026185,-0.2085429001860068,0.2085429001860068,3
scGen,Responder,scGen,scGen,generated_expression_baseline,PSMD7,0.8891346511393887,0.5190723830667305,-0.3700622680726582,0.3700622680726582,1
scGen,Responder,scGen,scGen,generated_expression_baseline,PSMD8,1.2759748616310949,0.9361984313959888,-0.3397764302351059,0.3397764302351059,5
scGen,Responder,scGen,scGen,generated_expression_baseline,PSME2,1.555677693777125,1.1510956635699623,-0.4045820302071625,0.4045820302071625,8
scGen,Responder,scGen,scGen,generated_expression_baseline,PSMF1,1.2090577677237708,0.7415527702313813,-0.4675049974923895,0.4675049974923895,4
scGen,Responder,scGen,scGen,generated_expression_baseline,PSTPIP1,1.2885891273553276,1.0234978936427284,-0.2650912337125992,0.2650912337125992,5
scGen,Responder,scGen,scGen,generated_expression_baseline,PTGES3,1.5791772734253926,1.0343074668840784,-0.5448698065413142,0.5448698065413142,8
scGen,Responder,scGen,scGen,generated_expression_baseline,PTP4A1,1.392296144314702,0.8496579228687091,-0.5426382214459928,0.5426382214459928,6
scGen,Responder,scGen,scGen,generated_expression_baseline,PTPN6,1.1203347126328824,0.7457906302647114,-0.374544082368171,0.374544082368171,3
scGen,Responder,scGen,scGen,generated_expression_baseline,PTPRCAP,1.902733955024647,1.5862578512831853,-0.3164761037414616,0.3164761037414616,10
scGen,Responder,scGen,scGen,generated_expression_baseline,PYCARD,0.7907383273936661,0.3773453574062259,-0.4133929699874402,0.4133929699874402,1
scGen,Responder,scGen,scGen,generated_expression_baseline,PYHIN1,1.152729339325647,0.6755333834870508,-0.4771959558385962,0.4771959558385962,4
scGen,Responder,scGen,scGen,generated_expression_baseline,RAB10,1.0815735281629475,0.7558767647739275,-0.32569676338902,0.32569676338902,3
scGen,Responder,scGen,scGen,generated_expression_baseline,RAB11FIP1,0.8680582848197853,0.6351851553776152,-0.2328731294421701,0.2328731294421701,1
scGen,Responder,scGen,scGen,generated_expression_baseline,RAB1A,1.1149210564372227,0.3993111716339035,-0.7156098848033192,0.7156098848033192,3
scGen,Responder,scGen,scGen,generated_expression_baseline,RAB5C,1.1115614412857109,0.5615548143606856,-0.5500066269250251,0.5500066269250251,3
scGen,Responder,scGen,scGen,generated_expression_baseline,RAB7A,1.394296506345142,0.9343777331655704,-0.4599187731795715,0.4599187731795715,6
scGen,Responder,scGen,scGen,generated_expression_baseline,RAB8A,1.0855011384806026,0.6287834322907981,-0.4567177061898044,0.4567177061898044,3
scGen,Responder,scGen,scGen,generated_expression_baseline,RABAC1,1.3695440976391802,0.5682485509290038,-0.8012955467101763,0.8012955467101763,6
scGen,Responder,scGen,scGen,generated_expression_baseline,RABGAP1L,1.4792440587046891,0.8200844528420705,-0.6591596058626186,0.6591596058626186,7
scGen,Responder,scGen,scGen,generated_expression_baseline,RAC2,1.8559033274619887,1.5675365218006754,-0.2883668056613138,0.2883668056613138,10
scGen,Responder,scGen,scGen,generated_expression_baseline,RAN,1.6595261045911314,1.0632237708312762,-0.5963023337598552,0.5963023337598552,9
scGen,Responder,scGen,scGen,generated_expression_baseline,RANBP2,1.4451205684108666,0.9517603896574836,-0.4933601787533829,0.4933601787533829,7
scGen,Responder,scGen,scGen,generated_expression_baseline,RAP1B,1.4596233205860485,0.9536428210759418,-0.5059804995101065,0.5059804995101065,7
scGen,Responder,scGen,scGen,generated_expression_baseline,RASGEF1B,1.5316558651611252,0.9016395255696826,-0.6300163395914425,0.6300163395914425,7
scGen,Responder,scGen,scGen,generated_expression_baseline,RBBP4,1.3147633758799084,0.6571865276187465,-0.6575768482611619,0.6575768482611619,5
scGen,Responder,scGen,scGen,generated_expression_baseline,RBBP7,0.9612269681343498,0.7360774308326153,-0.2251495373017344,0.2251495373017344,2
scGen,Responder,scGen,scGen,generated_expression_baseline,RBM17,1.1407153190714088,0.7668372770019447,-0.373878042069464,0.373878042069464,4
scGen,Responder,scGen,scGen,generated_expression_baseline,RBM3,1.6064478962237725,1.1486260830498116,-0.4578218131739606,0.4578218131739606,8
scGen,Responder,scGen,scGen,generated_expression_baseline,RBM6,1.7655388808544,1.4384489445779602,-0.3270899362764397,0.3270899362764397,9
scGen,Responder,scGen,scGen,generated_expression_baseline,RBM8A,1.6445264002817872,1.0311919249908692,-0.613334475290918,0.613334475290918,8
scGen,Responder,scGen,scGen,generated_expression_baseline,RBMX,1.654618114593888,1.125302862468593,-0.5293152521252948,0.5293152521252948,8
scGen,Responder,scGen,scGen,generated_expression_baseline,RBPJ,1.4537988090662168,0.9002505978156224,-0.5535482112505944,0.5535482112505944,7
scGen,Responder,scGen,scGen,generated_expression_baseline,RBX1,0.9452879510694292,0.6554161902617723,-0.289871760807657,0.289871760807657,2
scGen,Responder,scGen,scGen,generated_expression_baseline,REEP5,1.2406774187055982,0.7131492803523357,-0.5275281383532625,0.5275281383532625,5
scGen,Responder,scGen,scGen,generated_expression_baseline,REL,1.3919846808344287,0.7825997818587705,-0.6093848989756582,0.6093848989756582,6
scGen,Responder,scGen,scGen,generated_expression_baseline,RGPD5,1.6280345996590824,1.0498349696479752,-0.5781996300111072,0.5781996300111072,8
scGen,Responder,scGen,scGen,generated_expression_baseline,RGS1,2.216299426068491,1.6241985709966509,-0.5921008550718403,0.5921008550718403,10
scGen,Responder,scGen,scGen,generated_expression_baseline,RGS10,0.9038063167416877,0.7550134526511268,-0.1487928640905608,0.1487928640905608,2
scGen,Responder,scGen,scGen,generated_expression_baseline,RGS19,0.6879682009338819,0.5488807265190306,-0.1390874744148512,0.1390874744148512,1
scGen,Responder,scGen,scGen,generated_expression_baseline,RGS2,1.7216496625625062,1.0930460269159703,-0.6286036356465359,0.6286036356465359,9
scGen,Responder,scGen,scGen,generated_expression_baseline,RHOA,1.850318655687039,1.3440424643999014,-0.5062761912871376,0.5062761912871376,10
scGen,Responder,scGen,scGen,generated_expression_baseline,RHOC,0.8179968833550204,0.5752668912781752,-0.2427299920768452,0.2427299920768452,1
scGen,Responder,scGen,scGen,generated_expression_baseline,RHOG,1.005677930867954,0.3957519377591319,-0.6099259931088221,0.6099259931088221,2
scGen,Responder,scGen,scGen,generated_expression_baseline,RHOH,1.7176032015073457,1.2285846459344738,-0.4890185555728719,0.4890185555728719,9
scGen,Responder,scGen,scGen,generated_expression_baseline,RNASEK,1.671780009206336,1.138842019322615,-0.532937989883721,0.532937989883721,9
scGen,Responder,scGen,scGen,generated_expression_baseline,RNASET2,1.2406733507422798,0.5159558281435298,-0.72471752259875,0.72471752259875,5
scGen,Responder,scGen,scGen,generated_expression_baseline,RNF149,1.605975296271002,0.8460581245141956,-0.7599171717568063,0.7599171717568063,8
scGen,Responder,scGen,scGen,generated_expression_baseline,RNF181,0.8143097464025211,0.4455259289895319,-0.3687838174129891,0.3687838174129891,1
scGen,Responder,scGen,scGen,generated_expression_baseline,RNF19A,1.760459047182179,1.3954585258119947,-0.3650005213701843,0.3650005213701843,9
scGen,Responder,scGen,scGen,generated_expression_baseline,RNH1,0.98660898432932,0.4654145246590932,-0.5211944596702269,0.5211944596702269,2
scGen,Responder,scGen,scGen,generated_expression_baseline,RNU2-2P,0.758544069994832,0.3469263949057364,-0.4116176750890956,0.4116176750890956,1
scGen,Responder,scGen,scGen,generated_expression_baseline,RP11-138A9.1,1.3817471184213932,0.5620024634539174,-0.8197446549674758,0.8197446549674758,6
scGen,Responder,scGen,scGen,generated_expression_baseline,RP11-138A9.2,1.653838781990638,0.7404354858155705,-0.9134032961750674,0.9134032961750674,8
scGen,Responder,scGen,scGen,generated_expression_baseline,RP11-138I1.4,1.898515502117433,1.4067369195253656,-0.4917785825920673,0.4917785825920673,10
scGen,Responder,scGen,scGen,generated_expression_baseline,RP11-16E23.4,1.2614885330671843,0.7626852901861246,-0.4988032428810597,0.4988032428810597,5
scGen,Responder,scGen,scGen,generated_expression_baseline,RP11-345J4.6,1.6582473487420302,1.231810721954094,-0.4264366267879362,0.4264366267879362,9
scGen,Responder,scGen,scGen,generated_expression_baseline,RP11-386G11.10,1.565707031169201,0.9464532982037962,-0.6192537329654048,0.6192537329654048,8
scGen,Responder,scGen,scGen,generated_expression_baseline,RP11-466H18.1,1.714479353799515,1.2305886575442708,-0.4838906962552445,0.4838906962552445,9
scGen,Responder,scGen,scGen,generated_expression_baseline,RP11-543P15.1,1.245119083559158,0.7825164564573326,-0.4626026271018253,0.4626026271018253,5
scGen,Responder,scGen,scGen,generated_expression_baseline,RP4-583P15.14,1.058046699916906,0.5722222572993799,-0.4858244426175261,0.4858244426175261,3
scGen,Responder,scGen,scGen,generated_expression_baseline,RPL24,2.0407116810384127,1.3695027102117658,-0.6712089708266469,0.6712089708266469,10
scGen,Responder,scGen,scGen,generated_expression_baseline,RPL27,2.1810318568993785,1.629995786427643,-0.5510360704717352,0.5510360704717352,10
scGen,Responder,scGen,scGen,generated_expression_baseline,RPL35,2.092643439426036,1.3660846307408203,-0.7265588086852148,0.7265588086852148,10
scGen,Responder,scGen,scGen,generated_expression_baseline,RPL36A,2.047713295944249,1.3770427746441705,-0.6706705213000781,0.6706705213000781,10
scGen,Responder,scGen,scGen,generated_expression_baseline,RPL36AL,1.7329318504509028,1.022894090243264,-0.7100377602076389,0.7100377602076389,9
scGen,Responder,scGen,scGen,generated_expression_baseline,RPL37,2.0098003336225023,1.3352343139044598,-0.6745660197180425,0.6745660197180425,10
scGen,Responder,scGen,scGen,generated_expression_baseline,RPL37A,2.2428781893683216,1.5628783422673074,-0.6799998471010142,0.6799998471010142,10
scGen,Responder,scGen,scGen,generated_expression_baseline,RPL38,2.1276114589448025,1.562571386422217,-0.5650400725225855,0.5650400725225855,10
scGen,Responder,scGen,scGen,generated_expression_baseline,RPN1,1.4703982734274297,0.990292143379992,-0.4801061300474377,0.4801061300474377,7
scGen,Responder,scGen,scGen,generated_expression_baseline,RPN2,1.353669778933058,0.8277748499940271,-0.525894928939031,0.525894928939031,6
scGen,Responder,scGen,scGen,generated_expression_baseline,RPS10,2.225263303640693,1.591264309996675,-0.6339989936440185,0.6339989936440185,10
scGen,Responder,scGen,scGen,generated_expression_baseline,RPS2,2.2731346456171044,1.5329441631042613,-0.7401904825128431,0.7401904825128431,10
scGen,Responder,scGen,scGen,generated_expression_baseline,RPS21,1.9527694692620523,1.27237552216061,-0.6803939471014426,0.6803939471014426,10
scGen,Responder,scGen,scGen,generated_expression_baseline,RPS4Y1,1.047286334539982,0.8764542492995689,-0.1708320852404131,0.1708320852404131,3
scGen,Responder,scGen,scGen,generated_expression_baseline,RPS5,2.2651656928324617,1.6057664049013616,-0.6593992879311001,0.6593992879311001,10
scGen,Responder,scGen,scGen,generated_expression_baseline,RSL1D1,1.3604509040588928,0.8330611187278699,-0.5273897853310229,0.5273897853310229,6
scGen,Responder,scGen,scGen,generated_expression_baseline,S100A10,1.2825186955049608,0.7806495541145084,-0.5018691413904524,0.5018691413904524,5
scGen,Responder,scGen,scGen,generated_expression_baseline,S100A11,1.2354147482595943,0.9983461009003612,-0.2370686473592334,0.2370686473592334,4
scGen,Responder,scGen,scGen,generated_expression_baseline,S100A4,1.512511551013184,1.1188979855360814,-0.3936135654771024,0.3936135654771024,7
scGen,Responder,scGen,scGen,generated_expression_baseline,S100A6,1.4253908299517042,0.9078867944137654,-0.5175040355379388,0.5175040355379388,7
scGen,Responder,scGen,scGen,generated_expression_baseline,SAMD3,0.6809996313790915,0.6307735396923394,-0.050226091686752,0.050226091686752,1
scGen,Responder,scGen,scGen,generated_expression_baseline,SAMHD1,0.8048277082549571,0.3658893301078825,-0.4389383781470746,0.4389383781470746,1
scGen,Responder,scGen,scGen,generated_expression_baseline,SAMSN1,1.6317384386681506,0.8704858078201226,-0.761252630848028,0.761252630848028,8
scGen,Responder,scGen,scGen,generated_expression_baseline,SAP18,1.4806845550010628,0.7783217851303578,-0.702362769870705,0.702362769870705,7
scGen,Responder,scGen,scGen,generated_expression_baseline,SAP30BP,1.1082350180897644,0.50524535828632,-0.6029896598034444,0.6029896598034444,3
scGen,Responder,scGen,scGen,generated_expression_baseline,SAR1A,1.346811758496713,0.8864686719182743,-0.4603430865784387,0.4603430865784387,6
scGen,Responder,scGen,scGen,generated_expression_baseline,SASH3,1.205698814532821,0.8715685078564701,-0.3341303066763506,0.3341303066763506,4
scGen,Responder,scGen,scGen,generated_expression_baseline,SAT1,2.034329893571601,1.4308814119021125,-0.6034484816694887,0.6034484816694887,10
scGen,Responder,scGen,scGen,generated_expression_baseline,SDCBP,1.3287053589556688,0.9013771930680466,-0.4273281658876221,0.4273281658876221,6
scGen,Responder,scGen,scGen,generated_expression_baseline,SDHB,0.9309893989290146,0.4053073641663142,-0.5256820347627003,0.5256820347627003,2
scGen,Responder,scGen,scGen,generated_expression_baseline,SDHC,0.8490663171740858,0.3998896098424986,-0.4491767073315871,0.4491767073315871,1
scGen,Responder,scGen,scGen,generated_expression_baseline,SEC11C,1.0616106771066396,0.501687483128355,-0.5599231939782846,0.5599231939782846,3
scGen,Responder,scGen,scGen,generated_expression_baseline,SEC13,1.0303460356231935,0.5395930968632152,-0.4907529387599785,0.4907529387599785,2
scGen,Responder,scGen,scGen,generated_expression_baseline,SEC61A1,1.342732746723147,0.5201895225769543,-0.8225432241461924,0.8225432241461924,6
scGen,Responder,scGen,scGen,generated_expression_baseline,SEC61B,1.288805336520588,0.6907755016008496,-0.5980298349197385,0.5980298349197385,5
scGen,Responder,scGen,scGen,generated_expression_baseline,SEC61G,0.94533294765402,0.4124365128831,-0.53289643477092,0.53289643477092,2
scGen,Responder,scGen,scGen,generated_expression_baseline,SEC62,1.5236537556323086,0.6879674149598337,-0.8356863406724749,0.8356863406724749,7
scGen,Responder,scGen,scGen,generated_expression_baseline,SEL1L3,1.024227736249152,0.6005597932831693,-0.4236679429659825,0.4236679429659825,2
scGen,Responder,scGen,scGen,generated_expression_baseline,SELL,0.9075348218519848,0.4908259962998608,-0.4167088255521239,0.4167088255521239,2
scGen,Responder,scGen,scGen,generated_expression_baseline,SELPLG,1.2649221881268295,0.7141147839372083,-0.5508074041896213,0.5508074041896213,5
scGen,Responder,scGen,scGen,generated_expression_baseline,SERBP1,1.3697158056367804,0.8161379466728752,-0.5535778589639052,0.5535778589639052,6
scGen,Responder,scGen,scGen,generated_expression_baseline,SERF2,2.010700336039698,1.5152387567802414,-0.4954615792594568,0.4954615792594568,10
scGen,Responder,scGen,scGen,generated_expression_baseline,SERP1,1.5884763415611214,0.8144174260018642,-0.7740589155592572,0.7740589155592572,8
scGen,Responder,scGen,scGen,generated_expression_baseline,SERPINB1,0.8411436679747502,0.5209809636363192,-0.3201627043384309,0.3201627043384309,1
scGen,Responder,scGen,scGen,generated_expression_baseline,SERPINB9,1.682574668629125,1.0814581771769105,-0.6011164914522145,0.6011164914522145,9
scGen,Responder,scGen,scGen,generated_expression_baseline,SF1,1.5529105858677967,1.0158192150431042,-0.5370913708246925,0.5370913708246925,8
scGen,Responder,scGen,scGen,generated_expression_baseline,SF3B5,0.8950447828390014,0.4586650015483333,-0.436379781290668,0.436379781290668,1
scGen,Responder,scGen,scGen,generated_expression_baseline,SFPQ,1.5432171321712715,0.8192410656279009,-0.7239760665433707,0.7239760665433707,7
scGen,Responder,scGen,scGen,generated_expression_baseline,SFT2D1,0.9548811496046844,0.48237259968288,-0.4725085499218045,0.4725085499218045,2
scGen,Responder,scGen,scGen,generated_expression_baseline,SFT2D2,0.9241579535111134,0.5059975789585485,-0.4181603745525649,0.4181603745525649,2
scGen,Responder,scGen,scGen,generated_expression_baseline,SGSM3,0.9519410475005068,0.6191122080490992,-0.3328288394514075,0.3328288394514075,2
scGen,Responder,scGen,scGen,generated_expression_baseline,SH2D2A,1.322111007513333,0.956871079607052,-0.3652399279062812,0.3652399279062812,5
scGen,Responder,scGen,scGen,generated_expression_baseline,SH3BGRL,1.246444888842524,0.8351155253486807,-0.4113293634938432,0.4113293634938432,5
scGen,Responder,scGen,scGen,generated_expression_baseline,SIVA1,0.9814993043995048,0.4486781158603043,-0.5328211885392005,0.5328211885392005,2
scGen,Responder,scGen,scGen,generated_expression_baseline,SKAP1,1.2892201580236846,0.8440750183009574,-0.4451451397227272,0.4451451397227272,5
scGen,Responder,scGen,scGen,generated_expression_baseline,SKIL,1.4502367635882272,0.7604030331364116,-0.6898337304518156,0.6898337304518156,7
scGen,Responder,scGen,scGen,generated_expression_baseline,SKP1,1.8997268122483608,1.297135530992103,-0.6025912812562577,0.6025912812562577,10
scGen,Responder,scGen,scGen,generated_expression_baseline,SLA,1.647227162760457,1.1887050364535856,-0.4585221263068717,0.4585221263068717,8
scGen,Responder,scGen,scGen,generated_expression_baseline,SLA2,0.929526493498207,0.7160528176236536,-0.2134736758745534,0.2134736758745534,2
scGen,Responder,scGen,scGen,generated_expression_baseline,SLAMF7,1.136243924783476,0.6102465489853572,-0.5259973757981189,0.5259973757981189,3
scGen,Responder,scGen,scGen,generated_expression_baseline,SLC20A1,1.2980143707796958,0.7165689076699202,-0.5814454631097756,0.5814454631097756,5
scGen,Responder,scGen,scGen,generated_expression_baseline,SLC25A3,1.795149709775302,1.2355488589638022,-0.5596008508114998,0.5596008508114998,9
scGen,Responder,scGen,scGen,generated_expression_baseline,SLC25A5,1.702580527638346,1.145812438413513,-0.556768089224833,0.556768089224833,9
scGen,Responder,scGen,scGen,generated_expression_baseline,SLC2A3,1.855647264098972,1.0044253493647546,-0.8512219147342175,0.8512219147342175,10
scGen,Responder,scGen,scGen,generated_expression_baseline,SLC38A1,1.696380034002972,1.201393829335668,-0.4949862046673041,0.4949862046673041,9
scGen,Responder,scGen,scGen,generated_expression_baseline,SLC38A2,1.705124225773209,0.9973204822209276,-0.7078037435522814,0.7078037435522814,9
scGen,Responder,scGen,scGen,generated_expression_baseline,SLC3A2,1.3577656136369185,0.8493004639404681,-0.5084651496964502,0.5084651496964502,6
scGen,Responder,scGen,scGen,generated_expression_baseline,SLC44A2,1.1210033828311103,0.8020825736977703,-0.3189208091333401,0.3189208091333401,3
scGen,Responder,scGen,scGen,generated_expression_baseline,SNAP23,1.0893758318807143,0.5987082118644292,-0.490667620016285,0.490667620016285,3
scGen,Responder,scGen,scGen,generated_expression_baseline,SND1,1.233930800360439,0.5192957913218774,-0.7146350090385616,0.7146350090385616,4
scGen,Responder,scGen,scGen,generated_expression_baseline,SNHG1,1.5455012606853409,0.6619194583922857,-0.8835818022930552,0.8835818022930552,8
scGen,Responder,scGen,scGen,generated_expression_baseline,SNHG12,1.4386320924433418,0.6224558313308055,-0.8161762611125363,0.8161762611125363,7
scGen,Responder,scGen,scGen,generated_expression_baseline,SNHG15,0.9490905323339492,0.3753518912070157,-0.5737386411269334,0.5737386411269334,2
scGen,Responder,scGen,scGen,generated_expression_baseline,SNHG5,1.6167461640566578,1.008620382089462,-0.6081257819671959,0.6081257819671959,8
scGen,Responder,scGen,scGen,generated_expression_baseline,SNHG8,1.3396176415299137,0.6349649722810913,-0.7046526692488224,0.7046526692488224,6
scGen,Responder,scGen,scGen,generated_expression_baseline,SNORD3A,0.9019635471584296,0.3848055843646317,-0.5171579627937981,0.5171579627937981,1
scGen,Responder,scGen,scGen,generated_expression_baseline,SNRPB,1.4713422167859913,1.048759443932871,-0.4225827728531206,0.4225827728531206,7
scGen,Responder,scGen,scGen,generated_expression_baseline,SNRPD2,1.3761917321492971,0.8207438733113247,-0.5554478588379724,0.5554478588379724,6
scGen,Responder,scGen,scGen,generated_expression_baseline,SNRPG,1.083239084536633,0.516809505301875,-0.5664295792347581,0.5664295792347581,3
scGen,Responder,scGen,scGen,generated_expression_baseline,SNX17,1.0687903045431153,0.6643786933130577,-0.4044116112300576,0.4044116112300576,3
scGen,Responder,scGen,scGen,generated_expression_baseline,SNX2,0.8776702768049672,0.4281376865076098,-0.4495325902973573,0.4495325902973573,1
scGen,Responder,scGen,scGen,generated_expression_baseline,SOD1,1.6921969589402388,1.197863727304511,-0.4943332316357278,0.4943332316357278,9
scGen,Responder,scGen,scGen,generated_expression_baseline,SOD2,0.9802687905683056,0.487712550008502,-0.4925562405598036,0.4925562405598036,2
scGen,Responder,scGen,scGen,generated_expression_baseline,SP100,1.7266849009123568,1.0043590486540324,-0.7223258522583245,0.7223258522583245,9
scGen,Responder,scGen,scGen,generated_expression_baseline,SP110,1.254458410938647,0.8553466633525364,-0.3991117475861105,0.3991117475861105,5
scGen,Responder,scGen,scGen,generated_expression_baseline,SPCS1,1.3979562331758668,0.7999559221993793,-0.5980003109764875,0.5980003109764875,6
scGen,Responder,scGen,scGen,generated_expression_baseline,SPCS2,1.2967275602597366,0.4203529274515312,-0.8763746328082054,0.8763746328082054,5
scGen,Responder,scGen,scGen,generated_expression_baseline,SPCS2P4,1.1117036403737235,0.4393028477881242,-0.6724007925855993,0.6724007925855993,3
scGen,Responder,scGen,scGen,generated_expression_baseline,SPCS3,1.1863966292113033,0.5516877668767743,-0.634708862334529,0.634708862334529,4
scGen,Responder,scGen,scGen,generated_expression_baseline,SPN,0.8939571119490017,0.4311172590777974,-0.4628398528712042,0.4628398528712042,1
scGen,Responder,scGen,scGen,generated_expression_baseline,SPOCK2,1.350942663770558,1.0572726833095298,-0.2936699804610281,0.2936699804610281,6
scGen,Responder,scGen,scGen,generated_expression_baseline,SQSTM1,1.5438841798234595,0.8069463022563849,-0.7369378775670749,0.7369378775670749,8
scGen,Responder,scGen,scGen,generated_expression_baseline,SRGN,2.2321616510751365,1.8017281265718024,-0.4304335245033339,0.4304335245033339,10
scGen,Responder,scGen,scGen,generated_expression_baseline,SRI,1.044624791654264,0.7042573257663918,-0.3403674658878721,0.3403674658878721,3
scGen,Responder,scGen,scGen,generated_expression_baseline,SRP14,1.8576244885869184,1.3685009629160874,-0.4891235256708313,0.4891235256708313,10
scGen,Responder,scGen,scGen,generated_expression_baseline,SRP9,1.3024417510293052,0.7550541611140021,-0.547387589915303,0.547387589915303,5
scGen,Responder,scGen,scGen,generated_expression_baseline,SRSF1,1.360272260995515,1.0108974953643102,-0.3493747656312045,0.3493747656312045,6
scGen,Responder,scGen,scGen,generated_expression_baseline,SRSF2,1.9924555692058077,1.3213944058372455,-0.6710611633685619,0.6710611633685619,10
scGen,Responder,scGen,scGen,generated_expression_baseline,SRSF5,2.0273334420233007,1.6000142187160018,-0.4273192233072989,0.4273192233072989,10
scGen,Responder,scGen,scGen,generated_expression_baseline,SRSF7,1.9349211216429585,1.3662009670527364,-0.5687201545902221,0.5687201545902221,10
scGen,Responder,scGen,scGen,generated_expression_baseline,SSB,1.142218834519365,0.8251220650966998,-0.317096769422665,0.317096769422665,4
scGen,Responder,scGen,scGen,generated_expression_baseline,SSR1,1.2581193843586838,0.7892698264932752,-0.4688495578654086,0.4688495578654086,5
scGen,Responder,scGen,scGen,generated_expression_baseline,SSR2,1.6341917593181257,0.916575765222027,-0.7176159940960987,0.7176159940960987,8
scGen,Responder,scGen,scGen,generated_expression_baseline,SSR3,1.2503108329466903,0.6048576178969343,-0.6454532150497563,0.6454532150497563,5
scGen,Responder,scGen,scGen,generated_expression_baseline,SSR4,1.5988360475819932,0.915887345524688,-0.6829487020573051,0.6829487020573051,8
scGen,Responder,scGen,scGen,generated_expression_baseline,ST13,1.3305270790390165,0.6886038794145314,-0.6419231996244851,0.6419231996244851,6
scGen,Responder,scGen,scGen,generated_expression_baseline,ST6GAL1,1.262478874324116,0.896508416777095,-0.3659704575470209,0.3659704575470209,5
scGen,Responder,scGen,scGen,generated_expression_baseline,STAT1,1.2307524739963662,1.2297922669419956,-0.0009602070543706,0.0009602070543706,4
scGen,Responder,scGen,scGen,generated_expression_baseline,STAT2,0.9768197668232418,0.6315622471951935,-0.3452575196280483,0.3452575196280483,2
scGen,Responder,scGen,scGen,generated_expression_baseline,STAT4,1.553090704534508,0.8991786324930762,-0.6539120720414318,0.6539120720414318,8
scGen,Responder,scGen,scGen,generated_expression_baseline,STAT6,1.1341733740399813,0.6094446587909575,-0.5247287152490238,0.5247287152490238,3
scGen,Responder,scGen,scGen,generated_expression_baseline,STIP1,1.1258509659888207,0.697770127975212,-0.4280808380136087,0.4280808380136087,3
scGen,Responder,scGen,scGen,generated_expression_baseline,STOM,1.137953658986873,0.754213993947639,-0.383739665039234,0.383739665039234,4
scGen,Responder,scGen,scGen,generated_expression_baseline,STRAP,1.3244871955857236,0.800620259449056,-0.5238669361366676,0.5238669361366676,6
scGen,Responder,scGen,scGen,generated_expression_baseline,STT3A,1.1059109677248815,0.8480131828227787,-0.257897784902103,0.257897784902103,3
scGen,Responder,scGen,scGen,generated_expression_baseline,SUB1,1.6888387588366405,1.1551218496930098,-0.5337169091436305,0.5337169091436305,9
scGen,Responder,scGen,scGen,generated_expression_baseline,SUMO2,1.6967875766673075,1.251271961508128,-0.4455156151591795,0.4455156151591795,9
scGen,Responder,scGen,scGen,generated_expression_baseline,SUPT5H,1.276021000595658,0.6987258252816467,-0.5772951753140113,0.5772951753140113,5
scGen,Responder,scGen,scGen,generated_expression_baseline,SURF4,1.2297700682480563,0.8496447426715151,-0.3801253255765412,0.3801253255765412,4
scGen,Responder,scGen,scGen,generated_expression_baseline,SYNE2,1.448922162226244,1.116686224364021,-0.332235937862223,0.332235937862223,7
scGen,Responder,scGen,scGen,generated_expression_baseline,SYNGR2,1.4091690592763797,0.8313093098882094,-0.5778597493881701,0.5778597493881701,6
scGen,Responder,scGen,scGen,generated_expression_baseline,SYTL3,1.323923095036469,0.6538084828104123,-0.6701146122260571,0.6701146122260571,6
scGen,Responder,scGen,scGen,generated_expression_baseline,TAGAP,1.5457184269276405,0.8140172045122286,-0.7317012224154119,0.7317012224154119,8
scGen,Responder,scGen,scGen,generated_expression_baseline,TAGLN2,1.8297027387999216,1.2644830267800982,-0.5652197120198237,0.5652197120198237,10
scGen,Responder,scGen,scGen,generated_expression_baseline,TALDO1,0.9502190005084528,0.7320049795468485,-0.2182140209616043,0.2182140209616043,2
scGen,Responder,scGen,scGen,generated_expression_baseline,TANK,1.3365618334712064,0.9793317467022448,-0.3572300867689616,0.3572300867689616,6
scGen,Responder,scGen,scGen,generated_expression_baseline,TAOK3,1.0188125426725485,0.4811806540137214,-0.5376318886588269,0.5376318886588269,2
scGen,Responder,scGen,scGen,generated_expression_baseline,TAP1,1.585399320089317,1.0725873212022785,-0.5128119988870385,0.5128119988870385,8
scGen,Responder,scGen,scGen,generated_expression_baseline,TBCB,1.1717825288936567,0.8212496137902301,-0.3505329151034266,0.3505329151034266,4
scGen,Responder,scGen,scGen,generated_expression_baseline,TBCD,1.020303703767406,0.5772874545264929,-0.443016249240913,0.443016249240913,2
scGen,Responder,scGen,scGen,generated_expression_baseline,TCF25,1.4299639319102593,0.9174089243207018,-0.5125550075895575,0.5125550075895575,7
scGen,Responder,scGen,scGen,generated_expression_baseline,TCIRG1,1.3767517383562733,0.7022304541339907,-0.6745212842222826,0.6745212842222826,6
scGen,Responder,scGen,scGen,generated_expression_baseline,TCP1,1.3769253800680832,0.8574879786710518,-0.5194374013970314,0.5194374013970314,6
scGen,Responder,scGen,scGen,generated_expression_baseline,TECR,1.364807625928821,0.8872612343387184,-0.4775463915901029,0.4775463915901029,6
scGen,Responder,scGen,scGen,generated_expression_baseline,TFRC,1.3570513000626323,0.918609030313049,-0.4384422697495833,0.4384422697495833,6
scGen,Responder,scGen,scGen,generated_expression_baseline,TGIF1,1.1360402900198108,0.4342383003828535,-0.7018019896369572,0.7018019896369572,3
scGen,Responder,scGen,scGen,generated_expression_baseline,TIGIT,1.1347567759518529,0.858548516908694,-0.2762082590431588,0.2762082590431588,3
scGen,Responder,scGen,scGen,generated_expression_baseline,TKT,0.9160797864584151,0.5231813626904388,-0.3928984237679764,0.3928984237679764,2
scGen,Responder,scGen,scGen,generated_expression_baseline,TM9SF2,1.1410202010707622,0.6424236673829123,-0.4985965336878498,0.4985965336878498,4
scGen,Responder,scGen,scGen,generated_expression_baseline,TMA7,1.7425195864918244,1.2022245017546185,-0.5402950847372059,0.5402950847372059,9
scGen,Responder,scGen,scGen,generated_expression_baseline,TMBIM6,1.8057959986582404,1.2189468555278014,-0.586849143130439,0.586849143130439,9
scGen,Responder,scGen,scGen,generated_expression_baseline,TMC6,1.524534821297613,0.9334097182777198,-0.5911251030198933,0.5911251030198933,7
scGen,Responder,scGen,scGen,generated_expression_baseline,TMED10,1.3225927721154578,0.8500325831859524,-0.4725601889295053,0.4725601889295053,5
scGen,Responder,scGen,scGen,generated_expression_baseline,TMED2,1.2779533532475995,0.7209579849296729,-0.5569953683179266,0.5569953683179266,5
scGen,Responder,scGen,scGen,generated_expression_baseline,TMED9,0.9403106424508528,0.4719224153809251,-0.4683882270699278,0.4683882270699278,2
scGen,Responder,scGen,scGen,generated_expression_baseline,TMEM109,1.047072429741761,0.5105702458629563,-0.5365021838788048,0.5365021838788048,3
scGen,Responder,scGen,scGen,generated_expression_baseline,TMEM123,1.1368421661261372,0.5332881510114434,-0.6035540151146938,0.6035540151146938,4
scGen,Responder,scGen,scGen,generated_expression_baseline,TMEM179B,0.8312291553672594,0.3546792152381289,-0.4765499401291305,0.4765499401291305,1
scGen,Responder,scGen,scGen,generated_expression_baseline,TMEM219,1.0505198468872536,0.3499408863928561,-0.7005789604943975,0.7005789604943975,3
scGen,Responder,scGen,scGen,generated_expression_baseline,TMEM258,1.0590915870165016,0.5483663677507997,-0.5107252192657019,0.5107252192657019,3
scGen,Responder,scGen,scGen,generated_expression_baseline,TMEM59,1.548649794441385,0.8538077781438442,-0.6948420162975408,0.6948420162975408,8
scGen,Responder,scGen,scGen,generated_expression_baseline,TNFAIP3,2.173837444394554,1.608272566334631,-0.565564878059923,0.565564878059923,10
scGen,Responder,scGen,scGen,generated_expression_baseline,TNFAIP8,1.002245803887544,0.4181357068182647,-0.5841100970692794,0.5841100970692794,2
scGen,Responder,scGen,scGen,generated_expression_baseline,TNFRSF1B,1.409363114523289,0.8493317409693958,-0.5600313735538932,0.5600313735538932,6
scGen,Responder,scGen,scGen,generated_expression_baseline,TOB1,1.7821776793769442,1.032827594152352,-0.749350085224592,0.749350085224592,9
scGen,Responder,scGen,scGen,generated_expression_baseline,TOMM7,1.628002315944674,0.9089164475218088,-0.7190858684228653,0.7190858684228653,8
scGen,Responder,scGen,scGen,generated_expression_baseline,TOX,0.9570262567258444,0.6066947128784583,-0.3503315438473859,0.3503315438473859,2
scGen,Responder,scGen,scGen,generated_expression_baseline,TPI1,1.7374497235071569,1.179031551678137,-0.5584181718290198,0.5584181718290198,9
scGen,Responder,scGen,scGen,generated_expression_baseline,TPM3,1.906231681815008,1.534472189266775,-0.371759492548233,0.371759492548233,10
scGen,Responder,scGen,scGen,generated_expression_baseline,TPM4,1.3236400583548165,0.8317059880879337,-0.4919340702668827,0.4919340702668827,5
scGen,Responder,scGen,scGen,generated_expression_baseline,TPP1,1.3767986390865627,0.934140969388078,-0.4426576696984846,0.4426576696984846,6
scGen,Responder,scGen,scGen,generated_expression_baseline,TRA2B,1.4839066711089557,0.7845361076603444,-0.699370563448611,0.699370563448611,7
scGen,Responder,scGen,scGen,generated_expression_baseline,TRAC,1.9010084413230803,1.6346123422171033,-0.266396099105977,0.266396099105977,10
scGen,Responder,scGen,scGen,generated_expression_baseline,TRAF3IP3,1.3164786115660396,0.7919224750854198,-0.5245561364806198,0.5245561364806198,5
scGen,Responder,scGen,scGen,generated_expression_baseline,TRAM1,1.30604700295709,0.8377777370711379,-0.4682692658859522,0.4682692658859522,5
scGen,Responder,scGen,scGen,generated_expression_baseline,TRBC2,2.232452663418626,2.0434345606880844,-0.1890181027305417,0.1890181027305417,10
scGen,Responder,scGen,scGen,generated_expression_baseline,TRIM22,1.381383234701584,0.9809586030980244,-0.4004246316035597,0.4004246316035597,6
scGen,Responder,scGen,scGen,generated_expression_baseline,TRMT112,1.439764247198723,0.87207662059337,-0.5676876266053533,0.5676876266053533,7
scGen,Responder,scGen,scGen,generated_expression_baseline,TSC22D3,2.2640592788910405,1.5699880900936003,-0.6940711887974402,0.6940711887974402,10
scGen,Responder,scGen,scGen,generated_expression_baseline,TSPO,1.2525492176465802,0.79283597883362,-0.4597132388129602,0.4597132388129602,5
scGen,Responder,scGen,scGen,generated_expression_baseline,TSPYL2,1.6100491897098266,0.8022912838210637,-0.8077579058887628,0.8077579058887628,8
scGen,Responder,scGen,scGen,generated_expression_baseline,TTC3,1.2685302851724614,0.5321119064066572,-0.7364183787658042,0.7364183787658042,5
scGen,Responder,scGen,scGen,generated_expression_baseline,TUBA1A,1.5031255310072784,1.0874911911833556,-0.4156343398239228,0.4156343398239228,7
scGen,Responder,scGen,scGen,generated_expression_baseline,TUBA1B,1.7373531056333449,1.1759134261309183,-0.5614396795024266,0.5614396795024266,9
scGen,Responder,scGen,scGen,generated_expression_baseline,TUBA4A,1.7170949649689575,0.9276196585677892,-0.7894753064011683,0.7894753064011683,9
scGen,Responder,scGen,scGen,generated_expression_baseline,TUBB,1.2251374911223116,0.8922600725908681,-0.3328774185314435,0.3328774185314435,4
scGen,Responder,scGen,scGen,generated_expression_baseline,TUBB4B,1.5055232869887183,0.8319240733777327,-0.6735992136109856,0.6735992136109856,7
scGen,Responder,scGen,scGen,generated_expression_baseline,TWF2,0.8819616263026033,0.5783172650218454,-0.3036443612807579,0.3036443612807579,1
scGen,Responder,scGen,scGen,generated_expression_baseline,TXN,0.9223403437561194,0.4397508924556338,-0.4825894513004855,0.4825894513004855,2
scGen,Responder,scGen,scGen,generated_expression_baseline,TXNIP,1.796185125889916,1.0969711567435243,-0.6992139691463914,0.6992139691463914,9
scGen,Responder,scGen,scGen,generated_expression_baseline,TYMP,0.7817564251135715,0.4295255675945548,-0.3522308575190166,0.3522308575190166,1
scGen,Responder,scGen,scGen,generated_expression_baseline,U2AF1,1.544058210231298,1.018670643832997,-0.525387566398301,0.525387566398301,8
scGen,Responder,scGen,scGen,generated_expression_baseline,UBB,2.1684508548717063,1.6881699852394998,-0.4802808696322065,0.4802808696322065,10
scGen,Responder,scGen,scGen,generated_expression_baseline,UBE2B,1.456204467484555,1.02181193273055,-0.4343925347540049,0.4343925347540049,7
scGen,Responder,scGen,scGen,generated_expression_baseline,UBE2D3,1.7967830549013404,1.185240083487612,-0.6115429714137284,0.6115429714137284,9
scGen,Responder,scGen,scGen,generated_expression_baseline,UBE2L6,1.2380251608465551,0.8644827581883024,-0.3735424026582529,0.3735424026582529,5
scGen,Responder,scGen,scGen,generated_expression_baseline,UBL5,1.383504204882358,0.5592820071552558,-0.8242221977271023,0.8242221977271023,6
scGen,Responder,scGen,scGen,generated_expression_baseline,UBXN1,1.4569830098784933,0.7693092624526233,-0.68767374742587,0.68767374742587,7
scGen,Responder,scGen,scGen,generated_expression_baseline,UCP2,1.6052707950780547,1.5221175682012602,-0.0831532268767945,0.0831532268767945,8
scGen,Responder,scGen,scGen,generated_expression_baseline,UQCR11,1.1989272878955377,0.7192962479826289,-0.4796310399129088,0.4796310399129088,4
scGen,Responder,scGen,scGen,generated_expression_baseline,UQCRB,1.3688524824223849,0.7264584026803407,-0.642394079742044,0.642394079742044,6
scGen,Responder,scGen,scGen,generated_expression_baseline,UQCRC1,1.1206614844364402,0.5873072374910518,-0.5333542469453884,0.5333542469453884,3
scGen,Responder,scGen,scGen,generated_expression_baseline,UQCRH,1.308780167163786,0.7518959276530244,-0.5568842395107616,0.5568842395107616,5
scGen,Responder,scGen,scGen,generated_expression_baseline,UQCRQ,1.2753119638258943,0.6845187848825325,-0.590793178943362,0.590793178943362,5
scGen,Responder,scGen,scGen,generated_expression_baseline,USP11,1.2963547496461616,0.7153789376669933,-0.5809758119791683,0.5809758119791683,5
scGen,Responder,scGen,scGen,generated_expression_baseline,USP15,1.2449075045008713,0.8152625544410047,-0.4296449500598666,0.4296449500598666,5
scGen,Responder,scGen,scGen,generated_expression_baseline,USP36,1.448720832412166,0.69623094194188,-0.7524898904702859,0.7524898904702859,7
scGen,Responder,scGen,scGen,generated_expression_baseline,VAMP5,0.6673227054337105,0.3931623122793966,-0.2741603931543139,0.2741603931543139,1
scGen,Responder,scGen,scGen,generated_expression_baseline,VAMP8,1.1225800277917375,0.5121643281351146,-0.6104156996566231,0.6104156996566231,3
scGen,Responder,scGen,scGen,generated_expression_baseline,VAPA,1.282589040345251,0.792839821838064,-0.4897492185071866,0.4897492185071866,5
scGen,Responder,scGen,scGen,generated_expression_baseline,VDAC2,1.1813447256661855,0.7504623016777927,-0.4308824239883928,0.4308824239883928,4
scGen,Responder,scGen,scGen,generated_expression_baseline,VIM,1.807517909909326,1.353213475315452,-0.4543044345938742,0.4543044345938742,10
scGen,Responder,scGen,scGen,generated_expression_baseline,VMP1,1.492287081346256,1.2176345699605948,-0.2746525113856612,0.2746525113856612,7
scGen,Responder,scGen,scGen,generated_expression_baseline,VPS29,1.1137614006427918,0.6386537827700983,-0.4751076178726935,0.4751076178726935,3
scGen,Responder,scGen,scGen,generated_expression_baseline,WDR1,1.316882689417871,1.0431230693334503,-0.2737596200844203,0.2737596200844203,5
scGen,Responder,scGen,scGen,generated_expression_baseline,WSB1,1.5101395591636346,0.9028937172548812,-0.6072458419087535,0.6072458419087535,7
scGen,Responder,scGen,scGen,generated_expression_baseline,XAF1,0.8439666426849446,0.7555009938584671,-0.0884656488264774,0.0884656488264774,1
scGen,Responder,scGen,scGen,generated_expression_baseline,XIST,0.77205377795371,0.3946712598831549,-0.377382518070555,0.377382518070555,1
scGen,Responder,scGen,scGen,generated_expression_baseline,XRCC6,1.5534384747034164,1.1593917100594138,-0.3940467646440027,0.3940467646440027,8
scGen,Responder,scGen,scGen,generated_expression_baseline,YPEL5,1.918162507813008,1.2208510112385496,-0.6973114965744587,0.6973114965744587,10
scGen,Responder,scGen,scGen,generated_expression_baseline,YWHAB,1.7131996324106304,1.0839892248754976,-0.6292104075351328,0.6292104075351328,9
scGen,Responder,scGen,scGen,generated_expression_baseline,YWHAE,1.4850571379299706,1.0626385888603225,-0.4224185490696484,0.4224185490696484,7
scGen,Responder,scGen,scGen,generated_expression_baseline,YWHAQ,1.2910701510133271,0.886661717506422,-0.4044084335069051,0.4044084335069051,5
scGen,Responder,scGen,scGen,generated_expression_baseline,ZAP70,1.5034819939800124,1.1915625614297762,-0.3119194325502361,0.3119194325502361,7
scGen,Responder,scGen,scGen,generated_expression_baseline,ZEB2,1.1665562950896606,0.5214858881803134,-0.6450704069093472,0.6450704069093472,4
scGen,Responder,scGen,scGen,generated_expression_baseline,ZFAND5,1.4180386933231397,0.6978363835793117,-0.7202023097438278,0.7202023097438278,6
scGen,Responder,scGen,scGen,generated_expression_baseline,ZFAS1,1.5164201824222778,0.7534534355071707,-0.7629667469151071,0.7629667469151071,7
scGen,Responder,scGen,scGen,generated_expression_baseline,ZFP36L1,1.951855280951169,1.233154399762601,-0.7187008811885673,0.7187008811885673,10
scGen,Responder,scGen,scGen,generated_expression_baseline,ZFP36L2,1.898367914979016,1.1065904016812678,-0.7917775132977478,0.7917775132977478,10
scGen,Responder,scGen,scGen,generated_expression_baseline,ZNF331,1.8281581879058355,1.418003616325958,-0.4101545715798775,0.4101545715798775,10
scGen,Responder,scGen,scGen,generated_expression_baseline,ZNF706,1.2929761839633982,0.7023910243096599,-0.5905851596537383,0.5905851596537383,5
scGen,Responder,scGen,scGen,generated_expression_baseline,ZYX,0.9078187722200252,0.6583435243256229,-0.2494752478944022,0.2494752478944022,2
CellRank_terminal_proxy,Responder,CellRank,CellRank†,pre_only_fate_weighted_terminal_state_expression_proxy,ACAA1,0.9119602740882634,1.1416856465491032,0.2297253724608398,0.2297253724608398,2
CellRank_terminal_proxy,Responder,CellRank,CellRank†,pre_only_fate_weighted_terminal_state_expression_proxy,ACADVL,1.3251737557369676,1.689156353987208,0.3639825982502402,0.3639825982502402,6
CellRank_terminal_proxy,Responder,CellRank,CellRank†,pre_only_fate_weighted_terminal_state_expression_proxy,ACAP1,1.6104859732610497,1.280743029682471,-0.329742943578579,0.329742943578579,8
CellRank_terminal_proxy,Responder,CellRank,CellRank†,pre_only_fate_weighted_terminal_state_expression_proxy,ACTN4,1.1139056241334653,0.8486486868776808,-0.2652569372557845,0.2652569372557845,3
CellRank_terminal_proxy,Responder,CellRank,CellRank†,pre_only_fate_weighted_terminal_state_expression_proxy,ACTR3,1.4703214861035927,1.4891733586042222,0.0188518725006294,0.0188518725006294,7
CellRank_terminal_proxy,Responder,CellRank,CellRank†,pre_only_fate_weighted_terminal_state_expression_proxy,ADAM19,1.0060599539522468,1.530157236800748,0.5240972828485011,0.5240972828485011,2
CellRank_terminal_proxy,Responder,CellRank,CellRank†,pre_only_fate_weighted_terminal_state_expression_proxy,ADPGK,1.1083027962714755,1.5215801721063815,0.4132773758349062,0.4132773758349062,3
CellRank_terminal_proxy,Responder,CellRank,CellRank†,pre_only_fate_weighted_terminal_state_expression_proxy,ADRM1,1.1183631351987278,1.512665869479491,0.3943027342807632,0.3943027342807632,3
CellRank_terminal_proxy,Responder,CellRank,CellRank†,pre_only_fate_weighted_terminal_state_expression_proxy,AHNAK,1.625131900189685,1.3951341038622054,-0.2299977963274795,0.2299977963274795,8
CellRank_terminal_proxy,Responder,CellRank,CellRank†,pre_only_fate_weighted_terminal_state_expression_proxy,AHSA1,1.2624908254186489,1.308518592742555,0.0460277673239062,0.0460277673239062,5
CellRank_terminal_proxy,Responder,CellRank,CellRank†,pre_only_fate_weighted_terminal_state_expression_proxy,AKAP13,1.831422284549307,1.6678767343668996,-0.163545550182407,0.163545550182407,10
CellRank_terminal_proxy,Responder,CellRank,CellRank†,pre_only_fate_weighted_terminal_state_expression_proxy,AKAP9,1.4113660583727694,1.3129700714373649,-0.0983959869354047,0.0983959869354047,6
CellRank_terminal_proxy,Responder,CellRank,CellRank†,pre_only_fate_weighted_terminal_state_expression_proxy,AKNA,1.5346652328814685,0.8036982801817548,-0.7309669526997135,0.7309669526997135,7
CellRank_terminal_proxy,Responder,CellRank,CellRank†,pre_only_fate_weighted_terminal_state_expression_proxy,AKR1A1,0.8226244927143551,1.2514658251580764,0.4288413324437212,0.4288413324437212,1
CellRank_terminal_proxy,Responder,CellRank,CellRank†,pre_only_fate_weighted_terminal_state_expression_proxy,ALDOA,2.002127095146637,2.1161348810876697,0.1140077859410326,0.1140077859410326,10
CellRank_terminal_proxy,Responder,CellRank,CellRank†,pre_only_fate_weighted_terminal_state_expression_proxy,ALOX5AP,1.405952016338776,1.8353680249371929,0.4294160085984166,0.4294160085984166,6
CellRank_terminal_proxy,Responder,CellRank,CellRank†,pre_only_fate_weighted_terminal_state_expression_proxy,ANAPC11,0.9212367706477588,1.1129873518040982,0.1917505811563395,0.1917505811563395,2
CellRank_terminal_proxy,Responder,CellRank,CellRank†,pre_only_fate_weighted_terminal_state_expression_proxy,ANKRD36BP1,0.8246833618990767,0.7197842606131762,-0.1048991012859004,0.1048991012859004,1
CellRank_terminal_proxy,Responder,CellRank,CellRank†,pre_only_fate_weighted_terminal_state_expression_proxy,ANXA1,1.525013630876768,1.4004822885851027,-0.1245313422916651,0.1245313422916651,7
CellRank_terminal_proxy,Responder,CellRank,CellRank†,pre_only_fate_weighted_terminal_state_expression_proxy,ANXA2,1.2243727733034957,1.643302217808324,0.4189294445048284,0.4189294445048284,4
CellRank_terminal_proxy,Responder,CellRank,CellRank†,pre_only_fate_weighted_terminal_state_expression_proxy,ANXA5,1.194570887833644,1.720182627178443,0.525611739344799,0.525611739344799,4
CellRank_terminal_proxy,Responder,CellRank,CellRank†,pre_only_fate_weighted_terminal_state_expression_proxy,ANXA6,1.5346384951398684,1.5777548815166362,0.0431163863767678,0.0431163863767678,7
CellRank_terminal_proxy,Responder,CellRank,CellRank†,pre_only_fate_weighted_terminal_state_expression_proxy,AOAH,1.300954887035188,0.7471558969599226,-0.5537989900752656,0.5537989900752656,5
CellRank_terminal_proxy,Responder,CellRank,CellRank†,pre_only_fate_weighted_terminal_state_expression_proxy,AP1G2,1.4548686463257676,1.3707696918909775,-0.0840989544347898,0.0840989544347898,7
CellRank_terminal_proxy,Responder,CellRank,CellRank†,pre_only_fate_weighted_terminal_state_expression_proxy,AP2S1,0.7705707977744005,1.4523213610716972,0.6817505632972967,0.6817505632972967,1
CellRank_terminal_proxy,Responder,CellRank,CellRank†,pre_only_fate_weighted_terminal_state_expression_proxy,APEX1,0.8453715287113743,0.9880715901501942,0.1427000614388198,0.1427000614388198,1
CellRank_terminal_proxy,Responder,CellRank,CellRank†,pre_only_fate_weighted_terminal_state_expression_proxy,APLP2,1.00369389011143,1.8252973334715863,0.8216034433601564,0.8216034433601564,2
CellRank_terminal_proxy,Responder,CellRank,CellRank†,pre_only_fate_weighted_terminal_state_expression_proxy,APMAP,1.116732758944893,0.907669479733881,-0.2090632792110119,0.2090632792110119,3
CellRank_terminal_proxy,Responder,CellRank,CellRank†,pre_only_fate_weighted_terminal_state_expression_proxy,APOBEC3G,1.2839019256289683,0.6775233789429597,-0.6063785466860089,0.6063785466860089,5
CellRank_terminal_proxy,Responder,CellRank,CellRank†,pre_only_fate_weighted_terminal_state_expression_proxy,APRT,1.445393229417488,1.2233806694770386,-0.2220125599404494,0.2220125599404494,7
CellRank_terminal_proxy,Responder,CellRank,CellRank†,pre_only_fate_weighted_terminal_state_expression_proxy,ARF1,1.8062106404871063,1.972497085381261,0.1662864448941543,0.1662864448941543,9
CellRank_terminal_proxy,Responder,CellRank,CellRank†,pre_only_fate_weighted_terminal_state_expression_proxy,ARF4,1.1880638357314148,1.3735549393529465,0.1854911036215314,0.1854911036215314,4
CellRank_terminal_proxy,Responder,CellRank,CellRank†,pre_only_fate_weighted_terminal_state_expression_proxy,ARF5,1.1694238096158187,0.9569349571977824,-0.2124888524180362,0.2124888524180362,4
CellRank_terminal_proxy,Responder,CellRank,CellRank†,pre_only_fate_weighted_terminal_state_expression_proxy,ARHGAP17,0.9018410312031864,1.18305978788341,0.2812187566802234,0.2812187566802234,1
CellRank_terminal_proxy,Responder,CellRank,CellRank†,pre_only_fate_weighted_terminal_state_expression_proxy,ARHGAP4,1.4006103331735955,1.2388419834423618,-0.1617683497312338,0.1617683497312338,6
CellRank_terminal_proxy,Responder,CellRank,CellRank†,pre_only_fate_weighted_terminal_state_expression_proxy,ARHGAP9,1.704795255267435,1.2062252008112777,-0.4985700544561573,0.4985700544561573,9
CellRank_terminal_proxy,Responder,CellRank,CellRank†,pre_only_fate_weighted_terminal_state_expression_proxy,ARHGEF1,1.862194809438673,1.503019788050479,-0.3591750213881945,0.3591750213881945,10
CellRank_terminal_proxy,Responder,CellRank,CellRank†,pre_only_fate_weighted_terminal_state_expression_proxy,ARID4B,1.5571045797909235,1.3225826026627827,-0.2345219771281408,0.2345219771281408,8
CellRank_terminal_proxy,Responder,CellRank,CellRank†,pre_only_fate_weighted_terminal_state_expression_proxy,ARID5A,1.2675468267837668,1.411938049436135,0.1443912226523684,0.1443912226523684,5
CellRank_terminal_proxy,Responder,CellRank,CellRank†,pre_only_fate_weighted_terminal_state_expression_proxy,ARL4C,1.0517929636829435,0.6743473208573324,-0.3774456428256111,0.3774456428256111,3
CellRank_terminal_proxy,Responder,CellRank,CellRank†,pre_only_fate_weighted_terminal_state_expression_proxy,ARL6IP1,1.4654549701711193,1.642886453365394,0.1774314831942747,0.1774314831942747,7
CellRank_terminal_proxy,Responder,CellRank,CellRank†,pre_only_fate_weighted_terminal_state_expression_proxy,ARL6IP4,1.308429734660352,1.27957721511178,-0.028852519548572,0.028852519548572,5
CellRank_terminal_proxy,Responder,CellRank,CellRank†,pre_only_fate_weighted_terminal_state_expression_proxy,ARL6IP5,1.466677910747855,1.2184823340858582,-0.2481955766619967,0.2481955766619967,7
CellRank_terminal_proxy,Responder,CellRank,CellRank†,pre_only_fate_weighted_terminal_state_expression_proxy,ARL8B,0.9354502481488698,1.2259945865175108,0.290544338368641,0.290544338368641,2
CellRank_terminal_proxy,Responder,CellRank,CellRank†,pre_only_fate_weighted_terminal_state_expression_proxy,ARPC1B,1.6539229755573015,1.8358094626857613,0.1818864871284595,0.1818864871284595,8
CellRank_terminal_proxy,Responder,CellRank,CellRank†,pre_only_fate_weighted_terminal_state_expression_proxy,ARPC3,1.7520250447198051,2.037978074572504,0.2859530298526989,0.2859530298526989,9
CellRank_terminal_proxy,Responder,CellRank,CellRank†,pre_only_fate_weighted_terminal_state_expression_proxy,ARPC4,1.6126290553813476,1.849597513928946,0.2369684585475984,0.2369684585475984,8
CellRank_terminal_proxy,Responder,CellRank,CellRank†,pre_only_fate_weighted_terminal_state_expression_proxy,ARPC5,1.3127350455044706,1.5438982600993123,0.2311632145948419,0.2311632145948419,5
CellRank_terminal_proxy,Responder,CellRank,CellRank†,pre_only_fate_weighted_terminal_state_expression_proxy,ATF4,1.5260093707394735,1.26713069313796,-0.2588786776015135,0.2588786776015135,7
CellRank_terminal_proxy,Responder,CellRank,CellRank†,pre_only_fate_weighted_terminal_state_expression_proxy,ATG3,0.9784480333841866,1.4050322556427242,0.4265842222585375,0.4265842222585375,2
CellRank_terminal_proxy,Responder,CellRank,CellRank†,pre_only_fate_weighted_terminal_state_expression_proxy,ATP1B3,1.6181269182443123,1.506707058516458,-0.1114198597278544,0.1114198597278544,8
CellRank_terminal_proxy,Responder,CellRank,CellRank†,pre_only_fate_weighted_terminal_state_expression_proxy,ATP6AP1,0.9319722047646838,1.4746131570953545,0.5426409523306707,0.5426409523306707,2
CellRank_terminal_proxy,Responder,CellRank,CellRank†,pre_only_fate_weighted_terminal_state_expression_proxy,ATP6AP2,1.0637167656334323,1.50707023373684,0.4433534681034075,0.4433534681034075,3
CellRank_terminal_proxy,Responder,CellRank,CellRank†,pre_only_fate_weighted_terminal_state_expression_proxy,ATP6V0B,1.183264208581032,1.728312731377918,0.545048522796886,0.545048522796886,4
CellRank_terminal_proxy,Responder,CellRank,CellRank†,pre_only_fate_weighted_terminal_state_expression_proxy,ATP6V0D1,1.0797245069414323,1.4905031656128571,0.4107786586714248,0.4107786586714248,3
CellRank_terminal_proxy,Responder,CellRank,CellRank†,pre_only_fate_weighted_terminal_state_expression_proxy,ATP6V0E1,1.3937402526633664,1.893685682646722,0.4999454299833556,0.4999454299833556,6
CellRank_terminal_proxy,Responder,CellRank,CellRank†,pre_only_fate_weighted_terminal_state_expression_proxy,ATP6V1B2,0.6803524153635225,1.2590740046123905,0.5787215892488677,0.5787215892488677,1
CellRank_terminal_proxy,Responder,CellRank,CellRank†,pre_only_fate_weighted_terminal_state_expression_proxy,ATP6V1F,0.9924053335101624,1.5007067351056198,0.5083014015954574,0.5083014015954574,2
CellRank_terminal_proxy,Responder,CellRank,CellRank†,pre_only_fate_weighted_terminal_state_expression_proxy,ATP6V1G1,1.3724299062637135,1.5839636434214974,0.2115337371577839,0.2115337371577839,6
CellRank_terminal_proxy,Responder,CellRank,CellRank†,pre_only_fate_weighted_terminal_state_expression_proxy,ATRAID,1.0284939611536814,0.767360307741391,-0.2611336534122904,0.2611336534122904,2
CellRank_terminal_proxy,Responder,CellRank,CellRank†,pre_only_fate_weighted_terminal_state_expression_proxy,B4GALT1,1.5549448310123628,1.7980599010434477,0.2431150700310846,0.2431150700310846,8
CellRank_terminal_proxy,Responder,CellRank,CellRank†,pre_only_fate_weighted_terminal_state_expression_proxy,BCAP31,1.2488965000170875,1.548782078233618,0.2998855782165304,0.2998855782165304,5
CellRank_terminal_proxy,Responder,CellRank,CellRank†,pre_only_fate_weighted_terminal_state_expression_proxy,BCL2L11,1.1177704622099582,1.142444286702374,0.0246738244924156,0.0246738244924156,3
CellRank_terminal_proxy,Responder,CellRank,CellRank†,pre_only_fate_weighted_terminal_state_expression_proxy,BHLHE40,1.0482046722323866,1.107661604992075,0.0594569327596887,0.0594569327596887,3
CellRank_terminal_proxy,Responder,CellRank,CellRank†,pre_only_fate_weighted_terminal_state_expression_proxy,BIN2,1.197649893626527,1.0773234061469583,-0.1203264874795686,0.1203264874795686,4
CellRank_terminal_proxy,Responder,CellRank,CellRank†,pre_only_fate_weighted_terminal_state_expression_proxy,BIRC3,1.7743982721417797,1.5332512130340124,-0.2411470591077671,0.2411470591077671,9
CellRank_terminal_proxy,Responder,CellRank,CellRank†,pre_only_fate_weighted_terminal_state_expression_proxy,BRD2,1.8578360929517812,1.6582005700368658,-0.1996355229149156,0.1996355229149156,10
CellRank_terminal_proxy,Responder,CellRank,CellRank†,pre_only_fate_weighted_terminal_state_expression_proxy,BRK1,1.2360643907083342,1.2832057211383965,0.0471413304300623,0.0471413304300623,4
CellRank_terminal_proxy,Responder,CellRank,CellRank†,pre_only_fate_weighted_terminal_state_expression_proxy,BST2,1.0729966533892967,1.5247737820626293,0.4517771286733325,0.4517771286733325,3
CellRank_terminal_proxy,Responder,CellRank,CellRank†,pre_only_fate_weighted_terminal_state_expression_proxy,BTG1,1.8020223380730207,1.822767022515184,0.0207446844421628,0.0207446844421628,9
CellRank_terminal_proxy,Responder,CellRank,CellRank†,pre_only_fate_weighted_terminal_state_expression_proxy,BTG2,1.6783045661774156,1.834439300557965,0.1561347343805492,0.1561347343805492,9
CellRank_terminal_proxy,Responder,CellRank,CellRank†,pre_only_fate_weighted_terminal_state_expression_proxy,BTN3A2,1.5149520450190457,0.9115565700501286,-0.6033954749689171,0.6033954749689171,7
CellRank_terminal_proxy,Responder,CellRank,CellRank†,pre_only_fate_weighted_terminal_state_expression_proxy,BUD31,1.1615553485427133,1.5488810228811802,0.387325674338467,0.387325674338467,4
CellRank_terminal_proxy,Responder,CellRank,CellRank†,pre_only_fate_weighted_terminal_state_expression_proxy,BZW1,1.33170042299294,1.4955620142006565,0.1638615912077163,0.1638615912077163,6
CellRank_terminal_proxy,Responder,CellRank,CellRank†,pre_only_fate_weighted_terminal_state_expression_proxy,C11orf58,1.5158079919829204,1.7399844492593477,0.2241764572764271,0.2241764572764271,7
CellRank_terminal_proxy,Responder,CellRank,CellRank†,pre_only_fate_weighted_terminal_state_expression_proxy,C17orf49,0.9922256923530208,1.235040860506014,0.2428151681529931,0.2428151681529931,2
CellRank_terminal_proxy,Responder,CellRank,CellRank†,pre_only_fate_weighted_terminal_state_expression_proxy,C19orf53,1.1585795253525677,1.1604650084523054,0.0018854830997379,0.0018854830997379,4
CellRank_terminal_proxy,Responder,CellRank,CellRank†,pre_only_fate_weighted_terminal_state_expression_proxy,C1QBP,1.014040613503315,0.94610356245897,-0.0679370510443451,0.0679370510443451,2
CellRank_terminal_proxy,Responder,CellRank,CellRank†,pre_only_fate_weighted_terminal_state_expression_proxy,C1orf43,1.1226115524511324,1.1651689669889294,0.0425574145377969,0.0425574145377969,3
CellRank_terminal_proxy,Responder,CellRank,CellRank†,pre_only_fate_weighted_terminal_state_expression_proxy,CACYBP,1.1984220282177644,1.1104788896656517,-0.0879431385521127,0.0879431385521127,4
CellRank_terminal_proxy,Responder,CellRank,CellRank†,pre_only_fate_weighted_terminal_state_expression_proxy,CALM2,2.0177144739092325,2.039251263788964,0.0215367898797311,0.0215367898797311,10
CellRank_terminal_proxy,Responder,CellRank,CellRank†,pre_only_fate_weighted_terminal_state_expression_proxy,CANX,1.3503752336568289,1.602509341645572,0.2521341079887433,0.2521341079887433,6
CellRank_terminal_proxy,Responder,CellRank,CellRank†,pre_only_fate_weighted_terminal_state_expression_proxy,CAP1,1.4858210378936585,1.6303608389681286,0.14453980107447,0.14453980107447,7
CellRank_terminal_proxy,Responder,CellRank,CellRank†,pre_only_fate_weighted_terminal_state_expression_proxy,CAPG,0.7778808008922798,1.774235015041555,0.996354214149275,0.996354214149275,1
CellRank_terminal_proxy,Responder,CellRank,CellRank†,pre_only_fate_weighted_terminal_state_expression_proxy,CAPZA2,0.9685341176618364,1.5196132165617628,0.5510790988999263,0.5510790988999263,2
CellRank_terminal_proxy,Responder,CellRank,CellRank†,pre_only_fate_weighted_terminal_state_expression_proxy,CAPZB,1.5741063277732918,1.537676913865616,-0.0364294139076757,0.0364294139076757,8
CellRank_terminal_proxy,Responder,CellRank,CellRank†,pre_only_fate_weighted_terminal_state_expression_proxy,CBLB,1.6531914249502375,0.614056944220443,-1.0391344807297949,1.0391344807297949,8
CellRank_terminal_proxy,Responder,CellRank,CellRank†,pre_only_fate_weighted_terminal_state_expression_proxy,CBX6,1.0515772198538973,0.880349543940467,-0.1712276759134302,0.1712276759134302,3
CellRank_terminal_proxy,Responder,CellRank,CellRank†,pre_only_fate_weighted_terminal_state_expression_proxy,CCL3,0.5293122883525224,1.6278463605903637,1.0985340722378414,1.0985340722378414,1
CellRank_terminal_proxy,Responder,CellRank,CellRank†,pre_only_fate_weighted_terminal_state_expression_proxy,CCL4,1.3938190888977142,1.1525682163349888,-0.2412508725627253,0.2412508725627253,6
CellRank_terminal_proxy,Responder,CellRank,CellRank†,pre_only_fate_weighted_terminal_state_expression_proxy,CCL4L2,0.8179578578362829,0.7544391508176109,-0.063518707018672,0.063518707018672,1
CellRank_terminal_proxy,Responder,CellRank,CellRank†,pre_only_fate_weighted_terminal_state_expression_proxy,CCL5,2.0318017785885374,0.1216139471247334,-1.910187831463804,1.910187831463804,10
CellRank_terminal_proxy,Responder,CellRank,CellRank†,pre_only_fate_weighted_terminal_state_expression_proxy,CCND3,1.5355844124906164,1.0933044179353837,-0.4422799945552327,0.4422799945552327,7
CellRank_terminal_proxy,Responder,CellRank,CellRank†,pre_only_fate_weighted_terminal_state_expression_proxy,CCNH,1.552910798520138,1.1971852423883729,-0.3557255561317651,0.3557255561317651,8
CellRank_terminal_proxy,Responder,CellRank,CellRank†,pre_only_fate_weighted_terminal_state_expression_proxy,CCNL1,1.6729672976086265,1.6233631811520632,-0.049604116456563,0.049604116456563,9
CellRank_terminal_proxy,Responder,CellRank,CellRank†,pre_only_fate_weighted_terminal_state_expression_proxy,CCNL2,1.460499173154531,1.2139756579415468,-0.2465235152129841,0.2465235152129841,7
CellRank_terminal_proxy,Responder,CellRank,CellRank†,pre_only_fate_weighted_terminal_state_expression_proxy,CCR7,0.7993913893860227,1.2208443658595705,0.4214529764735477,0.4214529764735477,1
CellRank_terminal_proxy,Responder,CellRank,CellRank†,pre_only_fate_weighted_terminal_state_expression_proxy,CCT3,1.23359950322754,1.2413917910109402,0.0077922877834002,0.0077922877834002,4
CellRank_terminal_proxy,Responder,CellRank,CellRank†,pre_only_fate_weighted_terminal_state_expression_proxy,CCT4,1.145041972975504,1.3986847490580434,0.2536427760825395,0.2536427760825395,4
CellRank_terminal_proxy,Responder,CellRank,CellRank†,pre_only_fate_weighted_terminal_state_expression_proxy,CCT6A,1.2336249100021983,1.197353429879738,-0.0362714801224606,0.0362714801224606,4
CellRank_terminal_proxy,Responder,CellRank,CellRank†,pre_only_fate_weighted_terminal_state_expression_proxy,CCT8,1.098858355554175,1.3432373797154804,0.244379024161305,0.244379024161305,3
CellRank_terminal_proxy,Responder,CellRank,CellRank†,pre_only_fate_weighted_terminal_state_expression_proxy,CD164,1.3729322781321416,1.7092464721020422,0.3363141939699006,0.3363141939699006,6
CellRank_terminal_proxy,Responder,CellRank,CellRank†,pre_only_fate_weighted_terminal_state_expression_proxy,CD2,1.717811943430067,0.0684883890455745,-1.6493235543844924,1.6493235543844924,9
CellRank_terminal_proxy,Responder,CellRank,CellRank†,pre_only_fate_weighted_terminal_state_expression_proxy,CD247,1.2957974844531677,0.0120336287754783,-1.2837638556776894,1.2837638556776894,5
CellRank_terminal_proxy,Responder,CellRank,CellRank†,pre_only_fate_weighted_terminal_state_expression_proxy,CD27,1.298431124569497,0.4967015854873542,-0.8017295390821428,0.8017295390821428,5
CellRank_terminal_proxy,Responder,CellRank,CellRank†,pre_only_fate_weighted_terminal_state_expression_proxy,CD37,1.77517274818061,2.0128171764554,0.2376444282747898,0.2376444282747898,9
CellRank_terminal_proxy,Responder,CellRank,CellRank†,pre_only_fate_weighted_terminal_state_expression_proxy,CD38,0.7414960422598895,0.5936123290195362,-0.1478837132403533,0.1478837132403533,1
CellRank_terminal_proxy,Responder,CellRank,CellRank†,pre_only_fate_weighted_terminal_state_expression_proxy,CD3D,1.769067636197094,0.0929405164454841,-1.67612711975161,1.67612711975161,9
CellRank_terminal_proxy,Responder,CellRank,CellRank†,pre_only_fate_weighted_terminal_state_expression_proxy,CD3E,1.6533519958756215,0.0567129443277217,-1.5966390515479,1.5966390515479,8
CellRank_terminal_proxy,Responder,CellRank,CellRank†,pre_only_fate_weighted_terminal_state_expression_proxy,CD3G,1.7674371144553944,0.0133894408687995,-1.7540476735865949,1.7540476735865949,9
CellRank_terminal_proxy,Responder,CellRank,CellRank†,pre_only_fate_weighted_terminal_state_expression_proxy,CD4,0.8171765067942995,0.8661858655474504,0.0490093587531508,0.0490093587531508,1
CellRank_terminal_proxy,Responder,CellRank,CellRank†,pre_only_fate_weighted_terminal_state_expression_proxy,CD47,1.5098184438832436,1.7633193793094215,0.2535009354261779,0.2535009354261779,7
CellRank_terminal_proxy,Responder,CellRank,CellRank†,pre_only_fate_weighted_terminal_state_expression_proxy,CD48,1.4236039708236097,1.3350657298498303,-0.0885382409737789,0.0885382409737789,7
CellRank_terminal_proxy,Responder,CellRank,CellRank†,pre_only_fate_weighted_terminal_state_expression_proxy,CD52,1.70394774650471,1.681264750509926,-0.0226829959947838,0.0226829959947838,9
CellRank_terminal_proxy,Responder,CellRank,CellRank†,pre_only_fate_weighted_terminal_state_expression_proxy,CD53,1.797385427650275,1.9366342733839816,0.1392488457337068,0.1392488457337068,9
CellRank_terminal_proxy,Responder,CellRank,CellRank†,pre_only_fate_weighted_terminal_state_expression_proxy,CD55,1.5594998463275245,1.9271485230049648,0.3676486766774405,0.3676486766774405,8
CellRank_terminal_proxy,Responder,CellRank,CellRank†,pre_only_fate_weighted_terminal_state_expression_proxy,CD63,1.2884295490283777,1.7919001524929563,0.5034706034645786,0.5034706034645786,5
CellRank_terminal_proxy,Responder,CellRank,CellRank†,pre_only_fate_weighted_terminal_state_expression_proxy,CD69,1.6016504610806712,1.5906503812907995,-0.0110000797898714,0.0110000797898714,8
CellRank_terminal_proxy,Responder,CellRank,CellRank†,pre_only_fate_weighted_terminal_state_expression_proxy,CD82,1.2073572450425405,1.4106887961506531,0.2033315511081128,0.2033315511081128,4
CellRank_terminal_proxy,Responder,CellRank,CellRank†,pre_only_fate_weighted_terminal_state_expression_proxy,CD83,0.8711470110437203,1.972273084057648,1.1011260730139278,1.1011260730139278,1
CellRank_terminal_proxy,Responder,CellRank,CellRank†,pre_only_fate_weighted_terminal_state_expression_proxy,CD8A,1.6489402748655957,0.0683910215711339,-1.5805492532944616,1.5805492532944616,8
CellRank_terminal_proxy,Responder,CellRank,CellRank†,pre_only_fate_weighted_terminal_state_expression_proxy,CD96,1.5284834794156823,0.0152832436310268,-1.5132002357846557,1.5132002357846557,7
CellRank_terminal_proxy,Responder,CellRank,CellRank†,pre_only_fate_weighted_terminal_state_expression_proxy,CD99,1.5828188622905102,1.4873591597507871,-0.095459702539723,0.095459702539723,8
CellRank_terminal_proxy,Responder,CellRank,CellRank†,pre_only_fate_weighted_terminal_state_expression_proxy,CDC37,1.701128590507566,1.5210169751172156,-0.1801116153903503,0.1801116153903503,9
CellRank_terminal_proxy,Responder,CellRank,CellRank†,pre_only_fate_weighted_terminal_state_expression_proxy,CDC42SE2,1.8285066754659047,1.188639488773733,-0.6398671866921721,0.6398671866921721,10
CellRank_terminal_proxy,Responder,CellRank,CellRank†,pre_only_fate_weighted_terminal_state_expression_proxy,CDK2AP2,1.36581909779312,0.9849137399084452,-0.3809053578846747,0.3809053578846747,6
CellRank_terminal_proxy,Responder,CellRank,CellRank†,pre_only_fate_weighted_terminal_state_expression_proxy,CDKN1A,1.2721764549592185,1.882518825563512,0.6103423706042936,0.6103423706042936,5
CellRank_terminal_proxy,Responder,CellRank,CellRank†,pre_only_fate_weighted_terminal_state_expression_proxy,CFLAR,1.7421552980952657,1.4956877386196246,-0.2464675594756411,0.2464675594756411,9
CellRank_terminal_proxy,Responder,CellRank,CellRank†,pre_only_fate_weighted_terminal_state_expression_proxy,CHCHD2,1.717056406486573,1.7350159915920695,0.0179595851054965,0.0179595851054965,9
CellRank_terminal_proxy,Responder,CellRank,CellRank†,pre_only_fate_weighted_terminal_state_expression_proxy,CHMP1B,1.175816284886808,1.4065910864013131,0.2307748015145052,0.2307748015145052,4
CellRank_terminal_proxy,Responder,CellRank,CellRank†,pre_only_fate_weighted_terminal_state_expression_proxy,CHMP2A,0.8797108956498395,1.139932031470007,0.2602211358201675,0.2602211358201675,1
CellRank_terminal_proxy,Responder,CellRank,CellRank†,pre_only_fate_weighted_terminal_state_expression_proxy,CHORDC1,1.2146513690567748,1.4096848438777851,0.1950334748210103,0.1950334748210103,4
CellRank_terminal_proxy,Responder,CellRank,CellRank†,pre_only_fate_weighted_terminal_state_expression_proxy,CIRBP,1.718395801418472,1.806536595662406,0.0881407942439338,0.0881407942439338,9
CellRank_terminal_proxy,Responder,CellRank,CellRank†,pre_only_fate_weighted_terminal_state_expression_proxy,CKLF,1.0829488648358794,1.0452706317851364,-0.037678233050743,0.037678233050743,3
CellRank_terminal_proxy,Responder,CellRank,CellRank†,pre_only_fate_weighted_terminal_state_expression_proxy,CKS2,1.0919410363183204,1.042509040445405,-0.0494319958729154,0.0494319958729154,3
CellRank_terminal_proxy,Responder,CellRank,CellRank†,pre_only_fate_weighted_terminal_state_expression_proxy,CLDND1,1.4182199753912197,1.120389474516592,-0.2978305008746276,0.2978305008746276,6
CellRank_terminal_proxy,Responder,CellRank,CellRank†,pre_only_fate_weighted_terminal_state_expression_proxy,CLEC2D,1.715334997139872,1.0928818611284203,-0.6224531360114516,0.6224531360114516,9
CellRank_terminal_proxy,Responder,CellRank,CellRank†,pre_only_fate_weighted_terminal_state_expression_proxy,CLIC1,1.7256838533509278,1.9788511624642748,0.253167309113347,0.253167309113347,9
CellRank_terminal_proxy,Responder,CellRank,CellRank†,pre_only_fate_weighted_terminal_state_expression_proxy,CLK1,2.100776956290924,1.8647936809947296,-0.2359832752961943,0.2359832752961943,10
CellRank_terminal_proxy,Responder,CellRank,CellRank†,pre_only_fate_weighted_terminal_state_expression_proxy,CLNS1A,0.9334155949090286,0.9339872796125616,0.000571684703533,0.000571684703533,2
CellRank_terminal_proxy,Responder,CellRank,CellRank†,pre_only_fate_weighted_terminal_state_expression_proxy,CLTA,0.8978080517808393,1.3712719043993384,0.4734638526184991,0.4734638526184991,1
CellRank_terminal_proxy,Responder,CellRank,CellRank†,pre_only_fate_weighted_terminal_state_expression_proxy,CMTM6,1.1729056694124325,1.480195211682677,0.3072895422702446,0.3072895422702446,4
CellRank_terminal_proxy,Responder,CellRank,CellRank†,pre_only_fate_weighted_terminal_state_expression_proxy,CNBP,1.9830775144157429,2.0269677316902084,0.0438902172744655,0.0438902172744655,10
CellRank_terminal_proxy,Responder,CellRank,CellRank†,pre_only_fate_weighted_terminal_state_expression_proxy,CNDP2,1.0190343671522255,1.1429415159190848,0.123907148766859,0.123907148766859,2
CellRank_terminal_proxy,Responder,CellRank,CellRank†,pre_only_fate_weighted_terminal_state_expression_proxy,CNN2,1.6478460289648855,1.322650735652051,-0.3251952933128348,0.3251952933128348,8
CellRank_terminal_proxy,Responder,CellRank,CellRank†,pre_only_fate_weighted_terminal_state_expression_proxy,CNOT2,1.5746339647225316,1.362760590166106,-0.2118733745564256,0.2118733745564256,8
CellRank_terminal_proxy,Responder,CellRank,CellRank†,pre_only_fate_weighted_terminal_state_expression_proxy,CNPY3,1.0923463884521822,1.4711796642643389,0.3788332758121566,0.3788332758121566,3
CellRank_terminal_proxy,Responder,CellRank,CellRank†,pre_only_fate_weighted_terminal_state_expression_proxy,COMMD6,1.303318977322934,1.4176505358528353,0.1143315585299011,0.1143315585299011,5
CellRank_terminal_proxy,Responder,CellRank,CellRank†,pre_only_fate_weighted_terminal_state_expression_proxy,COPE,1.4784855731679187,1.5483772538090737,0.0698916806411549,0.0698916806411549,7
CellRank_terminal_proxy,Responder,CellRank,CellRank†,pre_only_fate_weighted_terminal_state_expression_proxy,COPZ1,1.0181640660195614,1.2120034392267922,0.1938393732072307,0.1938393732072307,2
CellRank_terminal_proxy,Responder,CellRank,CellRank†,pre_only_fate_weighted_terminal_state_expression_proxy,CORO7,1.098046387622235,1.0731145403743083,-0.0249318472479265,0.0249318472479265,3
CellRank_terminal_proxy,Responder,CellRank,CellRank†,pre_only_fate_weighted_terminal_state_expression_proxy,COTL1,1.8065298113080908,1.4884766972498895,-0.3180531140582012,0.3180531140582012,9
CellRank_terminal_proxy,Responder,CellRank,CellRank†,pre_only_fate_weighted_terminal_state_expression_proxy,COX5A,1.1424841212236303,1.3178714582245794,0.1753873370009491,0.1753873370009491,4
CellRank_terminal_proxy,Responder,CellRank,CellRank†,pre_only_fate_weighted_terminal_state_expression_proxy,COX5B,1.2878682135102004,1.479831940698087,0.1919637271878869,0.1919637271878869,5
CellRank_terminal_proxy,Responder,CellRank,CellRank†,pre_only_fate_weighted_terminal_state_expression_proxy,COX6A1,1.397138511352032,1.6050723774479856,0.2079338660959535,0.2079338660959535,6
CellRank_terminal_proxy,Responder,CellRank,CellRank†,pre_only_fate_weighted_terminal_state_expression_proxy,COX6B1,1.2324951915065936,1.488187236466047,0.2556920449594531,0.2556920449594531,4
CellRank_terminal_proxy,Responder,CellRank,CellRank†,pre_only_fate_weighted_terminal_state_expression_proxy,COX6C,1.255601978041326,1.2321042460008969,-0.0234977320404292,0.0234977320404292,5
CellRank_terminal_proxy,Responder,CellRank,CellRank†,pre_only_fate_weighted_terminal_state_expression_proxy,COX7A2,1.319746874936595,1.343109266358221,0.0233623914216258,0.0233623914216258,5
CellRank_terminal_proxy,Responder,CellRank,CellRank†,pre_only_fate_weighted_terminal_state_expression_proxy,COX7A2L,1.0644840085973628,1.026539676586338,-0.0379443320110248,0.0379443320110248,3
CellRank_terminal_proxy,Responder,CellRank,CellRank†,pre_only_fate_weighted_terminal_state_expression_proxy,COX7C,1.5967775638276045,1.4996420989857997,-0.0971354648418048,0.0971354648418048,8
CellRank_terminal_proxy,Responder,CellRank,CellRank†,pre_only_fate_weighted_terminal_state_expression_proxy,COX8A,1.3379605043028575,1.2138481117260425,-0.124112392576815,0.124112392576815,6
CellRank_terminal_proxy,Responder,CellRank,CellRank†,pre_only_fate_weighted_terminal_state_expression_proxy,CREM,1.763453893849681,1.4290900048693282,-0.3343638889803531,0.3343638889803531,9
CellRank_terminal_proxy,Responder,CellRank,CellRank†,pre_only_fate_weighted_terminal_state_expression_proxy,CRIP1,1.6436456064516207,1.1997425440010077,-0.443903062450613,0.443903062450613,8
CellRank_terminal_proxy,Responder,CellRank,CellRank†,pre_only_fate_weighted_terminal_state_expression_proxy,CSNK1A1,1.5837129070672291,1.4637517656627892,-0.1199611414044401,0.1199611414044401,8
CellRank_terminal_proxy,Responder,CellRank,CellRank†,pre_only_fate_weighted_terminal_state_expression_proxy,CSNK2B,1.3280729220394487,1.441325501703712,0.1132525796642633,0.1132525796642633,6
CellRank_terminal_proxy,Responder,CellRank,CellRank†,pre_only_fate_weighted_terminal_state_expression_proxy,CSRNP1,1.1650882329703125,1.1808271844066185,0.0157389514363059,0.0157389514363059,4
CellRank_terminal_proxy,Responder,CellRank,CellRank†,pre_only_fate_weighted_terminal_state_expression_proxy,CST7,1.6758119649364491,0.0073466390187632,-1.6684653259176858,1.6684653259176858,9
CellRank_terminal_proxy,Responder,CellRank,CellRank†,pre_only_fate_weighted_terminal_state_expression_proxy,CSTB,0.9552553608671016,1.3790744083076136,0.4238190474405121,0.4238190474405121,2
CellRank_terminal_proxy,Responder,CellRank,CellRank†,pre_only_fate_weighted_terminal_state_expression_proxy,CTC-425F1.4,1.84637811776843,2.023121408132963,0.1767432903645331,0.1767432903645331,10
CellRank_terminal_proxy,Responder,CellRank,CellRank†,pre_only_fate_weighted_terminal_state_expression_proxy,CTSA,0.8685657343724651,1.5354714260877198,0.6669056917152547,0.6669056917152547,1
CellRank_terminal_proxy,Responder,CellRank,CellRank†,pre_only_fate_weighted_terminal_state_expression_proxy,CTSB,1.2325214820565864,2.104046047760742,0.8715245657041555,0.8715245657041555,4
CellRank_terminal_proxy,Responder,CellRank,CellRank†,pre_only_fate_weighted_terminal_state_expression_proxy,CTSC,1.0763593293172815,1.4009809246585894,0.3246215953413076,0.3246215953413076,3
CellRank_terminal_proxy,Responder,CellRank,CellRank†,pre_only_fate_weighted_terminal_state_expression_proxy,CTSD,1.4605817983120786,1.7171108171787406,0.256529018866662,0.256529018866662,7
CellRank_terminal_proxy,Responder,CellRank,CellRank†,pre_only_fate_weighted_terminal_state_expression_proxy,CTSS,1.1787211085542053,1.9142501312451083,0.735529022690903,0.735529022690903,4
CellRank_terminal_proxy,Responder,CellRank,CellRank†,pre_only_fate_weighted_terminal_state_expression_proxy,CTSW,1.0764501381970235,0.1098368495651624,-0.9666132886318612,0.9666132886318612,3
CellRank_terminal_proxy,Responder,CellRank,CellRank†,pre_only_fate_weighted_terminal_state_expression_proxy,CXCL13,1.0354043255749903,0.0039051937144549,-1.031499131860535,1.031499131860535,2
CellRank_terminal_proxy,Responder,CellRank,CellRank†,pre_only_fate_weighted_terminal_state_expression_proxy,CXCR3,0.8117206233936225,0.3193488473328819,-0.4923717760607406,0.4923717760607406,1
CellRank_terminal_proxy,Responder,CellRank,CellRank†,pre_only_fate_weighted_terminal_state_expression_proxy,CYBA,1.2426754739283503,1.4702210479941449,0.2275455740657945,0.2275455740657945,5
CellRank_terminal_proxy,Responder,CellRank,CellRank†,pre_only_fate_weighted_terminal_state_expression_proxy,CYC1,0.8974123640432425,0.9405647351581362,0.0431523711148936,0.0431523711148936,1
CellRank_terminal_proxy,Responder,CellRank,CellRank†,pre_only_fate_weighted_terminal_state_expression_proxy,CYCS,1.390845680851136,1.4300140448896366,0.0391683640385005,0.0391683640385005,6
CellRank_terminal_proxy,Responder,CellRank,CellRank†,pre_only_fate_weighted_terminal_state_expression_proxy,CYFIP2,1.3526297321735834,0.715084500605105,-0.6375452315684784,0.6375452315684784,6
CellRank_terminal_proxy,Responder,CellRank,CellRank†,pre_only_fate_weighted_terminal_state_expression_proxy,CYTH4,0.9807257286681144,1.498959056130482,0.5182333274623675,0.5182333274623675,2
CellRank_terminal_proxy,Responder,CellRank,CellRank†,pre_only_fate_weighted_terminal_state_expression_proxy,CYTIP,1.848420330320932,1.8659424318898403,0.0175221015689086,0.0175221015689086,10
CellRank_terminal_proxy,Responder,CellRank,CellRank†,pre_only_fate_weighted_terminal_state_expression_proxy,DAD1,1.206088550080632,1.5258041401071687,0.3197155900265367,0.3197155900265367,4
CellRank_terminal_proxy,Responder,CellRank,CellRank†,pre_only_fate_weighted_terminal_state_expression_proxy,DAZAP2,1.8564174021756583,2.040545891316785,0.184128489141127,0.184128489141127,10
CellRank_terminal_proxy,Responder,CellRank,CellRank†,pre_only_fate_weighted_terminal_state_expression_proxy,DBI,1.0998290669882318,1.3833399096414891,0.2835108426532575,0.2835108426532575,3
CellRank_terminal_proxy,Responder,CellRank,CellRank†,pre_only_fate_weighted_terminal_state_expression_proxy,DBNL,1.047365742809962,1.3899142042972354,0.3425484614872733,0.3425484614872733,3
CellRank_terminal_proxy,Responder,CellRank,CellRank†,pre_only_fate_weighted_terminal_state_expression_proxy,DCXR,1.15124552935123,1.113440800582181,-0.037804728769049,0.037804728769049,4
CellRank_terminal_proxy,Responder,CellRank,CellRank†,pre_only_fate_weighted_terminal_state_expression_proxy,DDIT3,0.9845882651014036,1.506439021635641,0.5218507565342374,0.5218507565342374,2
CellRank_terminal_proxy,Responder,CellRank,CellRank†,pre_only_fate_weighted_terminal_state_expression_proxy,DDIT4,1.8378627877325096,1.78762314056022,-0.0502396471722896,0.0502396471722896,10
CellRank_terminal_proxy,Responder,CellRank,CellRank†,pre_only_fate_weighted_terminal_state_expression_proxy,DDOST,1.4267884380591092,1.5263377220970566,0.0995492840379475,0.0995492840379475,7
CellRank_terminal_proxy,Responder,CellRank,CellRank†,pre_only_fate_weighted_terminal_state_expression_proxy,DDX24,1.5062682593771208,1.0678783125609206,-0.4383899468162002,0.4383899468162002,7
CellRank_terminal_proxy,Responder,CellRank,CellRank†,pre_only_fate_weighted_terminal_state_expression_proxy,DDX3Y,0.9392701154384178,1.3653688152760486,0.4260986998376308,0.4260986998376308,2
CellRank_terminal_proxy,Responder,CellRank,CellRank†,pre_only_fate_weighted_terminal_state_expression_proxy,DDX6,1.663949847915961,1.359834933155878,-0.3041149147600828,0.3041149147600828,9
CellRank_terminal_proxy,Responder,CellRank,CellRank†,pre_only_fate_weighted_terminal_state_expression_proxy,DENND2D,1.1622898969459838,0.9498672861432754,-0.2124226108027084,0.2124226108027084,4
CellRank_terminal_proxy,Responder,CellRank,CellRank†,pre_only_fate_weighted_terminal_state_expression_proxy,DHRS7,1.100525864229028,1.062935951113548,-0.0375899131154799,0.0375899131154799,3
CellRank_terminal_proxy,Responder,CellRank,CellRank†,pre_only_fate_weighted_terminal_state_expression_proxy,DNAJA1,1.90919241279397,1.8641884250168408,-0.0450039877771293,0.0450039877771293,10
CellRank_terminal_proxy,Responder,CellRank,CellRank†,pre_only_fate_weighted_terminal_state_expression_proxy,DNAJB1,2.0549542414746425,2.002757506960402,-0.0521967345142404,0.0521967345142404,10
CellRank_terminal_proxy,Responder,CellRank,CellRank†,pre_only_fate_weighted_terminal_state_expression_proxy,DNAJB11,1.21699253492647,1.4017903807960927,0.1847978458696229,0.1847978458696229,4
CellRank_terminal_proxy,Responder,CellRank,CellRank†,pre_only_fate_weighted_terminal_state_expression_proxy,DNAJB6,1.5717838639869872,1.481283092779212,-0.0905007712077752,0.0905007712077752,8
CellRank_terminal_proxy,Responder,CellRank,CellRank†,pre_only_fate_weighted_terminal_state_expression_proxy,DNAJC4,0.8418586240306662,1.0130994064838024,0.1712407824531361,0.1712407824531361,1
CellRank_terminal_proxy,Responder,CellRank,CellRank†,pre_only_fate_weighted_terminal_state_expression_proxy,DNAJC7,1.1064799055492984,1.4100344047650128,0.3035544992157144,0.3035544992157144,3
CellRank_terminal_proxy,Responder,CellRank,CellRank†,pre_only_fate_weighted_terminal_state_expression_proxy,DOK2,0.9857828629811822,1.1044406402941933,0.118657777313011,0.118657777313011,2
CellRank_terminal_proxy,Responder,CellRank,CellRank†,pre_only_fate_weighted_terminal_state_expression_proxy,DPP7,1.3710325287757574,1.2400814555464923,-0.1309510732292649,0.1309510732292649,6
CellRank_terminal_proxy,Responder,CellRank,CellRank†,pre_only_fate_weighted_terminal_state_expression_proxy,DSTN,0.818959061770643,0.9998472294023508,0.1808881676317076,0.1808881676317076,1
CellRank_terminal_proxy,Responder,CellRank,CellRank†,pre_only_fate_weighted_terminal_state_expression_proxy,DUSP1,2.176696673432344,2.1696448061081552,-0.0070518673241886,0.0070518673241886,10
CellRank_terminal_proxy,Responder,CellRank,CellRank†,pre_only_fate_weighted_terminal_state_expression_proxy,DUSP2,2.0246985759898983,1.125300738710567,-0.8993978372793314,0.8993978372793314,10
CellRank_terminal_proxy,Responder,CellRank,CellRank†,pre_only_fate_weighted_terminal_state_expression_proxy,DUSP4,1.3748404598546915,0.9498106783452284,-0.4250297815094632,0.4250297815094632,6
CellRank_terminal_proxy,Responder,CellRank,CellRank†,pre_only_fate_weighted_terminal_state_expression_proxy,DYNLL1,1.2790711549151752,1.2853119909699078,0.0062408360547325,0.0062408360547325,5
CellRank_terminal_proxy,Responder,CellRank,CellRank†,pre_only_fate_weighted_terminal_state_expression_proxy,DYNLRB1,0.9444602112442828,1.151836029057621,0.2073758178133382,0.2073758178133382,2
CellRank_terminal_proxy,Responder,CellRank,CellRank†,pre_only_fate_weighted_terminal_state_expression_proxy,ECH1,1.279896046958448,1.3194659187377191,0.0395698717792711,0.0395698717792711,5
CellRank_terminal_proxy,Responder,CellRank,CellRank†,pre_only_fate_weighted_terminal_state_expression_proxy,EDEM1,1.0942855579126287,1.3649730880562985,0.2706875301436697,0.2706875301436697,3
CellRank_terminal_proxy,Responder,CellRank,CellRank†,pre_only_fate_weighted_terminal_state_expression_proxy,EDF1,1.6719291134797103,1.60922996079329,-0.0626991526864202,0.0626991526864202,9
CellRank_terminal_proxy,Responder,CellRank,CellRank†,pre_only_fate_weighted_terminal_state_expression_proxy,EEF1B2,2.059374723741088,1.95513160492496,-0.1042431188161283,0.1042431188161283,10
CellRank_terminal_proxy,Responder,CellRank,CellRank†,pre_only_fate_weighted_terminal_state_expression_proxy,EGR1,1.0720184480720891,1.925503348695976,0.8534849006238869,0.8534849006238869,3
CellRank_terminal_proxy,Responder,CellRank,CellRank†,pre_only_fate_weighted_terminal_state_expression_proxy,EIF2A,1.165002045322325,0.7657346722686859,-0.3992673730536394,0.3992673730536394,4
CellRank_terminal_proxy,Responder,CellRank,CellRank†,pre_only_fate_weighted_terminal_state_expression_proxy,EIF3C,1.4234704228290924,1.150636099466273,-0.2728343233628194,0.2728343233628194,6
CellRank_terminal_proxy,Responder,CellRank,CellRank†,pre_only_fate_weighted_terminal_state_expression_proxy,EIF3D,1.4105271649905782,1.583155956660257,0.1726287916696789,0.1726287916696789,6
CellRank_terminal_proxy,Responder,CellRank,CellRank†,pre_only_fate_weighted_terminal_state_expression_proxy,EIF3E,1.6284499953270786,1.7680596817847292,0.1396096864576506,0.1396096864576506,8
CellRank_terminal_proxy,Responder,CellRank,CellRank†,pre_only_fate_weighted_terminal_state_expression_proxy,EIF3F,1.6542653629992532,1.4580709884917773,-0.1961943745074759,0.1961943745074759,8
CellRank_terminal_proxy,Responder,CellRank,CellRank†,pre_only_fate_weighted_terminal_state_expression_proxy,EIF3G,1.568389575897518,1.5057851077323647,-0.0626044681651532,0.0626044681651532,8
CellRank_terminal_proxy,Responder,CellRank,CellRank†,pre_only_fate_weighted_terminal_state_expression_proxy,EIF3H,1.5488127277551216,1.3813024594159558,-0.1675102683391658,0.1675102683391658,8
CellRank_terminal_proxy,Responder,CellRank,CellRank†,pre_only_fate_weighted_terminal_state_expression_proxy,EIF3K,1.5966616025207494,1.4018983480952285,-0.1947632544255211,0.1947632544255211,8
CellRank_terminal_proxy,Responder,CellRank,CellRank†,pre_only_fate_weighted_terminal_state_expression_proxy,EIF3L,1.667291098970484,1.4392882400075644,-0.2280028589629195,0.2280028589629195,9
CellRank_terminal_proxy,Responder,CellRank,CellRank†,pre_only_fate_weighted_terminal_state_expression_proxy,EIF3M,1.175190352297835,1.2735224973672106,0.0983321450693754,0.0983321450693754,4
CellRank_terminal_proxy,Responder,CellRank,CellRank†,pre_only_fate_weighted_terminal_state_expression_proxy,EIF4A1,1.9978050959137172,2.037935873377504,0.0401307774637866,0.0401307774637866,10
CellRank_terminal_proxy,Responder,CellRank,CellRank†,pre_only_fate_weighted_terminal_state_expression_proxy,EIF4A2,1.9679311920833,2.0124322934792147,0.0445011013959149,0.0445011013959149,10
CellRank_terminal_proxy,Responder,CellRank,CellRank†,pre_only_fate_weighted_terminal_state_expression_proxy,EIF4A3,1.29671566642905,1.5676768562523946,0.2709611898233446,0.2709611898233446,5
CellRank_terminal_proxy,Responder,CellRank,CellRank†,pre_only_fate_weighted_terminal_state_expression_proxy,EIF4H,1.452250300065573,1.5958870083440997,0.1436367082785266,0.1436367082785266,7
CellRank_terminal_proxy,Responder,CellRank,CellRank†,pre_only_fate_weighted_terminal_state_expression_proxy,EIF5,1.782665660845698,1.9622006871800128,0.1795350263343147,0.1795350263343147,9
CellRank_terminal_proxy,Responder,CellRank,CellRank†,pre_only_fate_weighted_terminal_state_expression_proxy,ELMO1,1.268906640294612,0.9665131878819376,-0.3023934524126745,0.3023934524126745,5
CellRank_terminal_proxy,Responder,CellRank,CellRank†,pre_only_fate_weighted_terminal_state_expression_proxy,EMB,1.49822747796026,1.019802042171892,-0.4784254357883681,0.4784254357883681,7
CellRank_terminal_proxy,Responder,CellRank,CellRank†,pre_only_fate_weighted_terminal_state_expression_proxy,EMC4,1.0398630113106813,1.3588708491487538,0.3190078378380725,0.3190078378380725,2
CellRank_terminal_proxy,Responder,CellRank,CellRank†,pre_only_fate_weighted_terminal_state_expression_proxy,EMP3,1.341346885469967,1.7523183391663677,0.4109714536964006,0.4109714536964006,6
CellRank_terminal_proxy,Responder,CellRank,CellRank†,pre_only_fate_weighted_terminal_state_expression_proxy,ENO1,1.7866191637296711,1.9174049603007195,0.1307857965710483,0.1307857965710483,9
CellRank_terminal_proxy,Responder,CellRank,CellRank†,pre_only_fate_weighted_terminal_state_expression_proxy,ENY2,0.8963611603169049,0.9480271997681968,0.051666039451292,0.051666039451292,1
CellRank_terminal_proxy,Responder,CellRank,CellRank†,pre_only_fate_weighted_terminal_state_expression_proxy,EPSTI1,0.596699399518649,1.322056260970314,0.7253568614516651,0.7253568614516651,1
CellRank_terminal_proxy,Responder,CellRank,CellRank†,pre_only_fate_weighted_terminal_state_expression_proxy,ERCC1,0.8165767624765351,1.1696971968850072,0.3531204344084721,0.3531204344084721,1
CellRank_terminal_proxy,Responder,CellRank,CellRank†,pre_only_fate_weighted_terminal_state_expression_proxy,ERGIC3,1.186187272425591,1.2726309066857424,0.0864436342601513,0.0864436342601513,4
CellRank_terminal_proxy,Responder,CellRank,CellRank†,pre_only_fate_weighted_terminal_state_expression_proxy,ERP29,1.2365560697417028,1.2227108010157544,-0.0138452687259484,0.0138452687259484,4
CellRank_terminal_proxy,Responder,CellRank,CellRank†,pre_only_fate_weighted_terminal_state_expression_proxy,ETF1,1.2450433010923652,1.233414225904874,-0.0116290751874912,0.0116290751874912,5
CellRank_terminal_proxy,Responder,CellRank,CellRank†,pre_only_fate_weighted_terminal_state_expression_proxy,EVI2B,1.4667057048003482,1.5404867582863315,0.0737810534859835,0.0737810534859835,7
CellRank_terminal_proxy,Responder,CellRank,CellRank†,pre_only_fate_weighted_terminal_state_expression_proxy,EVL,1.6490878555232673,0.7898241323697356,-0.8592637231535317,0.8592637231535317,8
CellRank_terminal_proxy,Responder,CellRank,CellRank†,pre_only_fate_weighted_terminal_state_expression_proxy,EWSR1,1.5300889344383783,1.454039521484418,-0.0760494129539604,0.0760494129539604,7
CellRank_terminal_proxy,Responder,CellRank,CellRank†,pre_only_fate_weighted_terminal_state_expression_proxy,EXOC4,1.102565772895341,1.350312147836581,0.2477463749412398,0.2477463749412398,3
CellRank_terminal_proxy,Responder,CellRank,CellRank†,pre_only_fate_weighted_terminal_state_expression_proxy,FAM177A1,1.40677364385889,0.7622785842472121,-0.644495059611678,0.644495059611678,6
CellRank_terminal_proxy,Responder,CellRank,CellRank†,pre_only_fate_weighted_terminal_state_expression_proxy,FERMT3,1.108452625863681,1.3845056465718173,0.2760530207081362,0.2760530207081362,3
CellRank_terminal_proxy,Responder,CellRank,CellRank†,pre_only_fate_weighted_terminal_state_expression_proxy,FKBP1A,1.3792094922252571,1.550027659466119,0.1708181672408617,0.1708181672408617,6
CellRank_terminal_proxy,Responder,CellRank,CellRank†,pre_only_fate_weighted_terminal_state_expression_proxy,FLII,1.190756150053392,1.1902972881086116,-0.0004588619447802,0.0004588619447802,4
CellRank_terminal_proxy,Responder,CellRank,CellRank†,pre_only_fate_weighted_terminal_state_expression_proxy,FLNA,1.5670920961247825,1.5858740796259474,0.0187819835011648,0.0187819835011648,8
CellRank_terminal_proxy,Responder,CellRank,CellRank†,pre_only_fate_weighted_terminal_state_expression_proxy,FLOT1,0.806002926245904,1.6462734460660169,0.8402705198201129,0.8402705198201129,1
CellRank_terminal_proxy,Responder,CellRank,CellRank†,pre_only_fate_weighted_terminal_state_expression_proxy,FOS,1.8516351932904216,2.334030248127826,0.4823950548374043,0.4823950548374043,10
CellRank_terminal_proxy,Responder,CellRank,CellRank†,pre_only_fate_weighted_terminal_state_expression_proxy,FOSB,1.6993004143795112,1.9493100532235463,0.2500096388440351,0.2500096388440351,9
CellRank_terminal_proxy,Responder,CellRank,CellRank†,pre_only_fate_weighted_terminal_state_expression_proxy,FOSL2,1.2946381130968494,1.1455989023891873,-0.1490392107076621,0.1490392107076621,5
CellRank_terminal_proxy,Responder,CellRank,CellRank†,pre_only_fate_weighted_terminal_state_expression_proxy,FUS,1.866761854970137,1.754480853412019,-0.1122810015581177,0.1122810015581177,10
CellRank_terminal_proxy,Responder,CellRank,CellRank†,pre_only_fate_weighted_terminal_state_expression_proxy,FXYD5,1.7026183094442442,1.9434397540641355,0.240821444619891,0.240821444619891,9
CellRank_terminal_proxy,Responder,CellRank,CellRank†,pre_only_fate_weighted_terminal_state_expression_proxy,FYN,1.8843128369886089,0.327417845665596,-1.5568949913230128,1.5568949913230128,10
CellRank_terminal_proxy,Responder,CellRank,CellRank†,pre_only_fate_weighted_terminal_state_expression_proxy,FYTTD1,0.9919322127449878,0.9769754896789294,-0.0149567230660583,0.0149567230660583,2
CellRank_terminal_proxy,Responder,CellRank,CellRank†,pre_only_fate_weighted_terminal_state_expression_proxy,GABARAP,1.726703761088522,2.106360385564009,0.3796566244754873,0.3796566244754873,9
CellRank_terminal_proxy,Responder,CellRank,CellRank†,pre_only_fate_weighted_terminal_state_expression_proxy,GABARAPL2,1.143049521450015,1.3247883315340618,0.1817388100840469,0.1817388100840469,4
CellRank_terminal_proxy,Responder,CellRank,CellRank†,pre_only_fate_weighted_terminal_state_expression_proxy,GADD45B,1.0354220142222317,1.6296687601581652,0.5942467459359337,0.5942467459359337,2
CellRank_terminal_proxy,Responder,CellRank,CellRank†,pre_only_fate_weighted_terminal_state_expression_proxy,GAS5,1.845638852424493,1.9705913451963497,0.1249524927718563,0.1249524927718563,10
CellRank_terminal_proxy,Responder,CellRank,CellRank†,pre_only_fate_weighted_terminal_state_expression_proxy,GBP2,1.1111770248940511,0.8489962187272592,-0.2621808061667922,0.2621808061667922,3
CellRank_terminal_proxy,Responder,CellRank,CellRank†,pre_only_fate_weighted_terminal_state_expression_proxy,GDI2,1.3707272773675812,1.3776700806522546,0.0069428032846734,0.0069428032846734,6
CellRank_terminal_proxy,Responder,CellRank,CellRank†,pre_only_fate_weighted_terminal_state_expression_proxy,GHITM,1.2690172678118772,1.0667790047996029,-0.2022382630122743,0.2022382630122743,5
CellRank_terminal_proxy,Responder,CellRank,CellRank†,pre_only_fate_weighted_terminal_state_expression_proxy,GIMAP4,0.9675100327669602,0.8162952117538934,-0.1512148210130668,0.1512148210130668,2
CellRank_terminal_proxy,Responder,CellRank,CellRank†,pre_only_fate_weighted_terminal_state_expression_proxy,GIMAP5,0.951785618679464,0.577681068058936,-0.3741045506205278,0.3741045506205278,2
CellRank_terminal_proxy,Responder,CellRank,CellRank†,pre_only_fate_weighted_terminal_state_expression_proxy,GIMAP7,1.052721434219978,0.3019595857045291,-0.7507618485154488,0.7507618485154488,3
CellRank_terminal_proxy,Responder,CellRank,CellRank†,pre_only_fate_weighted_terminal_state_expression_proxy,GLIPR1,1.329590963498391,1.2742025363354463,-0.0553884271629445,0.0553884271629445,6
CellRank_terminal_proxy,Responder,CellRank,CellRank†,pre_only_fate_weighted_terminal_state_expression_proxy,GMFG,1.246648977493091,1.08599611414575,-0.1606528633473407,0.1606528633473407,5
CellRank_terminal_proxy,Responder,CellRank,CellRank†,pre_only_fate_weighted_terminal_state_expression_proxy,GNAS,1.9789175065579283,2.019214099177001,0.0402965926190725,0.0402965926190725,10
CellRank_terminal_proxy,Responder,CellRank,CellRank†,pre_only_fate_weighted_terminal_state_expression_proxy,GNG2,1.3888484793356568,0.7092564686958461,-0.6795920106398107,0.6795920106398107,6
CellRank_terminal_proxy,Responder,CellRank,CellRank†,pre_only_fate_weighted_terminal_state_expression_proxy,GNG5,1.1258107083499953,1.489821772693947,0.364011064343952,0.364011064343952,3
CellRank_terminal_proxy,Responder,CellRank,CellRank†,pre_only_fate_weighted_terminal_state_expression_proxy,GNLY,0.7006752014060597,0.0337070763665926,-0.666968125039467,0.666968125039467,1
CellRank_terminal_proxy,Responder,CellRank,CellRank†,pre_only_fate_weighted_terminal_state_expression_proxy,GPI,1.4634389711642104,1.6710390999209708,0.2076001287567603,0.2076001287567603,7
CellRank_terminal_proxy,Responder,CellRank,CellRank†,pre_only_fate_weighted_terminal_state_expression_proxy,GPR183,1.136254635545339,1.6976354599928891,0.5613808244475507,0.5613808244475507,3
CellRank_terminal_proxy,Responder,CellRank,CellRank†,pre_only_fate_weighted_terminal_state_expression_proxy,GPR65,0.9842979257918328,0.8200032232837771,-0.1642947025080557,0.1642947025080557,2
CellRank_terminal_proxy,Responder,CellRank,CellRank†,pre_only_fate_weighted_terminal_state_expression_proxy,GPX1,1.1440012251795375,1.7397702995700293,0.5957690743904918,0.5957690743904918,4
CellRank_terminal_proxy,Responder,CellRank,CellRank†,pre_only_fate_weighted_terminal_state_expression_proxy,GPX4,1.4474465323853036,1.83893878404888,0.3914922516635761,0.3914922516635761,7
CellRank_terminal_proxy,Responder,CellRank,CellRank†,pre_only_fate_weighted_terminal_state_expression_proxy,GRB2,1.4115785792408466,1.999663230423388,0.5880846511825415,0.5880846511825415,6
CellRank_terminal_proxy,Responder,CellRank,CellRank†,pre_only_fate_weighted_terminal_state_expression_proxy,GRN,0.8088727049461338,2.0215046821373965,1.2126319771912626,1.2126319771912626,1
CellRank_terminal_proxy,Responder,CellRank,CellRank†,pre_only_fate_weighted_terminal_state_expression_proxy,GRSF1,0.882623927363734,0.710730399790223,-0.1718935275735109,0.1718935275735109,1
CellRank_terminal_proxy,Responder,CellRank,CellRank†,pre_only_fate_weighted_terminal_state_expression_proxy,GSTK1,1.5972731516445895,1.611391840519887,0.0141186888752973,0.0141186888752973,8
CellRank_terminal_proxy,Responder,CellRank,CellRank†,pre_only_fate_weighted_terminal_state_expression_proxy,GSTO1,0.7936751369137228,1.5211330891492774,0.7274579522355545,0.7274579522355545,1
CellRank_terminal_proxy,Responder,CellRank,CellRank†,pre_only_fate_weighted_terminal_state_expression_proxy,GSTP1,1.3697260926286563,1.6668197514112129,0.2970936587825565,0.2970936587825565,6
CellRank_terminal_proxy,Responder,CellRank,CellRank†,pre_only_fate_weighted_terminal_state_expression_proxy,GTF3A,1.4084178756233052,1.3340026038146018,-0.0744152718087034,0.0744152718087034,6
CellRank_terminal_proxy,Responder,CellRank,CellRank†,pre_only_fate_weighted_terminal_state_expression_proxy,GUK1,1.7724910170539314,1.580227360951059,-0.1922636561028723,0.1922636561028723,9
CellRank_terminal_proxy,Responder,CellRank,CellRank†,pre_only_fate_weighted_terminal_state_expression_proxy,GZMA,1.3400533887929909,0.0468667539730368,-1.293186634819954,1.293186634819954,6
CellRank_terminal_proxy,Responder,CellRank,CellRank†,pre_only_fate_weighted_terminal_state_expression_proxy,GZMB,1.0812413325910089,0.4733810647611968,-0.607860267829812,0.607860267829812,3
CellRank_terminal_proxy,Responder,CellRank,CellRank†,pre_only_fate_weighted_terminal_state_expression_proxy,GZMH,0.9797598881433768,0.1226170866143378,-0.8571428015290389,0.8571428015290389,2
CellRank_terminal_proxy,Responder,CellRank,CellRank†,pre_only_fate_weighted_terminal_state_expression_proxy,GZMK,1.2870797870429878,0.0,-1.2870797870429878,1.2870797870429878,5
CellRank_terminal_proxy,Responder,CellRank,CellRank†,pre_only_fate_weighted_terminal_state_expression_proxy,HAVCR2,0.8901744638761482,1.127655250215506,0.2374807863393577,0.2374807863393577,1
CellRank_terminal_proxy,Responder,CellRank,CellRank†,pre_only_fate_weighted_terminal_state_expression_proxy,HCLS1,1.7252660744631758,1.6340728579601114,-0.0911932165030644,0.0911932165030644,9
CellRank_terminal_proxy,Responder,CellRank,CellRank†,pre_only_fate_weighted_terminal_state_expression_proxy,HCST,1.374733849484196,1.2954638908156637,-0.0792699586685321,0.0792699586685321,6
CellRank_terminal_proxy,Responder,CellRank,CellRank†,pre_only_fate_weighted_terminal_state_expression_proxy,HDLBP,1.1326232824710565,1.330585848821254,0.1979625663501976,0.1979625663501976,3
CellRank_terminal_proxy,Responder,CellRank,CellRank†,pre_only_fate_weighted_terminal_state_expression_proxy,HERPUD1,1.889172875415407,2.100666018406248,0.2114931429908406,0.2114931429908406,10
CellRank_terminal_proxy,Responder,CellRank,CellRank†,pre_only_fate_weighted_terminal_state_expression_proxy,HEXB,0.8914221450162904,1.7933300545654152,0.9019079095491248,0.9019079095491248,1
CellRank_terminal_proxy,Responder,CellRank,CellRank†,pre_only_fate_weighted_terminal_state_expression_proxy,HIF1A,1.314844759550835,2.1186264597854203,0.8037817002345853,0.8037817002345853,5
CellRank_terminal_proxy,Responder,CellRank,CellRank†,pre_only_fate_weighted_terminal_state_expression_proxy,HIGD1A,0.6570198244929968,0.791751318492882,0.1347314939998852,0.1347314939998852,1
CellRank_terminal_proxy,Responder,CellRank,CellRank†,pre_only_fate_weighted_terminal_state_expression_proxy,HIGD2A,1.235763763977475,1.4522207250935233,0.2164569611160482,0.2164569611160482,4
CellRank_terminal_proxy,Responder,CellRank,CellRank†,pre_only_fate_weighted_terminal_state_expression_proxy,HINT1,1.557356730993274,1.5896114499713454,0.0322547189780713,0.0322547189780713,8
CellRank_terminal_proxy,Responder,CellRank,CellRank†,pre_only_fate_weighted_terminal_state_expression_proxy,HLA-DMA,1.2735112793293069,1.8793574214739903,0.6058461421446837,0.6058461421446837,5
CellRank_terminal_proxy,Responder,CellRank,CellRank†,pre_only_fate_weighted_terminal_state_expression_proxy,HLA-DMB,0.7312498563717522,1.5533542315982738,0.8221043752265216,0.8221043752265216,1
CellRank_terminal_proxy,Responder,CellRank,CellRank†,pre_only_fate_weighted_terminal_state_expression_proxy,HLA-DPA1,1.7575547542738996,2.365003236025668,0.6074484817517685,0.6074484817517685,9
CellRank_terminal_proxy,Responder,CellRank,CellRank†,pre_only_fate_weighted_terminal_state_expression_proxy,HLA-DPB1,1.7238004488134382,2.18450091128296,0.4607004624695219,0.4607004624695219,9
CellRank_terminal_proxy,Responder,CellRank,CellRank†,pre_only_fate_weighted_terminal_state_expression_proxy,HLA-DQA1,1.1330620873244373,1.672053567098871,0.5389914797744337,0.5389914797744337,3
CellRank_terminal_proxy,Responder,CellRank,CellRank†,pre_only_fate_weighted_terminal_state_expression_proxy,HLA-DQB1,1.2567542982569306,2.0196541631666967,0.762899864909766,0.762899864909766,5
CellRank_terminal_proxy,Responder,CellRank,CellRank†,pre_only_fate_weighted_terminal_state_expression_proxy,HLA-DRA,1.6018774140936023,2.503105117412744,0.9012277033191411,0.9012277033191411,8
CellRank_terminal_proxy,Responder,CellRank,CellRank†,pre_only_fate_weighted_terminal_state_expression_proxy,HLA-DRB1,1.6875984653010796,2.3279716254781646,0.640373160177085,0.640373160177085,9
CellRank_terminal_proxy,Responder,CellRank,CellRank†,pre_only_fate_weighted_terminal_state_expression_proxy,HLA-DRB5,1.4406132736183896,2.1439695317026186,0.703356258084229,0.703356258084229,7
CellRank_terminal_proxy,Responder,CellRank,CellRank†,pre_only_fate_weighted_terminal_state_expression_proxy,HLA-DRB6,1.2270146074996748,1.813433228421329,0.5864186209216542,0.5864186209216542,4
CellRank_terminal_proxy,Responder,CellRank,CellRank†,pre_only_fate_weighted_terminal_state_expression_proxy,HM13,1.1821774090540575,1.438917480074557,0.2567400710204994,0.2567400710204994,4
CellRank_terminal_proxy,Responder,CellRank,CellRank†,pre_only_fate_weighted_terminal_state_expression_proxy,HMGB2,1.2938189894818943,1.0756922764723018,-0.2181267130095925,0.2181267130095925,5
CellRank_terminal_proxy,Responder,CellRank,CellRank†,pre_only_fate_weighted_terminal_state_expression_proxy,HMGN1,1.6131126418099675,1.372117498897188,-0.2409951429127794,0.2409951429127794,8
CellRank_terminal_proxy,Responder,CellRank,CellRank†,pre_only_fate_weighted_terminal_state_expression_proxy,HMGN2,1.824563184559988,2.076932992901901,0.2523698083419132,0.2523698083419132,10
CellRank_terminal_proxy,Responder,CellRank,CellRank†,pre_only_fate_weighted_terminal_state_expression_proxy,HMGN3,0.9661175511760992,0.984491317850442,0.0183737666743429,0.0183737666743429,2
CellRank_terminal_proxy,Responder,CellRank,CellRank†,pre_only_fate_weighted_terminal_state_expression_proxy,HNRNPDL,1.8623865477874564,2.011551199244529,0.1491646514570728,0.1491646514570728,10
CellRank_terminal_proxy,Responder,CellRank,CellRank†,pre_only_fate_weighted_terminal_state_expression_proxy,HNRNPF,1.356580345281846,1.444572530293072,0.0879921850112259,0.0879921850112259,6
CellRank_terminal_proxy,Responder,CellRank,CellRank†,pre_only_fate_weighted_terminal_state_expression_proxy,HNRNPM,1.493079877858409,1.5650914944758494,0.0720116166174407,0.0720116166174407,7
CellRank_terminal_proxy,Responder,CellRank,CellRank†,pre_only_fate_weighted_terminal_state_expression_proxy,HSP90AA1,2.1025516460740006,2.0844645642368604,-0.0180870818371401,0.0180870818371401,10
CellRank_terminal_proxy,Responder,CellRank,CellRank†,pre_only_fate_weighted_terminal_state_expression_proxy,HSP90AB1,2.028720876090735,1.9731671534031088,-0.0555537226876261,0.0555537226876261,10
CellRank_terminal_proxy,Responder,CellRank,CellRank†,pre_only_fate_weighted_terminal_state_expression_proxy,HSP90B1,1.6649395274722416,1.6486973506230298,-0.0162421768492118,0.0162421768492118,9
CellRank_terminal_proxy,Responder,CellRank,CellRank†,pre_only_fate_weighted_terminal_state_expression_proxy,HSPA1A,1.1974479852138615,1.6159813232020956,0.4185333379882341,0.4185333379882341,4
CellRank_terminal_proxy,Responder,CellRank,CellRank†,pre_only_fate_weighted_terminal_state_expression_proxy,HSPA1B,1.1742566018735414,1.4209173528431842,0.2466607509696428,0.2466607509696428,4
CellRank_terminal_proxy,Responder,CellRank,CellRank†,pre_only_fate_weighted_terminal_state_expression_proxy,HSPA5,1.669290054744878,1.7773905158297725,0.1081004610848943,0.1081004610848943,9
CellRank_terminal_proxy,Responder,CellRank,CellRank†,pre_only_fate_weighted_terminal_state_expression_proxy,HSPA9,1.581368433914021,1.5067815181931528,-0.0745869157208682,0.0745869157208682,8
CellRank_terminal_proxy,Responder,CellRank,CellRank†,pre_only_fate_weighted_terminal_state_expression_proxy,HSPB1,1.0337707404773984,1.141670753994876,0.1079000135174776,0.1079000135174776,2
CellRank_terminal_proxy,Responder,CellRank,CellRank†,pre_only_fate_weighted_terminal_state_expression_proxy,HSPD1,1.6144120395712882,1.2792678408092488,-0.3351441987620394,0.3351441987620394,8
CellRank_terminal_proxy,Responder,CellRank,CellRank†,pre_only_fate_weighted_terminal_state_expression_proxy,HSPE1,1.618340211211016,1.4256470710533975,-0.1926931401576186,0.1926931401576186,8
CellRank_terminal_proxy,Responder,CellRank,CellRank†,pre_only_fate_weighted_terminal_state_expression_proxy,HSPH1,1.3585086889186555,1.3525901390679511,-0.0059185498507043,0.0059185498507043,6
CellRank_terminal_proxy,Responder,CellRank,CellRank†,pre_only_fate_weighted_terminal_state_expression_proxy,ID2,1.696485002108932,0.9513650388300546,-0.7451199632788773,0.7451199632788773,9
CellRank_terminal_proxy,Responder,CellRank,CellRank†,pre_only_fate_weighted_terminal_state_expression_proxy,IDH2,1.125758502482996,0.9557696722132958,-0.1699888302697001,0.1699888302697001,3
CellRank_terminal_proxy,Responder,CellRank,CellRank†,pre_only_fate_weighted_terminal_state_expression_proxy,IDI1,1.3443012447761196,1.4580833838924274,0.1137821391163078,0.1137821391163078,6
CellRank_terminal_proxy,Responder,CellRank,CellRank†,pre_only_fate_weighted_terminal_state_expression_proxy,IER2,1.7386678218172702,2.0320632704541386,0.2933954486368684,0.2933954486368684,9
CellRank_terminal_proxy,Responder,CellRank,CellRank†,pre_only_fate_weighted_terminal_state_expression_proxy,IFI16,1.539616861774934,1.5916596691014488,0.0520428073265148,0.0520428073265148,7
CellRank_terminal_proxy,Responder,CellRank,CellRank†,pre_only_fate_weighted_terminal_state_expression_proxy,IFI30,0.7813497213788423,2.1341143288132702,1.352764607434428,1.352764607434428,1
CellRank_terminal_proxy,Responder,CellRank,CellRank†,pre_only_fate_weighted_terminal_state_expression_proxy,IFI35,0.633473571767219,1.1408019572782058,0.5073283855109868,0.5073283855109868,1
CellRank_terminal_proxy,Responder,CellRank,CellRank†,pre_only_fate_weighted_terminal_state_expression_proxy,IFI44L,0.2508127536408685,1.447625967927341,1.1968132142864727,1.1968132142864727,1
CellRank_terminal_proxy,Responder,CellRank,CellRank†,pre_only_fate_weighted_terminal_state_expression_proxy,IFI6,0.974509988883496,1.7560684231824004,0.7815584342989044,0.7815584342989044,2
CellRank_terminal_proxy,Responder,CellRank,CellRank†,pre_only_fate_weighted_terminal_state_expression_proxy,IFITM1,1.7891974575692082,1.3247213832740514,-0.4644760742951568,0.4644760742951568,9
CellRank_terminal_proxy,Responder,CellRank,CellRank†,pre_only_fate_weighted_terminal_state_expression_proxy,IFITM3,0.8338768336830672,1.862984713150928,1.0291078794678603,1.0291078794678603,1
CellRank_terminal_proxy,Responder,CellRank,CellRank†,pre_only_fate_weighted_terminal_state_expression_proxy,IFNG,0.720366431346567,0.0,-0.720366431346567,0.720366431346567,1
CellRank_terminal_proxy,Responder,CellRank,CellRank†,pre_only_fate_weighted_terminal_state_expression_proxy,IFNGR1,0.8239473191041415,1.7049024161948771,0.8809550970907356,0.8809550970907356,1
CellRank_terminal_proxy,Responder,CellRank,CellRank†,pre_only_fate_weighted_terminal_state_expression_proxy,IFRD1,1.645436332899834,1.6613752827055146,0.0159389498056805,0.0159389498056805,8
CellRank_terminal_proxy,Responder,CellRank,CellRank†,pre_only_fate_weighted_terminal_state_expression_proxy,IGFLR1,0.9716692290404414,1.279547386091992,0.3078781570515505,0.3078781570515505,2
CellRank_terminal_proxy,Responder,CellRank,CellRank†,pre_only_fate_weighted_terminal_state_expression_proxy,IK,1.2790837305707985,1.2098843840109106,-0.0691993465598879,0.0691993465598879,5
CellRank_terminal_proxy,Responder,CellRank,CellRank†,pre_only_fate_weighted_terminal_state_expression_proxy,IL10RA,1.4566936884777484,1.3706209971367322,-0.0860726913410161,0.0860726913410161,7
CellRank_terminal_proxy,Responder,CellRank,CellRank†,pre_only_fate_weighted_terminal_state_expression_proxy,IL16,1.0790092106646902,0.910204854611596,-0.1688043560530943,0.1688043560530943,3
CellRank_terminal_proxy,Responder,CellRank,CellRank†,pre_only_fate_weighted_terminal_state_expression_proxy,IL2RB,1.2872438198387242,0.0046635597431555,-1.2825802600955685,1.2825802600955685,5
CellRank_terminal_proxy,Responder,CellRank,CellRank†,pre_only_fate_weighted_terminal_state_expression_proxy,IL2RG,1.9559329844178208,1.37180696046447,-0.5841260239533508,0.5841260239533508,10
CellRank_terminal_proxy,Responder,CellRank,CellRank†,pre_only_fate_weighted_terminal_state_expression_proxy,IL32,1.9108166887873552,0.1406298510448979,-1.7701868377424572,1.7701868377424572,10
CellRank_terminal_proxy,Responder,CellRank,CellRank†,pre_only_fate_weighted_terminal_state_expression_proxy,IL7R,1.4896937974729652,0.4699916221188989,-1.0197021753540665,1.0197021753540665,7
CellRank_terminal_proxy,Responder,CellRank,CellRank†,pre_only_fate_weighted_terminal_state_expression_proxy,ILF2,1.2374541338309175,1.029568812312658,-0.2078853215182594,0.2078853215182594,5
CellRank_terminal_proxy,Responder,CellRank,CellRank†,pre_only_fate_weighted_terminal_state_expression_proxy,INPP5D,1.4867405326168757,1.373674587016886,-0.1130659455999896,0.1130659455999896,7
CellRank_terminal_proxy,Responder,CellRank,CellRank†,pre_only_fate_weighted_terminal_state_expression_proxy,INSIG1,0.9876216419678784,0.9571337091350086,-0.0304879328328697,0.0304879328328697,2
CellRank_terminal_proxy,Responder,CellRank,CellRank†,pre_only_fate_weighted_terminal_state_expression_proxy,IRF4,1.0532051883875606,1.0919596156282374,0.0387544272406767,0.0387544272406767,3
CellRank_terminal_proxy,Responder,CellRank,CellRank†,pre_only_fate_weighted_terminal_state_expression_proxy,IRF7,0.8547104131896003,1.5654798479010827,0.7107694347114825,0.7107694347114825,1
CellRank_terminal_proxy,Responder,CellRank,CellRank†,pre_only_fate_weighted_terminal_state_expression_proxy,IRF8,0.857168958628502,1.895113919015958,1.0379449603874562,1.0379449603874562,1
CellRank_terminal_proxy,Responder,CellRank,CellRank†,pre_only_fate_weighted_terminal_state_expression_proxy,IRF9,1.248677340625247,1.7004349368296852,0.4517575962044382,0.4517575962044382,5
CellRank_terminal_proxy,Responder,CellRank,CellRank†,pre_only_fate_weighted_terminal_state_expression_proxy,ISG15,1.1989483051543195,1.746572906788009,0.5476246016336894,0.5476246016336894,4
CellRank_terminal_proxy,Responder,CellRank,CellRank†,pre_only_fate_weighted_terminal_state_expression_proxy,ISG20,1.7700246952434937,1.4213296492251548,-0.3486950460183387,0.3486950460183387,9
CellRank_terminal_proxy,Responder,CellRank,CellRank†,pre_only_fate_weighted_terminal_state_expression_proxy,ITGAL,1.4575425673047475,0.5494676324567941,-0.9080749348479537,0.9080749348479537,7
CellRank_terminal_proxy,Responder,CellRank,CellRank†,pre_only_fate_weighted_terminal_state_expression_proxy,ITGB1,1.2053310019869985,1.542232045963719,0.3369010439767208,0.3369010439767208,4
CellRank_terminal_proxy,Responder,CellRank,CellRank†,pre_only_fate_weighted_terminal_state_expression_proxy,ITGB2,1.7203741989796495,1.8835210306391692,0.1631468316595199,0.1631468316595199,9
CellRank_terminal_proxy,Responder,CellRank,CellRank†,pre_only_fate_weighted_terminal_state_expression_proxy,ITK,1.384863382148024,0.0033726920503737,-1.3814906900976502,1.3814906900976502,6
CellRank_terminal_proxy,Responder,CellRank,CellRank†,pre_only_fate_weighted_terminal_state_expression_proxy,ITM2A,1.4317370962557496,0.0499598004566605,-1.381777295799089,1.381777295799089,7
CellRank_terminal_proxy,Responder,CellRank,CellRank†,pre_only_fate_weighted_terminal_state_expression_proxy,ITM2B,1.863907263033343,1.9364792922531,0.0725720292197564,0.0725720292197564,10
CellRank_terminal_proxy,Responder,CellRank,CellRank†,pre_only_fate_weighted_terminal_state_expression_proxy,IVNS1ABP,1.5147950929983702,1.6022618417817744,0.0874667487834042,0.0874667487834042,7
CellRank_terminal_proxy,Responder,CellRank,CellRank†,pre_only_fate_weighted_terminal_state_expression_proxy,JUN,1.143687703218721,1.68248367967578,0.5387959764570591,0.5387959764570591,4
CellRank_terminal_proxy,Responder,CellRank,CellRank†,pre_only_fate_weighted_terminal_state_expression_proxy,KDELR2,0.960154677526102,1.3102908800507629,0.3501362025246608,0.3501362025246608,2
CellRank_terminal_proxy,Responder,CellRank,CellRank†,pre_only_fate_weighted_terminal_state_expression_proxy,KLRD1,1.035901193336579,0.0388433259368618,-0.9970578673997172,0.9970578673997172,2
CellRank_terminal_proxy,Responder,CellRank,CellRank†,pre_only_fate_weighted_terminal_state_expression_proxy,KLRK1,1.6890777811179731,0.0201496541723099,-1.6689281269456633,1.6689281269456633,9
CellRank_terminal_proxy,Responder,CellRank,CellRank†,pre_only_fate_weighted_terminal_state_expression_proxy,KRTCAP2,1.3072205844016995,1.449863184853628,0.1426426004519283,0.1426426004519283,5
CellRank_terminal_proxy,Responder,CellRank,CellRank†,pre_only_fate_weighted_terminal_state_expression_proxy,LAMP2,0.7514164612594053,1.453816697388511,0.7024002361291056,0.7024002361291056,1
CellRank_terminal_proxy,Responder,CellRank,CellRank†,pre_only_fate_weighted_terminal_state_expression_proxy,LAMTOR4,1.177549213835116,1.3104045767040735,0.1328553628689577,0.1328553628689577,4
CellRank_terminal_proxy,Responder,CellRank,CellRank†,pre_only_fate_weighted_terminal_state_expression_proxy,LAMTOR5,1.0406178036180218,1.3058022058793484,0.2651844022613265,0.2651844022613265,2
CellRank_terminal_proxy,Responder,CellRank,CellRank†,pre_only_fate_weighted_terminal_state_expression_proxy,LAP3,0.9741069649241136,1.4205354468404063,0.4464284819162928,0.4464284819162928,2
CellRank_terminal_proxy,Responder,CellRank,CellRank†,pre_only_fate_weighted_terminal_state_expression_proxy,LAPTM4A,1.020765570079806,1.686949612557454,0.6661840424776482,0.6661840424776482,2
CellRank_terminal_proxy,Responder,CellRank,CellRank†,pre_only_fate_weighted_terminal_state_expression_proxy,LAT,1.1972622230359142,0.4727914525262509,-0.7244707705096634,0.7244707705096634,4
CellRank_terminal_proxy,Responder,CellRank,CellRank†,pre_only_fate_weighted_terminal_state_expression_proxy,LBH,1.4503379054137886,0.6616663323714631,-0.7886715730423255,0.7886715730423255,7
CellRank_terminal_proxy,Responder,CellRank,CellRank†,pre_only_fate_weighted_terminal_state_expression_proxy,LCK,1.5841144274039236,0.429516226238033,-1.1545982011658906,1.1545982011658906,8
CellRank_terminal_proxy,Responder,CellRank,CellRank†,pre_only_fate_weighted_terminal_state_expression_proxy,LCP2,1.3338618729152187,1.1355073432914378,-0.1983545296237809,0.1983545296237809,6
CellRank_terminal_proxy,Responder,CellRank,CellRank†,pre_only_fate_weighted_terminal_state_expression_proxy,LDHA,1.895586400627368,1.990603689311607,0.095017288684239,0.095017288684239,10
CellRank_terminal_proxy,Responder,CellRank,CellRank†,pre_only_fate_weighted_terminal_state_expression_proxy,LDHB,1.670326448890498,1.516968392735546,-0.1533580561549521,0.1533580561549521,9
CellRank_terminal_proxy,Responder,CellRank,CellRank†,pre_only_fate_weighted_terminal_state_expression_proxy,LEPROTL1,1.6128828994004276,0.5121977701729793,-1.1006851292274482,1.1006851292274482,8
CellRank_terminal_proxy,Responder,CellRank,CellRank†,pre_only_fate_weighted_terminal_state_expression_proxy,LGALS1,0.9779158972457712,1.6110224999070095,0.6331066026612382,0.6331066026612382,2
CellRank_terminal_proxy,Responder,CellRank,CellRank†,pre_only_fate_weighted_terminal_state_expression_proxy,LGALS3,0.7495975820746303,1.2979751048627544,0.548377522788124,0.548377522788124,1
CellRank_terminal_proxy,Responder,CellRank,CellRank†,pre_only_fate_weighted_terminal_state_expression_proxy,LGALS9,0.6631220064735848,1.42070160892744,0.7575796024538552,0.7575796024538552,1
CellRank_terminal_proxy,Responder,CellRank,CellRank†,pre_only_fate_weighted_terminal_state_expression_proxy,LIMD2,1.5358025624332714,1.39039861796597,-0.1454039444673014,0.1454039444673014,7
CellRank_terminal_proxy,Responder,CellRank,CellRank†,pre_only_fate_weighted_terminal_state_expression_proxy,LIME1,1.1699502961775352,0.5314757568497908,-0.6384745393277445,0.6384745393277445,4
CellRank_terminal_proxy,Responder,CellRank,CellRank†,pre_only_fate_weighted_terminal_state_expression_proxy,LITAF,1.5848761716448303,1.6102324802639831,0.0253563086191526,0.0253563086191526,8
CellRank_terminal_proxy,Responder,CellRank,CellRank†,pre_only_fate_weighted_terminal_state_expression_proxy,LMAN2,1.2494148723773884,1.4459342588902813,0.1965193865128929,0.1965193865128929,5
CellRank_terminal_proxy,Responder,CellRank,CellRank†,pre_only_fate_weighted_terminal_state_expression_proxy,LMNA,1.2135787381913623,1.255414450878238,0.0418357126868753,0.0418357126868753,4
CellRank_terminal_proxy,Responder,CellRank,CellRank†,pre_only_fate_weighted_terminal_state_expression_proxy,LPXN,1.3297073919843854,1.4229673834208567,0.0932599914364713,0.0932599914364713,6
CellRank_terminal_proxy,Responder,CellRank,CellRank†,pre_only_fate_weighted_terminal_state_expression_proxy,LSM4,0.9104000788903532,0.9152344244513504,0.004834345560997,0.004834345560997,2
CellRank_terminal_proxy,Responder,CellRank,CellRank†,pre_only_fate_weighted_terminal_state_expression_proxy,LSP1,1.7691298078935087,1.657777744489081,-0.1113520634044276,0.1113520634044276,9
CellRank_terminal_proxy,Responder,CellRank,CellRank†,pre_only_fate_weighted_terminal_state_expression_proxy,LTB,0.9990027818672772,1.0569887511441796,0.0579859692769022,0.0579859692769022,2
CellRank_terminal_proxy,Responder,CellRank,CellRank†,pre_only_fate_weighted_terminal_state_expression_proxy,LUC7L3,1.5988646465819063,1.377267935501396,-0.2215967110805103,0.2215967110805103,8
CellRank_terminal_proxy,Responder,CellRank,CellRank†,pre_only_fate_weighted_terminal_state_expression_proxy,LY6E,1.249193611897218,1.7812757858865098,0.5320821739892918,0.5320821739892918,5
CellRank_terminal_proxy,Responder,CellRank,CellRank†,pre_only_fate_weighted_terminal_state_expression_proxy,LY9,1.1313455965389074,1.5097545077957584,0.3784089112568509,0.3784089112568509,3
CellRank_terminal_proxy,Responder,CellRank,CellRank†,pre_only_fate_weighted_terminal_state_expression_proxy,LYST,1.4826981112123867,0.8464560147666461,-0.6362420964457406,0.6362420964457406,7
CellRank_terminal_proxy,Responder,CellRank,CellRank†,pre_only_fate_weighted_terminal_state_expression_proxy,M6PR,1.2366435367486948,1.2645420883138527,0.0278985515651579,0.0278985515651579,4
CellRank_terminal_proxy,Responder,CellRank,CellRank†,pre_only_fate_weighted_terminal_state_expression_proxy,MAN2B1,0.9609110948724802,1.4188416047583152,0.457930509885835,0.457930509885835,2
CellRank_terminal_proxy,Responder,CellRank,CellRank†,pre_only_fate_weighted_terminal_state_expression_proxy,MAP1LC3B,1.4587708387654708,1.474495465528727,0.0157246267632562,0.0157246267632562,7
CellRank_terminal_proxy,Responder,CellRank,CellRank†,pre_only_fate_weighted_terminal_state_expression_proxy,MAP2K3,1.0986041357279388,0.9704172343706604,-0.1281869013572782,0.1281869013572782,3
CellRank_terminal_proxy,Responder,CellRank,CellRank†,pre_only_fate_weighted_terminal_state_expression_proxy,MAP4K1,1.405452093159739,0.8889826466140361,-0.5164694465457028,0.5164694465457028,6
CellRank_terminal_proxy,Responder,CellRank,CellRank†,pre_only_fate_weighted_terminal_state_expression_proxy,MAPK1IP1L,1.6019232194097648,1.6676283377867624,0.0657051183769976,0.0657051183769976,8
CellRank_terminal_proxy,Responder,CellRank,CellRank†,pre_only_fate_weighted_terminal_state_expression_proxy,MAT2A,1.6412795375694451,1.6510154379323776,0.0097359003629322,0.0097359003629322,8
CellRank_terminal_proxy,Responder,CellRank,CellRank†,pre_only_fate_weighted_terminal_state_expression_proxy,MCL1,1.6834818453544524,1.604330608595126,-0.0791512367593263,0.0791512367593263,9
CellRank_terminal_proxy,Responder,CellRank,CellRank†,pre_only_fate_weighted_terminal_state_expression_proxy,MDH1,1.056780885662168,1.332285111332206,0.2755042256700382,0.2755042256700382,3
CellRank_terminal_proxy,Responder,CellRank,CellRank†,pre_only_fate_weighted_terminal_state_expression_proxy,MDH2,1.054000791209574,1.0933310788789632,0.039330287669389,0.039330287669389,3
CellRank_terminal_proxy,Responder,CellRank,CellRank†,pre_only_fate_weighted_terminal_state_expression_proxy,MGAT1,1.0543326844155505,1.5515746646381974,0.4972419802226469,0.4972419802226469,3
CellRank_terminal_proxy,Responder,CellRank,CellRank†,pre_only_fate_weighted_terminal_state_expression_proxy,MIF,1.6632587042609313,1.814767771191828,0.1515090669308969,0.1515090669308969,9
CellRank_terminal_proxy,Responder,CellRank,CellRank†,pre_only_fate_weighted_terminal_state_expression_proxy,MIR24-2,1.456640095537607,1.8999552913192053,0.4433151957815984,0.4433151957815984,7
CellRank_terminal_proxy,Responder,CellRank,CellRank†,pre_only_fate_weighted_terminal_state_expression_proxy,MLF2,1.1823730576669087,1.4184835766597803,0.2361105189928716,0.2361105189928716,4
CellRank_terminal_proxy,Responder,CellRank,CellRank†,pre_only_fate_weighted_terminal_state_expression_proxy,MOB1A,1.3901002487218688,1.68181127957977,0.2917110308579012,0.2917110308579012,6
CellRank_terminal_proxy,Responder,CellRank,CellRank†,pre_only_fate_weighted_terminal_state_expression_proxy,MORF4L2,1.350818508377542,1.599170323594547,0.248351815217005,0.248351815217005,6
CellRank_terminal_proxy,Responder,CellRank,CellRank†,pre_only_fate_weighted_terminal_state_expression_proxy,MRPL20,0.8526356626449013,0.6797339749634842,-0.1729016876814171,0.1729016876814171,1
CellRank_terminal_proxy,Responder,CellRank,CellRank†,pre_only_fate_weighted_terminal_state_expression_proxy,MRPS24,0.8355665646823963,0.7861246979475291,-0.0494418667348671,0.0494418667348671,1
CellRank_terminal_proxy,Responder,CellRank,CellRank†,pre_only_fate_weighted_terminal_state_expression_proxy,MSN,1.6993037277024272,1.623614925179007,-0.0756888025234201,0.0756888025234201,9
CellRank_terminal_proxy,Responder,CellRank,CellRank†,pre_only_fate_weighted_terminal_state_expression_proxy,MT-ND3,2.3332566314395304,2.3146169474908795,-0.0186396839486508,0.0186396839486508,10
CellRank_terminal_proxy,Responder,CellRank,CellRank†,pre_only_fate_weighted_terminal_state_expression_proxy,MT2A,0.91387739990659,1.0137267599467528,0.0998493600401626,0.0998493600401626,2
CellRank_terminal_proxy,Responder,CellRank,CellRank†,pre_only_fate_weighted_terminal_state_expression_proxy,MTHFD2,1.140887733289644,1.0859731156044397,-0.0549146176852042,0.0549146176852042,4
CellRank_terminal_proxy,Responder,CellRank,CellRank†,pre_only_fate_weighted_terminal_state_expression_proxy,MVP,1.0943716472122205,1.311155862168391,0.2167842149561705,0.2167842149561705,3
CellRank_terminal_proxy,Responder,CellRank,CellRank†,pre_only_fate_weighted_terminal_state_expression_proxy,MX1,0.6354243726317943,1.5578940536173511,0.922469680985557,0.922469680985557,1
CellRank_terminal_proxy,Responder,CellRank,CellRank†,pre_only_fate_weighted_terminal_state_expression_proxy,MX2,0.6870892228253722,1.5144261354314092,0.827336912606037,0.827336912606037,1
CellRank_terminal_proxy,Responder,CellRank,CellRank†,pre_only_fate_weighted_terminal_state_expression_proxy,MYADM,1.686946550873505,1.673653202374609,-0.0132933484988966,0.0132933484988966,9
CellRank_terminal_proxy,Responder,CellRank,CellRank†,pre_only_fate_weighted_terminal_state_expression_proxy,MYD88,0.7453960831507052,1.4029783170425134,0.6575822338918083,0.6575822338918083,1
CellRank_terminal_proxy,Responder,CellRank,CellRank†,pre_only_fate_weighted_terminal_state_expression_proxy,MYL12A,1.976116546626391,2.0258141749237373,0.0496976282973462,0.0496976282973462,10
CellRank_terminal_proxy,Responder,CellRank,CellRank†,pre_only_fate_weighted_terminal_state_expression_proxy,MYL12B,1.642130098271565,1.5299193594741924,-0.1122107387973725,0.1122107387973725,8
CellRank_terminal_proxy,Responder,CellRank,CellRank†,pre_only_fate_weighted_terminal_state_expression_proxy,MYO1F,1.036860021857004,1.3053854615527996,0.2685254396957957,0.2685254396957957,2
CellRank_terminal_proxy,Responder,CellRank,CellRank†,pre_only_fate_weighted_terminal_state_expression_proxy,NABP1,1.2810951117521312,1.5311757922159692,0.250080680463838,0.250080680463838,5
CellRank_terminal_proxy,Responder,CellRank,CellRank†,pre_only_fate_weighted_terminal_state_expression_proxy,NAMPT,1.1450658434538263,1.8217133245013588,0.6766474810475325,0.6766474810475325,4
CellRank_terminal_proxy,Responder,CellRank,CellRank†,pre_only_fate_weighted_terminal_state_expression_proxy,NAP1L1,1.812492021731924,1.727113262140131,-0.0853787595917925,0.0853787595917925,10
CellRank_terminal_proxy,Responder,CellRank,CellRank†,pre_only_fate_weighted_terminal_state_expression_proxy,NAPA,1.2418892040437053,1.3199577374769471,0.078068533433242,0.078068533433242,5
CellRank_terminal_proxy,Responder,CellRank,CellRank†,pre_only_fate_weighted_terminal_state_expression_proxy,NASP,1.4986277890943551,1.5226839198301976,0.0240561307358424,0.0240561307358424,7
CellRank_terminal_proxy,Responder,CellRank,CellRank†,pre_only_fate_weighted_terminal_state_expression_proxy,NCOA4,0.8593190744754473,1.1891217964622165,0.3298027219867692,0.3298027219867692,1
CellRank_terminal_proxy,Responder,CellRank,CellRank†,pre_only_fate_weighted_terminal_state_expression_proxy,NCOR1,1.6921608699039214,1.4394124288150494,-0.252748441088872,0.252748441088872,9
CellRank_terminal_proxy,Responder,CellRank,CellRank†,pre_only_fate_weighted_terminal_state_expression_proxy,NDUFA1,1.186494351677701,1.2775854837100775,0.0910911320323766,0.0910911320323766,4
CellRank_terminal_proxy,Responder,CellRank,CellRank†,pre_only_fate_weighted_terminal_state_expression_proxy,NDUFA11,1.2313929148199865,1.497565605588289,0.2661726907683028,0.2661726907683028,4
CellRank_terminal_proxy,Responder,CellRank,CellRank†,pre_only_fate_weighted_terminal_state_expression_proxy,NDUFA13,1.4139081150603128,1.4726786979685516,0.0587705829082387,0.0587705829082387,6
CellRank_terminal_proxy,Responder,CellRank,CellRank†,pre_only_fate_weighted_terminal_state_expression_proxy,NDUFB2,1.0232667996944809,1.0533535956487488,0.0300867959542678,0.0300867959542678,2
CellRank_terminal_proxy,Responder,CellRank,CellRank†,pre_only_fate_weighted_terminal_state_expression_proxy,NDUFB4,1.0057794009309555,1.1968756544992352,0.1910962535682794,0.1910962535682794,2
CellRank_terminal_proxy,Responder,CellRank,CellRank†,pre_only_fate_weighted_terminal_state_expression_proxy,NDUFB7,0.8770869100296588,0.8652743444365654,-0.0118125655930934,0.0118125655930934,1
CellRank_terminal_proxy,Responder,CellRank,CellRank†,pre_only_fate_weighted_terminal_state_expression_proxy,NDUFC2,1.0129298973604848,1.295335864736726,0.2824059673762413,0.2824059673762413,2
CellRank_terminal_proxy,Responder,CellRank,CellRank†,pre_only_fate_weighted_terminal_state_expression_proxy,NDUFS5,1.2244116221808947,1.264854995531027,0.0404433733501325,0.0404433733501325,4
CellRank_terminal_proxy,Responder,CellRank,CellRank†,pre_only_fate_weighted_terminal_state_expression_proxy,NDUFS7,1.088468141663783,1.2444570515205715,0.1559889098567886,0.1559889098567886,3
CellRank_terminal_proxy,Responder,CellRank,CellRank†,pre_only_fate_weighted_terminal_state_expression_proxy,NDUFV1,1.2257835729061282,1.190615502696832,-0.0351680702092962,0.0351680702092962,4
CellRank_terminal_proxy,Responder,CellRank,CellRank†,pre_only_fate_weighted_terminal_state_expression_proxy,NDUFV2,1.2382203496052373,1.479270033130967,0.2410496835257296,0.2410496835257296,5
CellRank_terminal_proxy,Responder,CellRank,CellRank†,pre_only_fate_weighted_terminal_state_expression_proxy,NEDD8,1.084802483554467,1.2473858173996832,0.1625833338452162,0.1625833338452162,3
CellRank_terminal_proxy,Responder,CellRank,CellRank†,pre_only_fate_weighted_terminal_state_expression_proxy,NFE2L2,1.3566002492861042,1.3753321597408812,0.0187319104547769,0.0187319104547769,6
CellRank_terminal_proxy,Responder,CellRank,CellRank†,pre_only_fate_weighted_terminal_state_expression_proxy,NFKBIA,1.911428330448076,2.1803367180443978,0.2689083875963216,0.2689083875963216,10
CellRank_terminal_proxy,Responder,CellRank,CellRank†,pre_only_fate_weighted_terminal_state_expression_proxy,NFKBID,1.0220344514843371,1.6582683031028456,0.6362338516185084,0.6362338516185084,2
CellRank_terminal_proxy,Responder,CellRank,CellRank†,pre_only_fate_weighted_terminal_state_expression_proxy,NFKBIZ,1.4827640457348954,1.6461856637543058,0.1634216180194103,0.1634216180194103,7
CellRank_terminal_proxy,Responder,CellRank,CellRank†,pre_only_fate_weighted_terminal_state_expression_proxy,NGLY1,1.073555796563522,1.2810053911560897,0.2074495945925674,0.2074495945925674,3
CellRank_terminal_proxy,Responder,CellRank,CellRank†,pre_only_fate_weighted_terminal_state_expression_proxy,NKG7,1.6550768112963936,0.8863397176584716,-0.768737093637922,0.768737093637922,8
CellRank_terminal_proxy,Responder,CellRank,CellRank†,pre_only_fate_weighted_terminal_state_expression_proxy,NLRC5,1.8243479391435744,1.4128425302920808,-0.4115054088514933,0.4115054088514933,10
CellRank_terminal_proxy,Responder,CellRank,CellRank†,pre_only_fate_weighted_terminal_state_expression_proxy,NME1-NME2,1.284361351593781,1.305157233171814,0.0207958815780329,0.0207958815780329,5
CellRank_terminal_proxy,Responder,CellRank,CellRank†,pre_only_fate_weighted_terminal_state_expression_proxy,NMT1,0.9389692267623015,0.8823284063279635,-0.056640820434338,0.056640820434338,2
CellRank_terminal_proxy,Responder,CellRank,CellRank†,pre_only_fate_weighted_terminal_state_expression_proxy,NONO,1.657762763531029,1.444089142909138,-0.213673620621891,0.213673620621891,8
CellRank_terminal_proxy,Responder,CellRank,CellRank†,pre_only_fate_weighted_terminal_state_expression_proxy,NOP10,0.896545395092842,1.4361343901425798,0.5395889950497378,0.5395889950497378,1
CellRank_terminal_proxy,Responder,CellRank,CellRank†,pre_only_fate_weighted_terminal_state_expression_proxy,NOP58,1.686137353046314,1.3336444292262897,-0.3524929238200245,0.3524929238200245,9
CellRank_terminal_proxy,Responder,CellRank,CellRank†,pre_only_fate_weighted_terminal_state_expression_proxy,NPC1,1.0112042658680036,1.2958626631642811,0.2846583972962775,0.2846583972962775,2
CellRank_terminal_proxy,Responder,CellRank,CellRank†,pre_only_fate_weighted_terminal_state_expression_proxy,NPC2,0.833411068933553,1.852645874907928,1.019234805974375,1.019234805974375,1
CellRank_terminal_proxy,Responder,CellRank,CellRank†,pre_only_fate_weighted_terminal_state_expression_proxy,NR3C1,1.2612304868054007,0.9770496854447176,-0.2841808013606832,0.2841808013606832,5
CellRank_terminal_proxy,Responder,CellRank,CellRank†,pre_only_fate_weighted_terminal_state_expression_proxy,NR4A1,1.3092094145513673,1.928328563591736,0.6191191490403689,0.6191191490403689,5
CellRank_terminal_proxy,Responder,CellRank,CellRank†,pre_only_fate_weighted_terminal_state_expression_proxy,NR4A2,1.870142603871915,1.837989639869264,-0.0321529640026514,0.0321529640026514,10
CellRank_terminal_proxy,Responder,CellRank,CellRank†,pre_only_fate_weighted_terminal_state_expression_proxy,NUCB2,1.018467026484569,0.7787872377926459,-0.239679788691923,0.239679788691923,2
CellRank_terminal_proxy,Responder,CellRank,CellRank†,pre_only_fate_weighted_terminal_state_expression_proxy,NXF1,1.4730350942245165,1.3448222838156203,-0.1282128104088957,0.1282128104088957,7
CellRank_terminal_proxy,Responder,CellRank,CellRank†,pre_only_fate_weighted_terminal_state_expression_proxy,OFD1,1.0521595329324438,0.7199085684645755,-0.3322509644678683,0.3322509644678683,3
CellRank_terminal_proxy,Responder,CellRank,CellRank†,pre_only_fate_weighted_terminal_state_expression_proxy,OGT,1.674791979347838,1.2145970824871648,-0.4601948968606733,0.4601948968606733,9
CellRank_terminal_proxy,Responder,CellRank,CellRank†,pre_only_fate_weighted_terminal_state_expression_proxy,OS9,1.1683192985686648,1.5606164452912503,0.3922971467225857,0.3922971467225857,4
CellRank_terminal_proxy,Responder,CellRank,CellRank†,pre_only_fate_weighted_terminal_state_expression_proxy,OST4,1.5730457613730693,1.6522143800515996,0.0791686186785303,0.0791686186785303,8
CellRank_terminal_proxy,Responder,CellRank,CellRank†,pre_only_fate_weighted_terminal_state_expression_proxy,OSTC,0.921030120808525,1.13360118815198,0.2125710673434548,0.2125710673434548,2
CellRank_terminal_proxy,Responder,CellRank,CellRank†,pre_only_fate_weighted_terminal_state_expression_proxy,P4HB,1.3910492267766583,1.711065764147622,0.3200165373709638,0.3200165373709638,6
CellRank_terminal_proxy,Responder,CellRank,CellRank†,pre_only_fate_weighted_terminal_state_expression_proxy,PAIP2,1.5586775914209572,1.875557864287926,0.3168802728669688,0.3168802728669688,8
CellRank_terminal_proxy,Responder,CellRank,CellRank†,pre_only_fate_weighted_terminal_state_expression_proxy,PARK7,1.6322569086688277,1.4938764969466458,-0.1383804117221818,0.1383804117221818,8
CellRank_terminal_proxy,Responder,CellRank,CellRank†,pre_only_fate_weighted_terminal_state_expression_proxy,PARP15,0.8836695718593127,0.8572196886526448,-0.0264498832066679,0.0264498832066679,1
CellRank_terminal_proxy,Responder,CellRank,CellRank†,pre_only_fate_weighted_terminal_state_expression_proxy,PARP8,1.5546536485248368,0.5743025097033884,-0.9803511388214484,0.9803511388214484,8
CellRank_terminal_proxy,Responder,CellRank,CellRank†,pre_only_fate_weighted_terminal_state_expression_proxy,PARP9,0.7328708001473027,1.4613069780176382,0.7284361778703355,0.7284361778703355,1
CellRank_terminal_proxy,Responder,CellRank,CellRank†,pre_only_fate_weighted_terminal_state_expression_proxy,PARVG,1.2373802339912352,1.320443387294533,0.0830631533032977,0.0830631533032977,4
CellRank_terminal_proxy,Responder,CellRank,CellRank†,pre_only_fate_weighted_terminal_state_expression_proxy,PCBP2,1.6449374106894008,1.6591309650843034,0.0141935543949025,0.0141935543949025,8
CellRank_terminal_proxy,Responder,CellRank,CellRank†,pre_only_fate_weighted_terminal_state_expression_proxy,PCED1B-AS1,1.4341657599929487,1.1143319946795387,-0.31983376531341,0.31983376531341,7
CellRank_terminal_proxy,Responder,CellRank,CellRank†,pre_only_fate_weighted_terminal_state_expression_proxy,PDCD1,0.9449425953060586,0.0,-0.9449425953060586,0.9449425953060586,2
CellRank_terminal_proxy,Responder,CellRank,CellRank†,pre_only_fate_weighted_terminal_state_expression_proxy,PDCD4,1.9719601651325136,1.655239059952365,-0.3167211051801488,0.3167211051801488,10
CellRank_terminal_proxy,Responder,CellRank,CellRank†,pre_only_fate_weighted_terminal_state_expression_proxy,PDCD6IP,1.1834964858066974,1.3384469613906165,0.154950475583919,0.154950475583919,4
CellRank_terminal_proxy,Responder,CellRank,CellRank†,pre_only_fate_weighted_terminal_state_expression_proxy,PDE4B,1.6430068689589752,1.6224094864388547,-0.0205973825201204,0.0205973825201204,8
CellRank_terminal_proxy,Responder,CellRank,CellRank†,pre_only_fate_weighted_terminal_state_expression_proxy,PDIA3,1.613472250153133,1.7789215650750172,0.1654493149218843,0.1654493149218843,8
CellRank_terminal_proxy,Responder,CellRank,CellRank†,pre_only_fate_weighted_terminal_state_expression_proxy,PDIA4,0.9559019028074676,1.1319186009719446,0.1760166981644771,0.1760166981644771,2
CellRank_terminal_proxy,Responder,CellRank,CellRank†,pre_only_fate_weighted_terminal_state_expression_proxy,PDIA6,1.1363991016045667,1.2583758626573924,0.1219767610528257,0.1219767610528257,3
CellRank_terminal_proxy,Responder,CellRank,CellRank†,pre_only_fate_weighted_terminal_state_expression_proxy,PEBP1,1.2823300843243577,0.9141438783945088,-0.3681862059298487,0.3681862059298487,5
CellRank_terminal_proxy,Responder,CellRank,CellRank†,pre_only_fate_weighted_terminal_state_expression_proxy,PER1,1.5121508222280824,1.5027262361561555,-0.0094245860719266,0.0094245860719266,7
CellRank_terminal_proxy,Responder,CellRank,CellRank†,pre_only_fate_weighted_terminal_state_expression_proxy,PFDN5,1.976417283418912,2.094637712024849,0.1182204286059367,0.1182204286059367,10
CellRank_terminal_proxy,Responder,CellRank,CellRank†,pre_only_fate_weighted_terminal_state_expression_proxy,PFKFB3,1.2798766327978983,1.1935735673632737,-0.0863030654346246,0.0863030654346246,5
CellRank_terminal_proxy,Responder,CellRank,CellRank†,pre_only_fate_weighted_terminal_state_expression_proxy,PGAM1,1.3994247597851293,1.495220755817923,0.0957959960327936,0.0957959960327936,6
CellRank_terminal_proxy,Responder,CellRank,CellRank†,pre_only_fate_weighted_terminal_state_expression_proxy,PGK1,1.866433547330208,1.9329767252425107,0.0665431779123029,0.0665431779123029,10
CellRank_terminal_proxy,Responder,CellRank,CellRank†,pre_only_fate_weighted_terminal_state_expression_proxy,PHB,0.8276130645462366,0.8406917831183364,0.0130787185720997,0.0130787185720997,1
CellRank_terminal_proxy,Responder,CellRank,CellRank†,pre_only_fate_weighted_terminal_state_expression_proxy,PHB2,1.0799133719428466,0.9969246806863762,-0.0829886912564704,0.0829886912564704,3
CellRank_terminal_proxy,Responder,CellRank,CellRank†,pre_only_fate_weighted_terminal_state_expression_proxy,PHC3,1.4345467135939285,1.303454153013118,-0.1310925605808104,0.1310925605808104,7
CellRank_terminal_proxy,Responder,CellRank,CellRank†,pre_only_fate_weighted_terminal_state_expression_proxy,PIK3IP1,1.4510612854713636,0.8344805534771762,-0.6165807319941874,0.6165807319941874,7
CellRank_terminal_proxy,Responder,CellRank,CellRank†,pre_only_fate_weighted_terminal_state_expression_proxy,PIM1,1.0722881669946065,1.0702774643080986,-0.0020107026865079,0.0020107026865079,3
CellRank_terminal_proxy,Responder,CellRank,CellRank†,pre_only_fate_weighted_terminal_state_expression_proxy,PIM2,1.6922595048368527,1.5922303038206085,-0.1000292010162442,0.1000292010162442,9
CellRank_terminal_proxy,Responder,CellRank,CellRank†,pre_only_fate_weighted_terminal_state_expression_proxy,PIP4K2A,1.8700303683884008,1.419092568930869,-0.4509377994575319,0.4509377994575319,10
CellRank_terminal_proxy,Responder,CellRank,CellRank†,pre_only_fate_weighted_terminal_state_expression_proxy,PKM,1.4918929110921877,1.7573912790626751,0.2654983679704878,0.2654983679704878,7
CellRank_terminal_proxy,Responder,CellRank,CellRank†,pre_only_fate_weighted_terminal_state_expression_proxy,PLAC8,0.7773228058728383,1.3624101943340587,0.5850873884612204,0.5850873884612204,1
CellRank_terminal_proxy,Responder,CellRank,CellRank†,pre_only_fate_weighted_terminal_state_expression_proxy,PLCB2,0.8848415838728988,1.0241267658308384,0.1392851819579396,0.1392851819579396,1
CellRank_terminal_proxy,Responder,CellRank,CellRank†,pre_only_fate_weighted_terminal_state_expression_proxy,PLEK,0.5799096628347167,1.020918338645299,0.441008675810582,0.441008675810582,1
CellRank_terminal_proxy,Responder,CellRank,CellRank†,pre_only_fate_weighted_terminal_state_expression_proxy,PLIN2,1.082530114137303,1.813643823151412,0.7311137090141087,0.7311137090141087,3
CellRank_terminal_proxy,Responder,CellRank,CellRank†,pre_only_fate_weighted_terminal_state_expression_proxy,PLP2,1.2290596366847282,1.2709798189916484,0.0419201823069201,0.0419201823069201,4
CellRank_terminal_proxy,Responder,CellRank,CellRank†,pre_only_fate_weighted_terminal_state_expression_proxy,PLSCR1,0.6723075690429854,1.6639951726247544,0.991687603581769,0.991687603581769,1
CellRank_terminal_proxy,Responder,CellRank,CellRank†,pre_only_fate_weighted_terminal_state_expression_proxy,PMAIP1,1.0610650667213313,1.1078455681754469,0.0467805014541153,0.0467805014541153,3
CellRank_terminal_proxy,Responder,CellRank,CellRank†,pre_only_fate_weighted_terminal_state_expression_proxy,POLD4,1.215006055824816,1.8660334374197936,0.6510273815949774,0.6510273815949774,4
CellRank_terminal_proxy,Responder,CellRank,CellRank†,pre_only_fate_weighted_terminal_state_expression_proxy,POLR2A,1.6211627257466923,1.4463673105381722,-0.17479541520852,0.17479541520852,8
CellRank_terminal_proxy,Responder,CellRank,CellRank†,pre_only_fate_weighted_terminal_state_expression_proxy,POLR2E,1.1162697254579868,1.5277677550070097,0.4114980295490229,0.4114980295490229,3
CellRank_terminal_proxy,Responder,CellRank,CellRank†,pre_only_fate_weighted_terminal_state_expression_proxy,POLR2G,0.8452441073711482,0.9439280604586764,0.0986839530875282,0.0986839530875282,1
CellRank_terminal_proxy,Responder,CellRank,CellRank†,pre_only_fate_weighted_terminal_state_expression_proxy,POMP,1.0936716331815706,1.387124130267322,0.2934524970857515,0.2934524970857515,3
CellRank_terminal_proxy,Responder,CellRank,CellRank†,pre_only_fate_weighted_terminal_state_expression_proxy,PPIB,1.7305599556648132,1.8120185351159053,0.081458579451092,0.081458579451092,9
CellRank_terminal_proxy,Responder,CellRank,CellRank†,pre_only_fate_weighted_terminal_state_expression_proxy,PPP1CA,1.3930243271230425,1.4737594609731366,0.0807351338500941,0.0807351338500941,6
CellRank_terminal_proxy,Responder,CellRank,CellRank†,pre_only_fate_weighted_terminal_state_expression_proxy,PPP1CB,1.8363248517510755,1.8544352025941624,0.0181103508430868,0.0181103508430868,10
CellRank_terminal_proxy,Responder,CellRank,CellRank†,pre_only_fate_weighted_terminal_state_expression_proxy,PPP1R15A,1.875276374751056,2.2162698188667664,0.3409934441157107,0.3409934441157107,10
CellRank_terminal_proxy,Responder,CellRank,CellRank†,pre_only_fate_weighted_terminal_state_expression_proxy,PPP1R2,1.6868053340792568,1.4608152551942108,-0.2259900788850459,0.2259900788850459,9
CellRank_terminal_proxy,Responder,CellRank,CellRank†,pre_only_fate_weighted_terminal_state_expression_proxy,PPT1,0.7623487328278697,1.3648501491032707,0.602501416275401,0.602501416275401,1
CellRank_terminal_proxy,Responder,CellRank,CellRank†,pre_only_fate_weighted_terminal_state_expression_proxy,PRDM1,1.4981538950510478,0.8573482953911599,-0.6408055996598879,0.6408055996598879,7
CellRank_terminal_proxy,Responder,CellRank,CellRank†,pre_only_fate_weighted_terminal_state_expression_proxy,PRDX1,1.5536379245254892,1.806034311772973,0.2523963872474837,0.2523963872474837,8
CellRank_terminal_proxy,Responder,CellRank,CellRank†,pre_only_fate_weighted_terminal_state_expression_proxy,PRDX3,0.8798197192196175,1.245898369140511,0.3660786499208934,0.3660786499208934,1
CellRank_terminal_proxy,Responder,CellRank,CellRank†,pre_only_fate_weighted_terminal_state_expression_proxy,PRDX5,1.1871124467927745,1.604418440424582,0.4173059936318075,0.4173059936318075,4
CellRank_terminal_proxy,Responder,CellRank,CellRank†,pre_only_fate_weighted_terminal_state_expression_proxy,PRDX6,1.1767321758883127,1.483423574328828,0.3066913984405153,0.3066913984405153,4
CellRank_terminal_proxy,Responder,CellRank,CellRank†,pre_only_fate_weighted_terminal_state_expression_proxy,PRELID1,1.3314646805185606,1.3649812073410803,0.0335165268225197,0.0335165268225197,6
CellRank_terminal_proxy,Responder,CellRank,CellRank†,pre_only_fate_weighted_terminal_state_expression_proxy,PRF1,1.2964644283862388,0.0173823752213629,-1.279082053164876,1.279082053164876,5
CellRank_terminal_proxy,Responder,CellRank,CellRank†,pre_only_fate_weighted_terminal_state_expression_proxy,PRKAR1A,1.3575872061503524,1.3974991286991167,0.0399119225487643,0.0399119225487643,6
CellRank_terminal_proxy,Responder,CellRank,CellRank†,pre_only_fate_weighted_terminal_state_expression_proxy,PRKCH,1.6022875619990251,0.2791230648220059,-1.3231644971770191,1.3231644971770191,8
CellRank_terminal_proxy,Responder,CellRank,CellRank†,pre_only_fate_weighted_terminal_state_expression_proxy,PRMT2,1.1929930766453516,1.037129262523005,-0.1558638141223465,0.1558638141223465,4
CellRank_terminal_proxy,Responder,CellRank,CellRank†,pre_only_fate_weighted_terminal_state_expression_proxy,PRPF40B,0.9225239134760352,1.1288935757113052,0.2063696622352699,0.2063696622352699,2
CellRank_terminal_proxy,Responder,CellRank,CellRank†,pre_only_fate_weighted_terminal_state_expression_proxy,PRR13,1.4730844584168228,1.7676883742246894,0.2946039158078666,0.2946039158078666,7
CellRank_terminal_proxy,Responder,CellRank,CellRank†,pre_only_fate_weighted_terminal_state_expression_proxy,PSAP,1.5045703481752426,2.1217157462233973,0.6171453980481547,0.6171453980481547,7
CellRank_terminal_proxy,Responder,CellRank,CellRank†,pre_only_fate_weighted_terminal_state_expression_proxy,PSMA1,1.348665448092022,1.3264557075715453,-0.0222097405204766,0.0222097405204766,6
CellRank_terminal_proxy,Responder,CellRank,CellRank†,pre_only_fate_weighted_terminal_state_expression_proxy,PSMA2,1.2163498634761911,1.3906992951767148,0.1743494317005236,0.1743494317005236,4
CellRank_terminal_proxy,Responder,CellRank,CellRank†,pre_only_fate_weighted_terminal_state_expression_proxy,PSMA3,1.3848663301625528,1.554235102456384,0.1693687722938313,0.1693687722938313,6
CellRank_terminal_proxy,Responder,CellRank,CellRank†,pre_only_fate_weighted_terminal_state_expression_proxy,PSMA4,0.9813589647510508,1.215974797427824,0.2346158326767733,0.2346158326767733,2
CellRank_terminal_proxy,Responder,CellRank,CellRank†,pre_only_fate_weighted_terminal_state_expression_proxy,PSMA5,1.2063351115118,1.128379327827847,-0.0779557836839532,0.0779557836839532,4
CellRank_terminal_proxy,Responder,CellRank,CellRank†,pre_only_fate_weighted_terminal_state_expression_proxy,PSMA6,1.2221051317848453,1.4860955522371488,0.2639904204523036,0.2639904204523036,4
CellRank_terminal_proxy,Responder,CellRank,CellRank†,pre_only_fate_weighted_terminal_state_expression_proxy,PSMA7,1.760190172189526,1.7629587669108604,0.0027685947213345,0.0027685947213345,9
CellRank_terminal_proxy,Responder,CellRank,CellRank†,pre_only_fate_weighted_terminal_state_expression_proxy,PSMB1,1.3400408297217266,1.6070043238080405,0.2669634940863139,0.2669634940863139,6
CellRank_terminal_proxy,Responder,CellRank,CellRank†,pre_only_fate_weighted_terminal_state_expression_proxy,PSMB10,1.3070199250093988,1.3213479310874732,0.0143280060780743,0.0143280060780743,5
CellRank_terminal_proxy,Responder,CellRank,CellRank†,pre_only_fate_weighted_terminal_state_expression_proxy,PSMB3,1.1786003355332044,1.3519978094767886,0.1733974739435841,0.1733974739435841,4
CellRank_terminal_proxy,Responder,CellRank,CellRank†,pre_only_fate_weighted_terminal_state_expression_proxy,PSMB4,1.4807854488927843,1.4913240123825806,0.0105385634897963,0.0105385634897963,7
CellRank_terminal_proxy,Responder,CellRank,CellRank†,pre_only_fate_weighted_terminal_state_expression_proxy,PSMB6,1.2315777386557012,1.5292143760300585,0.2976366373743571,0.2976366373743571,4
CellRank_terminal_proxy,Responder,CellRank,CellRank†,pre_only_fate_weighted_terminal_state_expression_proxy,PSMB7,1.0506370211674834,1.5439734116172597,0.4933363904497763,0.4933363904497763,3
CellRank_terminal_proxy,Responder,CellRank,CellRank†,pre_only_fate_weighted_terminal_state_expression_proxy,PSMB8,1.5920992431846748,1.451995099896287,-0.1401041432883878,0.1401041432883878,8
CellRank_terminal_proxy,Responder,CellRank,CellRank†,pre_only_fate_weighted_terminal_state_expression_proxy,PSMB9,1.5092590583109928,1.2551311307960324,-0.2541279275149604,0.2541279275149604,7
CellRank_terminal_proxy,Responder,CellRank,CellRank†,pre_only_fate_weighted_terminal_state_expression_proxy,PSMC4,0.8036549458642078,0.7678876457112397,-0.0357673001529681,0.0357673001529681,1
CellRank_terminal_proxy,Responder,CellRank,CellRank†,pre_only_fate_weighted_terminal_state_expression_proxy,PSMD13,1.0797172842121918,1.2557543760734398,0.1760370918612479,0.1760370918612479,3
CellRank_terminal_proxy,Responder,CellRank,CellRank†,pre_only_fate_weighted_terminal_state_expression_proxy,PSMD7,0.8891346511393887,1.344902450483923,0.4557677993445346,0.4557677993445346,1
CellRank_terminal_proxy,Responder,CellRank,CellRank†,pre_only_fate_weighted_terminal_state_expression_proxy,PSMD8,1.2759748616310949,1.448635776433535,0.17266091480244,0.17266091480244,5
CellRank_terminal_proxy,Responder,CellRank,CellRank†,pre_only_fate_weighted_terminal_state_expression_proxy,PSME2,1.555677693777125,1.6190507371283784,0.0633730433512533,0.0633730433512533,8
CellRank_terminal_proxy,Responder,CellRank,CellRank†,pre_only_fate_weighted_terminal_state_expression_proxy,PSMF1,1.2090577677237708,1.107432549308442,-0.1016252184153287,0.1016252184153287,4
CellRank_terminal_proxy,Responder,CellRank,CellRank†,pre_only_fate_weighted_terminal_state_expression_proxy,PSTPIP1,1.2885891273553276,0.8731603356316163,-0.4154287917237113,0.4154287917237113,5
CellRank_terminal_proxy,Responder,CellRank,CellRank†,pre_only_fate_weighted_terminal_state_expression_proxy,PTGES3,1.5791772734253926,1.6460110157522214,0.0668337423268288,0.0668337423268288,8
CellRank_terminal_proxy,Responder,CellRank,CellRank†,pre_only_fate_weighted_terminal_state_expression_proxy,PTP4A1,1.392296144314702,1.5950528524635244,0.2027567081488224,0.2027567081488224,6
CellRank_terminal_proxy,Responder,CellRank,CellRank†,pre_only_fate_weighted_terminal_state_expression_proxy,PTPN6,1.1203347126328824,1.680561721250278,0.5602270086173957,0.5602270086173957,3
CellRank_terminal_proxy,Responder,CellRank,CellRank†,pre_only_fate_weighted_terminal_state_expression_proxy,PTPRCAP,1.902733955024647,1.5778126753440658,-0.3249212796805811,0.3249212796805811,10
CellRank_terminal_proxy,Responder,CellRank,CellRank†,pre_only_fate_weighted_terminal_state_expression_proxy,PYCARD,0.7907383273936661,1.2095642237068998,0.4188258963132336,0.4188258963132336,1
CellRank_terminal_proxy,Responder,CellRank,CellRank†,pre_only_fate_weighted_terminal_state_expression_proxy,PYHIN1,1.152729339325647,0.1204183786633603,-1.032310960662287,1.032310960662287,4
CellRank_terminal_proxy,Responder,CellRank,CellRank†,pre_only_fate_weighted_terminal_state_expression_proxy,RAB10,1.0815735281629475,1.317943853051756,0.2363703248888085,0.2363703248888085,3
CellRank_terminal_proxy,Responder,CellRank,CellRank†,pre_only_fate_weighted_terminal_state_expression_proxy,RAB11FIP1,0.8680582848197853,0.9958250835869944,0.1277667987672092,0.1277667987672092,1
CellRank_terminal_proxy,Responder,CellRank,CellRank†,pre_only_fate_weighted_terminal_state_expression_proxy,RAB1A,1.1149210564372227,1.5320186322628488,0.4170975758256261,0.4170975758256261,3
CellRank_terminal_proxy,Responder,CellRank,CellRank†,pre_only_fate_weighted_terminal_state_expression_proxy,RAB5C,1.1115614412857109,1.636217415461801,0.5246559741760903,0.5246559741760903,3
CellRank_terminal_proxy,Responder,CellRank,CellRank†,pre_only_fate_weighted_terminal_state_expression_proxy,RAB7A,1.394296506345142,1.736428502627285,0.3421319962821429,0.3421319962821429,6
CellRank_terminal_proxy,Responder,CellRank,CellRank†,pre_only_fate_weighted_terminal_state_expression_proxy,RAB8A,1.0855011384806026,1.2665502443395704,0.1810491058589678,0.1810491058589678,3
CellRank_terminal_proxy,Responder,CellRank,CellRank†,pre_only_fate_weighted_terminal_state_expression_proxy,RABAC1,1.3695440976391802,1.3746190223310002,0.00507492469182,0.00507492469182,6
CellRank_terminal_proxy,Responder,CellRank,CellRank†,pre_only_fate_weighted_terminal_state_expression_proxy,RABGAP1L,1.4792440587046891,1.0028023966454624,-0.4764416620592266,0.4764416620592266,7
CellRank_terminal_proxy,Responder,CellRank,CellRank†,pre_only_fate_weighted_terminal_state_expression_proxy,RAC2,1.8559033274619887,1.804437112872188,-0.051466214589801,0.051466214589801,10
CellRank_terminal_proxy,Responder,CellRank,CellRank†,pre_only_fate_weighted_terminal_state_expression_proxy,RAN,1.6595261045911314,1.6791502170441068,0.0196241124529754,0.0196241124529754,9
CellRank_terminal_proxy,Responder,CellRank,CellRank†,pre_only_fate_weighted_terminal_state_expression_proxy,RANBP2,1.4451205684108666,1.3128060230927123,-0.132314545318154,0.132314545318154,7
CellRank_terminal_proxy,Responder,CellRank,CellRank†,pre_only_fate_weighted_terminal_state_expression_proxy,RAP1B,1.4596233205860485,1.4260511860856322,-0.033572134500416,0.033572134500416,7
CellRank_terminal_proxy,Responder,CellRank,CellRank†,pre_only_fate_weighted_terminal_state_expression_proxy,RASGEF1B,1.5316558651611252,1.998226646326029,0.4665707811649038,0.4665707811649038,7
CellRank_terminal_proxy,Responder,CellRank,CellRank†,pre_only_fate_weighted_terminal_state_expression_proxy,RBBP4,1.3147633758799084,1.222874587183601,-0.0918887886963071,0.0918887886963071,5
CellRank_terminal_proxy,Responder,CellRank,CellRank†,pre_only_fate_weighted_terminal_state_expression_proxy,RBBP7,0.9612269681343498,0.8648283253569478,-0.096398642777402,0.096398642777402,2
CellRank_terminal_proxy,Responder,CellRank,CellRank†,pre_only_fate_weighted_terminal_state_expression_proxy,RBM17,1.1407153190714088,1.2864284166792086,0.1457130976077998,0.1457130976077998,4
CellRank_terminal_proxy,Responder,CellRank,CellRank†,pre_only_fate_weighted_terminal_state_expression_proxy,RBM3,1.6064478962237725,1.7437782441836236,0.1373303479598513,0.1373303479598513,8
CellRank_terminal_proxy,Responder,CellRank,CellRank†,pre_only_fate_weighted_terminal_state_expression_proxy,RBM6,1.7655388808544,1.8206722551356969,0.0551333742812969,0.0551333742812969,9
CellRank_terminal_proxy,Responder,CellRank,CellRank†,pre_only_fate_weighted_terminal_state_expression_proxy,RBM8A,1.6445264002817872,1.6354402870318223,-0.0090861132499646,0.0090861132499646,8
CellRank_terminal_proxy,Responder,CellRank,CellRank†,pre_only_fate_weighted_terminal_state_expression_proxy,RBMX,1.654618114593888,1.432162753241494,-0.2224553613523938,0.2224553613523938,8
CellRank_terminal_proxy,Responder,CellRank,CellRank†,pre_only_fate_weighted_terminal_state_expression_proxy,RBPJ,1.4537988090662168,1.4797578566843723,0.0259590476181554,0.0259590476181554,7
CellRank_terminal_proxy,Responder,CellRank,CellRank†,pre_only_fate_weighted_terminal_state_expression_proxy,RBX1,0.9452879510694292,1.0220801349275035,0.0767921838580741,0.0767921838580741,2
CellRank_terminal_proxy,Responder,CellRank,CellRank†,pre_only_fate_weighted_terminal_state_expression_proxy,REEP5,1.2406774187055982,1.5528334041460703,0.3121559854404721,0.3121559854404721,5
CellRank_terminal_proxy,Responder,CellRank,CellRank†,pre_only_fate_weighted_terminal_state_expression_proxy,REL,1.3919846808344287,1.343800695781587,-0.048183985052842,0.048183985052842,6
CellRank_terminal_proxy,Responder,CellRank,CellRank†,pre_only_fate_weighted_terminal_state_expression_proxy,RGPD5,1.6280345996590824,1.733090639933183,0.1050560402741005,0.1050560402741005,8
CellRank_terminal_proxy,Responder,CellRank,CellRank†,pre_only_fate_weighted_terminal_state_expression_proxy,RGS1,2.216299426068491,1.4408878346959462,-0.7754115913725448,0.7754115913725448,10
CellRank_terminal_proxy,Responder,CellRank,CellRank†,pre_only_fate_weighted_terminal_state_expression_proxy,RGS10,0.9038063167416877,0.5258284638922862,-0.3779778528494014,0.3779778528494014,2
CellRank_terminal_proxy,Responder,CellRank,CellRank†,pre_only_fate_weighted_terminal_state_expression_proxy,RGS19,0.6879682009338819,1.510285747141236,0.822317546207354,0.822317546207354,1
CellRank_terminal_proxy,Responder,CellRank,CellRank†,pre_only_fate_weighted_terminal_state_expression_proxy,RGS2,1.7216496625625062,1.8817948512730511,0.1601451887105449,0.1601451887105449,9
CellRank_terminal_proxy,Responder,CellRank,CellRank†,pre_only_fate_weighted_terminal_state_expression_proxy,RHOA,1.850318655687039,2.0273920983762364,0.1770734426891973,0.1770734426891973,10
CellRank_terminal_proxy,Responder,CellRank,CellRank†,pre_only_fate_weighted_terminal_state_expression_proxy,RHOC,0.8179968833550204,1.1033935766539036,0.2853966932988832,0.2853966932988832,1
CellRank_terminal_proxy,Responder,CellRank,CellRank†,pre_only_fate_weighted_terminal_state_expression_proxy,RHOG,1.005677930867954,1.4480035139148597,0.4423255830469057,0.4423255830469057,2
CellRank_terminal_proxy,Responder,CellRank,CellRank†,pre_only_fate_weighted_terminal_state_expression_proxy,RHOH,1.7176032015073457,1.470857505212545,-0.2467456962948007,0.2467456962948007,9
CellRank_terminal_proxy,Responder,CellRank,CellRank†,pre_only_fate_weighted_terminal_state_expression_proxy,RNASEK,1.671780009206336,1.930449611417184,0.2586696022108476,0.2586696022108476,9
CellRank_terminal_proxy,Responder,CellRank,CellRank†,pre_only_fate_weighted_terminal_state_expression_proxy,RNASET2,1.2406733507422798,1.597459859875137,0.3567865091328572,0.3567865091328572,5
CellRank_terminal_proxy,Responder,CellRank,CellRank†,pre_only_fate_weighted_terminal_state_expression_proxy,RNF149,1.605975296271002,1.6827865690922756,0.0768112728212737,0.0768112728212737,8
CellRank_terminal_proxy,Responder,CellRank,CellRank†,pre_only_fate_weighted_terminal_state_expression_proxy,RNF181,0.8143097464025211,1.4720854267936747,0.6577756803911536,0.6577756803911536,1
CellRank_terminal_proxy,Responder,CellRank,CellRank†,pre_only_fate_weighted_terminal_state_expression_proxy,RNF19A,1.760459047182179,1.0811626099823364,-0.6792964371998427,0.6792964371998427,9
CellRank_terminal_proxy,Responder,CellRank,CellRank†,pre_only_fate_weighted_terminal_state_expression_proxy,RNH1,0.98660898432932,1.2966414911547357,0.3100325068254154,0.3100325068254154,2
CellRank_terminal_proxy,Responder,CellRank,CellRank†,pre_only_fate_weighted_terminal_state_expression_proxy,RNU2-2P,0.758544069994832,1.6815781666932026,0.9230340966983706,0.9230340966983706,1
CellRank_terminal_proxy,Responder,CellRank,CellRank†,pre_only_fate_weighted_terminal_state_expression_proxy,RP11-138A9.1,1.3817471184213932,0.9232605197549884,-0.4584865986664047,0.4584865986664047,6
CellRank_terminal_proxy,Responder,CellRank,CellRank†,pre_only_fate_weighted_terminal_state_expression_proxy,RP11-138A9.2,1.653838781990638,1.0340756364061243,-0.6197631455845136,0.6197631455845136,8
CellRank_terminal_proxy,Responder,CellRank,CellRank†,pre_only_fate_weighted_terminal_state_expression_proxy,RP11-138I1.4,1.898515502117433,1.978401100853056,0.0798855987356232,0.0798855987356232,10
CellRank_terminal_proxy,Responder,CellRank,CellRank†,pre_only_fate_weighted_terminal_state_expression_proxy,RP11-16E23.4,1.2614885330671843,1.636090749397253,0.3746022163300686,0.3746022163300686,5
CellRank_terminal_proxy,Responder,CellRank,CellRank†,pre_only_fate_weighted_terminal_state_expression_proxy,RP11-345J4.6,1.6582473487420302,1.4720906238946478,-0.1861567248473823,0.1861567248473823,9
CellRank_terminal_proxy,Responder,CellRank,CellRank†,pre_only_fate_weighted_terminal_state_expression_proxy,RP11-386G11.10,1.565707031169201,1.7034804024683547,0.1377733712991538,0.1377733712991538,8
CellRank_terminal_proxy,Responder,CellRank,CellRank†,pre_only_fate_weighted_terminal_state_expression_proxy,RP11-466H18.1,1.714479353799515,1.758058601313612,0.0435792475140968,0.0435792475140968,9
CellRank_terminal_proxy,Responder,CellRank,CellRank†,pre_only_fate_weighted_terminal_state_expression_proxy,RP11-543P15.1,1.245119083559158,1.4753403886118874,0.2302213050527295,0.2302213050527295,5
CellRank_terminal_proxy,Responder,CellRank,CellRank†,pre_only_fate_weighted_terminal_state_expression_proxy,RP4-583P15.14,1.058046699916906,0.4374660457822079,-0.6205806541346981,0.6205806541346981,3
CellRank_terminal_proxy,Responder,CellRank,CellRank†,pre_only_fate_weighted_terminal_state_expression_proxy,RPL24,2.0407116810384127,1.989025004088016,-0.0516866769503969,0.0516866769503969,10
CellRank_terminal_proxy,Responder,CellRank,CellRank†,pre_only_fate_weighted_terminal_state_expression_proxy,RPL27,2.1810318568993785,1.9804101666171237,-0.200621690282255,0.200621690282255,10
CellRank_terminal_proxy,Responder,CellRank,CellRank†,pre_only_fate_weighted_terminal_state_expression_proxy,RPL35,2.092643439426036,2.0500871816209565,-0.0425562578050788,0.0425562578050788,10
CellRank_terminal_proxy,Responder,CellRank,CellRank†,pre_only_fate_weighted_terminal_state_expression_proxy,RPL36A,2.047713295944249,2.031901235764012,-0.0158120601802367,0.0158120601802367,10
CellRank_terminal_proxy,Responder,CellRank,CellRank†,pre_only_fate_weighted_terminal_state_expression_proxy,RPL36AL,1.7329318504509028,1.5277614863818023,-0.2051703640691005,0.2051703640691005,9
CellRank_terminal_proxy,Responder,CellRank,CellRank†,pre_only_fate_weighted_terminal_state_expression_proxy,RPL37,2.0098003336225023,1.7765675271679005,-0.2332328064546018,0.2332328064546018,10
CellRank_terminal_proxy,Responder,CellRank,CellRank†,pre_only_fate_weighted_terminal_state_expression_proxy,RPL37A,2.2428781893683216,2.126114243501579,-0.1167639458667424,0.1167639458667424,10
CellRank_terminal_proxy,Responder,CellRank,CellRank†,pre_only_fate_weighted_terminal_state_expression_proxy,RPL38,2.1276114589448025,2.0876678459045777,-0.0399436130402248,0.0399436130402248,10
CellRank_terminal_proxy,Responder,CellRank,CellRank†,pre_only_fate_weighted_terminal_state_expression_proxy,RPN1,1.4703982734274297,1.5564825731513154,0.0860842997238857,0.0860842997238857,7
CellRank_terminal_proxy,Responder,CellRank,CellRank†,pre_only_fate_weighted_terminal_state_expression_proxy,RPN2,1.353669778933058,1.5898844616925345,0.2362146827594762,0.2362146827594762,6
CellRank_terminal_proxy,Responder,CellRank,CellRank†,pre_only_fate_weighted_terminal_state_expression_proxy,RPS10,2.225263303640693,2.072701380368596,-0.1525619232720978,0.1525619232720978,10
CellRank_terminal_proxy,Responder,CellRank,CellRank†,pre_only_fate_weighted_terminal_state_expression_proxy,RPS2,2.2731346456171044,2.029443348895604,-0.2436912967215008,0.2436912967215008,10
CellRank_terminal_proxy,Responder,CellRank,CellRank†,pre_only_fate_weighted_terminal_state_expression_proxy,RPS21,1.9527694692620523,1.803881940658686,-0.1488875286033666,0.1488875286033666,10
CellRank_terminal_proxy,Responder,CellRank,CellRank†,pre_only_fate_weighted_terminal_state_expression_proxy,RPS4Y1,1.047286334539982,1.4848853141941394,0.4375989796541573,0.4375989796541573,3
CellRank_terminal_proxy,Responder,CellRank,CellRank†,pre_only_fate_weighted_terminal_state_expression_proxy,RPS5,2.2651656928324617,2.1807910647347186,-0.0843746280977431,0.0843746280977431,10
CellRank_terminal_proxy,Responder,CellRank,CellRank†,pre_only_fate_weighted_terminal_state_expression_proxy,RSL1D1,1.3604509040588928,1.2118698663817211,-0.1485810376771714,0.1485810376771714,6
CellRank_terminal_proxy,Responder,CellRank,CellRank†,pre_only_fate_weighted_terminal_state_expression_proxy,S100A10,1.2825186955049608,1.7698137951342172,0.4872950996292564,0.4872950996292564,5
CellRank_terminal_proxy,Responder,CellRank,CellRank†,pre_only_fate_weighted_terminal_state_expression_proxy,S100A11,1.2354147482595943,1.8868591677478896,0.6514444194882951,0.6514444194882951,4
CellRank_terminal_proxy,Responder,CellRank,CellRank†,pre_only_fate_weighted_terminal_state_expression_proxy,S100A4,1.512511551013184,1.460877799702698,-0.0516337513104858,0.0516337513104858,7
CellRank_terminal_proxy,Responder,CellRank,CellRank†,pre_only_fate_weighted_terminal_state_expression_proxy,S100A6,1.4253908299517042,1.7708310640330278,0.3454402340813236,0.3454402340813236,7
CellRank_terminal_proxy,Responder,CellRank,CellRank†,pre_only_fate_weighted_terminal_state_expression_proxy,SAMD3,0.6809996313790915,0.0039552916196046,-0.6770443397594869,0.6770443397594869,1
CellRank_terminal_proxy,Responder,CellRank,CellRank†,pre_only_fate_weighted_terminal_state_expression_proxy,SAMHD1,0.8048277082549571,1.3426748775070836,0.5378471692521265,0.5378471692521265,1
CellRank_terminal_proxy,Responder,CellRank,CellRank†,pre_only_fate_weighted_terminal_state_expression_proxy,SAMSN1,1.6317384386681506,1.0724582540987977,-0.5592801845693531,0.5592801845693531,8
CellRank_terminal_proxy,Responder,CellRank,CellRank†,pre_only_fate_weighted_terminal_state_expression_proxy,SAP18,1.4806845550010628,1.435487310597683,-0.0451972444033796,0.0451972444033796,7
CellRank_terminal_proxy,Responder,CellRank,CellRank†,pre_only_fate_weighted_terminal_state_expression_proxy,SAP30BP,1.1082350180897644,1.2250876888420317,0.116852670752267,0.116852670752267,3
CellRank_terminal_proxy,Responder,CellRank,CellRank†,pre_only_fate_weighted_terminal_state_expression_proxy,SAR1A,1.346811758496713,1.4173536400903275,0.0705418815936145,0.0705418815936145,6
CellRank_terminal_proxy,Responder,CellRank,CellRank†,pre_only_fate_weighted_terminal_state_expression_proxy,SASH3,1.205698814532821,1.2626960817856496,0.0569972672528289,0.0569972672528289,4
CellRank_terminal_proxy,Responder,CellRank,CellRank†,pre_only_fate_weighted_terminal_state_expression_proxy,SAT1,2.034329893571601,2.3125595202186093,0.2782296266470081,0.2782296266470081,10
CellRank_terminal_proxy,Responder,CellRank,CellRank†,pre_only_fate_weighted_terminal_state_expression_proxy,SDCBP,1.3287053589556688,1.871067842624918,0.5423624836692493,0.5423624836692493,6
CellRank_terminal_proxy,Responder,CellRank,CellRank†,pre_only_fate_weighted_terminal_state_expression_proxy,SDHB,0.9309893989290146,1.1340102191118009,0.2030208201827863,0.2030208201827863,2
CellRank_terminal_proxy,Responder,CellRank,CellRank†,pre_only_fate_weighted_terminal_state_expression_proxy,SDHC,0.8490663171740858,1.1117203767840806,0.2626540596099949,0.2626540596099949,1
CellRank_terminal_proxy,Responder,CellRank,CellRank†,pre_only_fate_weighted_terminal_state_expression_proxy,SEC11C,1.0616106771066396,0.940466480262011,-0.1211441968446286,0.1211441968446286,3
CellRank_terminal_proxy,Responder,CellRank,CellRank†,pre_only_fate_weighted_terminal_state_expression_proxy,SEC13,1.0303460356231935,0.9049093485576152,-0.1254366870655785,0.1254366870655785,2
CellRank_terminal_proxy,Responder,CellRank,CellRank†,pre_only_fate_weighted_terminal_state_expression_proxy,SEC61A1,1.342732746723147,1.3456490260060978,0.0029162792829511,0.0029162792829511,6
CellRank_terminal_proxy,Responder,CellRank,CellRank†,pre_only_fate_weighted_terminal_state_expression_proxy,SEC61B,1.288805336520588,1.3339488942410735,0.0451435577204855,0.0451435577204855,5
CellRank_terminal_proxy,Responder,CellRank,CellRank†,pre_only_fate_weighted_terminal_state_expression_proxy,SEC61G,0.94533294765402,0.9080715682399384,-0.0372613794140815,0.0372613794140815,2
CellRank_terminal_proxy,Responder,CellRank,CellRank†,pre_only_fate_weighted_terminal_state_expression_proxy,SEC62,1.5236537556323086,1.8886976378500588,0.3650438822177502,0.3650438822177502,7
CellRank_terminal_proxy,Responder,CellRank,CellRank†,pre_only_fate_weighted_terminal_state_expression_proxy,SEL1L3,1.024227736249152,1.1435167821983978,0.1192890459492459,0.1192890459492459,2
CellRank_terminal_proxy,Responder,CellRank,CellRank†,pre_only_fate_weighted_terminal_state_expression_proxy,SELL,0.9075348218519848,1.5121511622972232,0.6046163404452385,0.6046163404452385,2
CellRank_terminal_proxy,Responder,CellRank,CellRank†,pre_only_fate_weighted_terminal_state_expression_proxy,SELPLG,1.2649221881268295,1.1963746511426154,-0.0685475369842141,0.0685475369842141,5
CellRank_terminal_proxy,Responder,CellRank,CellRank†,pre_only_fate_weighted_terminal_state_expression_proxy,SERBP1,1.3697158056367804,1.394164997402802,0.0244491917660216,0.0244491917660216,6
CellRank_terminal_proxy,Responder,CellRank,CellRank†,pre_only_fate_weighted_terminal_state_expression_proxy,SERF2,2.010700336039698,2.0878516472965205,0.0771513112568222,0.0771513112568222,10
CellRank_terminal_proxy,Responder,CellRank,CellRank†,pre_only_fate_weighted_terminal_state_expression_proxy,SERP1,1.5884763415611214,1.487612881844595,-0.1008634597165263,0.1008634597165263,8
CellRank_terminal_proxy,Responder,CellRank,CellRank†,pre_only_fate_weighted_terminal_state_expression_proxy,SERPINB1,0.8411436679747502,1.4241835314545888,0.5830398634798386,0.5830398634798386,1
CellRank_terminal_proxy,Responder,CellRank,CellRank†,pre_only_fate_weighted_terminal_state_expression_proxy,SERPINB9,1.682574668629125,1.8296363079508435,0.1470616393217185,0.1470616393217185,9
CellRank_terminal_proxy,Responder,CellRank,CellRank†,pre_only_fate_weighted_terminal_state_expression_proxy,SF1,1.5529105858677967,1.4503709813117902,-0.1025396045560065,0.1025396045560065,8
CellRank_terminal_proxy,Responder,CellRank,CellRank†,pre_only_fate_weighted_terminal_state_expression_proxy,SF3B5,0.8950447828390014,0.8923449858970036,-0.0026997969419977,0.0026997969419977,1
CellRank_terminal_proxy,Responder,CellRank,CellRank†,pre_only_fate_weighted_terminal_state_expression_proxy,SFPQ,1.5432171321712715,1.2501551849193615,-0.2930619472519098,0.2930619472519098,7
CellRank_terminal_proxy,Responder,CellRank,CellRank†,pre_only_fate_weighted_terminal_state_expression_proxy,SFT2D1,0.9548811496046844,1.3069679664705802,0.3520868168658957,0.3520868168658957,2
CellRank_terminal_proxy,Responder,CellRank,CellRank†,pre_only_fate_weighted_terminal_state_expression_proxy,SFT2D2,0.9241579535111134,1.080490836216865,0.1563328827057516,0.1563328827057516,2
CellRank_terminal_proxy,Responder,CellRank,CellRank†,pre_only_fate_weighted_terminal_state_expression_proxy,SGSM3,0.9519410475005068,1.2362547869514646,0.2843137394509579,0.2843137394509579,2
CellRank_terminal_proxy,Responder,CellRank,CellRank†,pre_only_fate_weighted_terminal_state_expression_proxy,SH2D2A,1.322111007513333,0.1918359006394344,-1.130275106873899,1.130275106873899,5
CellRank_terminal_proxy,Responder,CellRank,CellRank†,pre_only_fate_weighted_terminal_state_expression_proxy,SH3BGRL,1.246444888842524,1.6717077892674876,0.4252629004249637,0.4252629004249637,5
CellRank_terminal_proxy,Responder,CellRank,CellRank†,pre_only_fate_weighted_terminal_state_expression_proxy,SIVA1,0.9814993043995048,1.1846297065010052,0.2031304021015004,0.2031304021015004,2
CellRank_terminal_proxy,Responder,CellRank,CellRank†,pre_only_fate_weighted_terminal_state_expression_proxy,SKAP1,1.2892201580236846,0.30993956571197,-0.9792805923117144,0.9792805923117144,5
CellRank_terminal_proxy,Responder,CellRank,CellRank†,pre_only_fate_weighted_terminal_state_expression_proxy,SKIL,1.4502367635882272,1.6106460573574648,0.1604092937692376,0.1604092937692376,7
CellRank_terminal_proxy,Responder,CellRank,CellRank†,pre_only_fate_weighted_terminal_state_expression_proxy,SKP1,1.8997268122483608,1.900938201912106,0.0012113896637451,0.0012113896637451,10
CellRank_terminal_proxy,Responder,CellRank,CellRank†,pre_only_fate_weighted_terminal_state_expression_proxy,SLA,1.647227162760457,1.3952645881480863,-0.2519625746123708,0.2519625746123708,8
CellRank_terminal_proxy,Responder,CellRank,CellRank†,pre_only_fate_weighted_terminal_state_expression_proxy,SLA2,0.929526493498207,0.2698828724302395,-0.6596436210679675,0.6596436210679675,2
CellRank_terminal_proxy,Responder,CellRank,CellRank†,pre_only_fate_weighted_terminal_state_expression_proxy,SLAMF7,1.136243924783476,0.5672944357699966,-0.5689494890134795,0.5689494890134795,3
CellRank_terminal_proxy,Responder,CellRank,CellRank†,pre_only_fate_weighted_terminal_state_expression_proxy,SLC20A1,1.2980143707796958,1.335066300197467,0.0370519294177711,0.0370519294177711,5
CellRank_terminal_proxy,Responder,CellRank,CellRank†,pre_only_fate_weighted_terminal_state_expression_proxy,SLC25A3,1.795149709775302,1.957522700160797,0.1623729903854951,0.1623729903854951,9
CellRank_terminal_proxy,Responder,CellRank,CellRank†,pre_only_fate_weighted_terminal_state_expression_proxy,SLC25A5,1.702580527638346,1.7403353134565662,0.0377547858182201,0.0377547858182201,9
CellRank_terminal_proxy,Responder,CellRank,CellRank†,pre_only_fate_weighted_terminal_state_expression_proxy,SLC2A3,1.855647264098972,2.138156830974119,0.2825095668751467,0.2825095668751467,10
CellRank_terminal_proxy,Responder,CellRank,CellRank†,pre_only_fate_weighted_terminal_state_expression_proxy,SLC38A1,1.696380034002972,1.2816621878845484,-0.4147178461184235,0.4147178461184235,9
CellRank_terminal_proxy,Responder,CellRank,CellRank†,pre_only_fate_weighted_terminal_state_expression_proxy,SLC38A2,1.705124225773209,1.39596332992853,-0.3091608958446792,0.3091608958446792,9
CellRank_terminal_proxy,Responder,CellRank,CellRank†,pre_only_fate_weighted_terminal_state_expression_proxy,SLC3A2,1.3577656136369185,1.61316930418021,0.2554036905432917,0.2554036905432917,6
CellRank_terminal_proxy,Responder,CellRank,CellRank†,pre_only_fate_weighted_terminal_state_expression_proxy,SLC44A2,1.1210033828311103,1.0927494919413696,-0.0282538908897407,0.0282538908897407,3
CellRank_terminal_proxy,Responder,CellRank,CellRank†,pre_only_fate_weighted_terminal_state_expression_proxy,SNAP23,1.0893758318807143,1.2078320147907189,0.1184561829100045,0.1184561829100045,3
CellRank_terminal_proxy,Responder,CellRank,CellRank†,pre_only_fate_weighted_terminal_state_expression_proxy,SND1,1.233930800360439,1.1809277339652746,-0.0530030663951643,0.0530030663951643,4
CellRank_terminal_proxy,Responder,CellRank,CellRank†,pre_only_fate_weighted_terminal_state_expression_proxy,SNHG1,1.5455012606853409,1.4213850264227663,-0.1241162342625745,0.1241162342625745,8
CellRank_terminal_proxy,Responder,CellRank,CellRank†,pre_only_fate_weighted_terminal_state_expression_proxy,SNHG12,1.4386320924433418,1.6867034878942306,0.2480713954508888,0.2480713954508888,7
CellRank_terminal_proxy,Responder,CellRank,CellRank†,pre_only_fate_weighted_terminal_state_expression_proxy,SNHG15,0.9490905323339492,1.181731761138006,0.2326412288040569,0.2326412288040569,2
CellRank_terminal_proxy,Responder,CellRank,CellRank†,pre_only_fate_weighted_terminal_state_expression_proxy,SNHG5,1.6167461640566578,1.8103637103770744,0.1936175463204166,0.1936175463204166,8
CellRank_terminal_proxy,Responder,CellRank,CellRank†,pre_only_fate_weighted_terminal_state_expression_proxy,SNHG8,1.3396176415299137,1.4606371697474776,0.1210195282175639,0.1210195282175639,6
CellRank_terminal_proxy,Responder,CellRank,CellRank†,pre_only_fate_weighted_terminal_state_expression_proxy,SNORD3A,0.9019635471584296,1.2658277642266025,0.3638642170681727,0.3638642170681727,1
CellRank_terminal_proxy,Responder,CellRank,CellRank†,pre_only_fate_weighted_terminal_state_expression_proxy,SNRPB,1.4713422167859913,1.4458326020010537,-0.0255096147849376,0.0255096147849376,7
CellRank_terminal_proxy,Responder,CellRank,CellRank†,pre_only_fate_weighted_terminal_state_expression_proxy,SNRPD2,1.3761917321492971,1.3924565464663152,0.016264814317018,0.016264814317018,6
CellRank_terminal_proxy,Responder,CellRank,CellRank†,pre_only_fate_weighted_terminal_state_expression_proxy,SNRPG,1.083239084536633,1.1776699402773894,0.0944308557407562,0.0944308557407562,3
CellRank_terminal_proxy,Responder,CellRank,CellRank†,pre_only_fate_weighted_terminal_state_expression_proxy,SNX17,1.0687903045431153,1.066446340639588,-0.0023439639035274,0.0023439639035274,3
CellRank_terminal_proxy,Responder,CellRank,CellRank†,pre_only_fate_weighted_terminal_state_expression_proxy,SNX2,0.8776702768049672,1.4804780624169958,0.6028077856120285,0.6028077856120285,1
CellRank_terminal_proxy,Responder,CellRank,CellRank†,pre_only_fate_weighted_terminal_state_expression_proxy,SOD1,1.6921969589402388,1.4591898185589312,-0.2330071403813076,0.2330071403813076,9
CellRank_terminal_proxy,Responder,CellRank,CellRank†,pre_only_fate_weighted_terminal_state_expression_proxy,SOD2,0.9802687905683056,1.7972343580865169,0.816965567518211,0.816965567518211,2
CellRank_terminal_proxy,Responder,CellRank,CellRank†,pre_only_fate_weighted_terminal_state_expression_proxy,SP100,1.7266849009123568,1.7267814101454313,9.6509233074471e-05,9.6509233074471e-05,9
CellRank_terminal_proxy,Responder,CellRank,CellRank†,pre_only_fate_weighted_terminal_state_expression_proxy,SP110,1.254458410938647,1.651172230253411,0.3967138193147641,0.3967138193147641,5
CellRank_terminal_proxy,Responder,CellRank,CellRank†,pre_only_fate_weighted_terminal_state_expression_proxy,SPCS1,1.3979562331758668,1.3013915033752876,-0.0965647298005791,0.0965647298005791,6
CellRank_terminal_proxy,Responder,CellRank,CellRank†,pre_only_fate_weighted_terminal_state_expression_proxy,SPCS2,1.2967275602597366,1.4839346897618555,0.1872071295021189,0.1872071295021189,5
CellRank_terminal_proxy,Responder,CellRank,CellRank†,pre_only_fate_weighted_terminal_state_expression_proxy,SPCS2P4,1.1117036403737235,1.3594883528311394,0.2477847124574159,0.2477847124574159,3
CellRank_terminal_proxy,Responder,CellRank,CellRank†,pre_only_fate_weighted_terminal_state_expression_proxy,SPCS3,1.1863966292113033,1.2458666094703,0.0594699802589968,0.0594699802589968,4
CellRank_terminal_proxy,Responder,CellRank,CellRank†,pre_only_fate_weighted_terminal_state_expression_proxy,SPN,0.8939571119490017,0.3449196089357495,-0.5490375030132522,0.5490375030132522,1
CellRank_terminal_proxy,Responder,CellRank,CellRank†,pre_only_fate_weighted_terminal_state_expression_proxy,SPOCK2,1.350942663770558,0.5622025277937195,-0.7887401359768385,0.7887401359768385,6
CellRank_terminal_proxy,Responder,CellRank,CellRank†,pre_only_fate_weighted_terminal_state_expression_proxy,SQSTM1,1.5438841798234595,1.7433572950692875,0.199473115245828,0.199473115245828,8
CellRank_terminal_proxy,Responder,CellRank,CellRank†,pre_only_fate_weighted_terminal_state_expression_proxy,SRGN,2.2321616510751365,2.0435862637784545,-0.188575387296682,0.188575387296682,10
CellRank_terminal_proxy,Responder,CellRank,CellRank†,pre_only_fate_weighted_terminal_state_expression_proxy,SRI,1.044624791654264,0.901106300925683,-0.1435184907285809,0.1435184907285809,3
CellRank_terminal_proxy,Responder,CellRank,CellRank†,pre_only_fate_weighted_terminal_state_expression_proxy,SRP14,1.8576244885869184,1.8260208641503548,-0.0316036244365638,0.0316036244365638,10
CellRank_terminal_proxy,Responder,CellRank,CellRank†,pre_only_fate_weighted_terminal_state_expression_proxy,SRP9,1.3024417510293052,1.370902019771713,0.0684602687424078,0.0684602687424078,5
CellRank_terminal_proxy,Responder,CellRank,CellRank†,pre_only_fate_weighted_terminal_state_expression_proxy,SRSF1,1.360272260995515,1.393594312644481,0.0333220516489662,0.0333220516489662,6
CellRank_terminal_proxy,Responder,CellRank,CellRank†,pre_only_fate_weighted_terminal_state_expression_proxy,SRSF2,1.9924555692058077,1.6164072830595997,-0.3760482861462078,0.3760482861462078,10
CellRank_terminal_proxy,Responder,CellRank,CellRank†,pre_only_fate_weighted_terminal_state_expression_proxy,SRSF5,2.0273334420233007,2.0263897644324804,-0.0009436775908202,0.0009436775908202,10
CellRank_terminal_proxy,Responder,CellRank,CellRank†,pre_only_fate_weighted_terminal_state_expression_proxy,SRSF7,1.9349211216429585,1.8279117909365368,-0.1070093307064217,0.1070093307064217,10
CellRank_terminal_proxy,Responder,CellRank,CellRank†,pre_only_fate_weighted_terminal_state_expression_proxy,SSB,1.142218834519365,1.0518080029944852,-0.0904108315248797,0.0904108315248797,4
CellRank_terminal_proxy,Responder,CellRank,CellRank†,pre_only_fate_weighted_terminal_state_expression_proxy,SSR1,1.2581193843586838,1.3961225861673945,0.1380032018087107,0.1380032018087107,5
CellRank_terminal_proxy,Responder,CellRank,CellRank†,pre_only_fate_weighted_terminal_state_expression_proxy,SSR2,1.6341917593181257,1.715092888158288,0.0809011288401622,0.0809011288401622,8
CellRank_terminal_proxy,Responder,CellRank,CellRank†,pre_only_fate_weighted_terminal_state_expression_proxy,SSR3,1.2503108329466903,1.3857502912568238,0.1354394583101332,0.1354394583101332,5
CellRank_terminal_proxy,Responder,CellRank,CellRank†,pre_only_fate_weighted_terminal_state_expression_proxy,SSR4,1.5988360475819932,1.535962185022064,-0.0628738625599292,0.0628738625599292,8
CellRank_terminal_proxy,Responder,CellRank,CellRank†,pre_only_fate_weighted_terminal_state_expression_proxy,ST13,1.3305270790390165,1.168543127730404,-0.1619839513086123,0.1619839513086123,6
CellRank_terminal_proxy,Responder,CellRank,CellRank†,pre_only_fate_weighted_terminal_state_expression_proxy,ST6GAL1,1.262478874324116,1.5301882879067372,0.2677094135826212,0.2677094135826212,5
CellRank_terminal_proxy,Responder,CellRank,CellRank†,pre_only_fate_weighted_terminal_state_expression_proxy,STAT1,1.2307524739963662,1.4525370971603346,0.2217846231639684,0.2217846231639684,4
CellRank_terminal_proxy,Responder,CellRank,CellRank†,pre_only_fate_weighted_terminal_state_expression_proxy,STAT2,0.9768197668232418,1.4726307616052807,0.4958109947820389,0.4958109947820389,2
CellRank_terminal_proxy,Responder,CellRank,CellRank†,pre_only_fate_weighted_terminal_state_expression_proxy,STAT4,1.553090704534508,0.6007189564471657,-0.9523717480873424,0.9523717480873424,8
CellRank_terminal_proxy,Responder,CellRank,CellRank†,pre_only_fate_weighted_terminal_state_expression_proxy,STAT6,1.1341733740399813,1.5257806693495155,0.3916072953095342,0.3916072953095342,3
CellRank_terminal_proxy,Responder,CellRank,CellRank†,pre_only_fate_weighted_terminal_state_expression_proxy,STIP1,1.1258509659888207,1.1949372980135935,0.0690863320247729,0.0690863320247729,3
CellRank_terminal_proxy,Responder,CellRank,CellRank†,pre_only_fate_weighted_terminal_state_expression_proxy,STOM,1.137953658986873,1.1046254985472002,-0.0333281604396729,0.0333281604396729,4
CellRank_terminal_proxy,Responder,CellRank,CellRank†,pre_only_fate_weighted_terminal_state_expression_proxy,STRAP,1.3244871955857236,1.1297356391302686,-0.1947515564554549,0.1947515564554549,6
CellRank_terminal_proxy,Responder,CellRank,CellRank†,pre_only_fate_weighted_terminal_state_expression_proxy,STT3A,1.1059109677248815,1.0460085257957736,-0.0599024419291081,0.0599024419291081,3
CellRank_terminal_proxy,Responder,CellRank,CellRank†,pre_only_fate_weighted_terminal_state_expression_proxy,SUB1,1.6888387588366405,1.5952537484597542,-0.093585010376886,0.093585010376886,9
CellRank_terminal_proxy,Responder,CellRank,CellRank†,pre_only_fate_weighted_terminal_state_expression_proxy,SUMO2,1.6967875766673075,1.6583836528321358,-0.0384039238351716,0.0384039238351716,9
CellRank_terminal_proxy,Responder,CellRank,CellRank†,pre_only_fate_weighted_terminal_state_expression_proxy,SUPT5H,1.276021000595658,1.1213056000348616,-0.1547154005607964,0.1547154005607964,5
CellRank_terminal_proxy,Responder,CellRank,CellRank†,pre_only_fate_weighted_terminal_state_expression_proxy,SURF4,1.2297700682480563,1.0339882776720075,-0.1957817905760486,0.1957817905760486,4
CellRank_terminal_proxy,Responder,CellRank,CellRank†,pre_only_fate_weighted_terminal_state_expression_proxy,SYNE2,1.448922162226244,0.4910618839211549,-0.9578602783050892,0.9578602783050892,7
CellRank_terminal_proxy,Responder,CellRank,CellRank†,pre_only_fate_weighted_terminal_state_expression_proxy,SYNGR2,1.4091690592763797,2.0580328733167765,0.6488638140403971,0.6488638140403971,6
CellRank_terminal_proxy,Responder,CellRank,CellRank†,pre_only_fate_weighted_terminal_state_expression_proxy,SYTL3,1.323923095036469,0.3417015498777586,-0.9822215451587106,0.9822215451587106,6
CellRank_terminal_proxy,Responder,CellRank,CellRank†,pre_only_fate_weighted_terminal_state_expression_proxy,TAGAP,1.5457184269276405,1.605528553261827,0.0598101263341865,0.0598101263341865,8
CellRank_terminal_proxy,Responder,CellRank,CellRank†,pre_only_fate_weighted_terminal_state_expression_proxy,TAGLN2,1.8297027387999216,2.178594414615262,0.3488916758153402,0.3488916758153402,10
CellRank_terminal_proxy,Responder,CellRank,CellRank†,pre_only_fate_weighted_terminal_state_expression_proxy,TALDO1,0.9502190005084528,1.4098384326907307,0.4596194321822778,0.4596194321822778,2
CellRank_terminal_proxy,Responder,CellRank,CellRank†,pre_only_fate_weighted_terminal_state_expression_proxy,TANK,1.3365618334712064,1.4617059605817644,0.125144127110558,0.125144127110558,6
CellRank_terminal_proxy,Responder,CellRank,CellRank†,pre_only_fate_weighted_terminal_state_expression_proxy,TAOK3,1.0188125426725485,1.1143428726695743,0.0955303299970262,0.0955303299970262,2
CellRank_terminal_proxy,Responder,CellRank,CellRank†,pre_only_fate_weighted_terminal_state_expression_proxy,TAP1,1.585399320089317,1.4843270840939626,-0.1010722359953544,0.1010722359953544,8
CellRank_terminal_proxy,Responder,CellRank,CellRank†,pre_only_fate_weighted_terminal_state_expression_proxy,TBCB,1.1717825288936567,1.0493532096975058,-0.1224293191961509,0.1224293191961509,4
CellRank_terminal_proxy,Responder,CellRank,CellRank†,pre_only_fate_weighted_terminal_state_expression_proxy,TBCD,1.020303703767406,0.3659393541249724,-0.6543643496424334,0.6543643496424334,2
CellRank_terminal_proxy,Responder,CellRank,CellRank†,pre_only_fate_weighted_terminal_state_expression_proxy,TCF25,1.4299639319102593,1.532260140176286,0.1022962082660265,0.1022962082660265,7
CellRank_terminal_proxy,Responder,CellRank,CellRank†,pre_only_fate_weighted_terminal_state_expression_proxy,TCIRG1,1.3767517383562733,1.603480445968685,0.2267287076124118,0.2267287076124118,6
CellRank_terminal_proxy,Responder,CellRank,CellRank†,pre_only_fate_weighted_terminal_state_expression_proxy,TCP1,1.3769253800680832,1.2766495562550848,-0.1002758238129983,0.1002758238129983,6
CellRank_terminal_proxy,Responder,CellRank,CellRank†,pre_only_fate_weighted_terminal_state_expression_proxy,TECR,1.364807625928821,0.9991268714913084,-0.365680754437513,0.365680754437513,6
CellRank_terminal_proxy,Responder,CellRank,CellRank†,pre_only_fate_weighted_terminal_state_expression_proxy,TFRC,1.3570513000626323,1.621241651039797,0.2641903509771643,0.2641903509771643,6
CellRank_terminal_proxy,Responder,CellRank,CellRank†,pre_only_fate_weighted_terminal_state_expression_proxy,TGIF1,1.1360402900198108,1.1818022275621756,0.0457619375423647,0.0457619375423647,3
CellRank_terminal_proxy,Responder,CellRank,CellRank†,pre_only_fate_weighted_terminal_state_expression_proxy,TIGIT,1.1347567759518529,0.0034047348631498,-1.131352041088703,1.131352041088703,3
CellRank_terminal_proxy,Responder,CellRank,CellRank†,pre_only_fate_weighted_terminal_state_expression_proxy,TKT,0.9160797864584151,1.3991213671817049,0.4830415807232894,0.4830415807232894,2
CellRank_terminal_proxy,Responder,CellRank,CellRank†,pre_only_fate_weighted_terminal_state_expression_proxy,TM9SF2,1.1410202010707622,1.3253487007448854,0.1843284996741232,0.1843284996741232,4
CellRank_terminal_proxy,Responder,CellRank,CellRank†,pre_only_fate_weighted_terminal_state_expression_proxy,TMA7,1.7425195864918244,1.6611597504400024,-0.0813598360518219,0.0813598360518219,9
CellRank_terminal_proxy,Responder,CellRank,CellRank†,pre_only_fate_weighted_terminal_state_expression_proxy,TMBIM6,1.8057959986582404,1.96944483505105,0.1636488363928097,0.1636488363928097,9
CellRank_terminal_proxy,Responder,CellRank,CellRank†,pre_only_fate_weighted_terminal_state_expression_proxy,TMC6,1.524534821297613,1.5969180304705513,0.0723832091729381,0.0723832091729381,7
CellRank_terminal_proxy,Responder,CellRank,CellRank†,pre_only_fate_weighted_terminal_state_expression_proxy,TMED10,1.3225927721154578,1.4201251302644122,0.0975323581489544,0.0975323581489544,5
CellRank_terminal_proxy,Responder,CellRank,CellRank†,pre_only_fate_weighted_terminal_state_expression_proxy,TMED2,1.2779533532475995,1.3416682474099222,0.0637148941623226,0.0637148941623226,5
CellRank_terminal_proxy,Responder,CellRank,CellRank†,pre_only_fate_weighted_terminal_state_expression_proxy,TMED9,0.9403106424508528,0.9878666246302628,0.0475559821794099,0.0475559821794099,2
CellRank_terminal_proxy,Responder,CellRank,CellRank†,pre_only_fate_weighted_terminal_state_expression_proxy,TMEM109,1.047072429741761,1.064725883179283,0.0176534534375218,0.0176534534375218,3
CellRank_terminal_proxy,Responder,CellRank,CellRank†,pre_only_fate_weighted_terminal_state_expression_proxy,TMEM123,1.1368421661261372,1.5825335528009232,0.445691386674786,0.445691386674786,4
CellRank_terminal_proxy,Responder,CellRank,CellRank†,pre_only_fate_weighted_terminal_state_expression_proxy,TMEM179B,0.8312291553672594,0.8586394925525394,0.0274103371852799,0.0274103371852799,1
CellRank_terminal_proxy,Responder,CellRank,CellRank†,pre_only_fate_weighted_terminal_state_expression_proxy,TMEM219,1.0505198468872536,1.130757249657295,0.0802374027700414,0.0802374027700414,3
CellRank_terminal_proxy,Responder,CellRank,CellRank†,pre_only_fate_weighted_terminal_state_expression_proxy,TMEM258,1.0590915870165016,1.0419605981588558,-0.0171309888576458,0.0171309888576458,3
CellRank_terminal_proxy,Responder,CellRank,CellRank†,pre_only_fate_weighted_terminal_state_expression_proxy,TMEM59,1.548649794441385,1.6294243316233057,0.0807745371819206,0.0807745371819206,8
CellRank_terminal_proxy,Responder,CellRank,CellRank†,pre_only_fate_weighted_terminal_state_expression_proxy,TNFAIP3,2.173837444394554,1.6934294155851195,-0.4804080288094343,0.4804080288094343,10
CellRank_terminal_proxy,Responder,CellRank,CellRank†,pre_only_fate_weighted_terminal_state_expression_proxy,TNFAIP8,1.002245803887544,1.1657112714358115,0.1634654675482674,0.1634654675482674,2
CellRank_terminal_proxy,Responder,CellRank,CellRank†,pre_only_fate_weighted_terminal_state_expression_proxy,TNFRSF1B,1.409363114523289,1.3371782367653775,-0.0721848777579112,0.0721848777579112,6
CellRank_terminal_proxy,Responder,CellRank,CellRank†,pre_only_fate_weighted_terminal_state_expression_proxy,TOB1,1.7821776793769442,1.643063473292333,-0.1391142060846111,0.1391142060846111,9
CellRank_terminal_proxy,Responder,CellRank,CellRank†,pre_only_fate_weighted_terminal_state_expression_proxy,TOMM7,1.628002315944674,1.3306910562336125,-0.2973112597110616,0.2973112597110616,8
CellRank_terminal_proxy,Responder,CellRank,CellRank†,pre_only_fate_weighted_terminal_state_expression_proxy,TOX,0.9570262567258444,0.1438918720602421,-0.8131343846656022,0.8131343846656022,2
CellRank_terminal_proxy,Responder,CellRank,CellRank†,pre_only_fate_weighted_terminal_state_expression_proxy,TPI1,1.7374497235071569,2.067917540396714,0.3304678168895574,0.3304678168895574,9
CellRank_terminal_proxy,Responder,CellRank,CellRank†,pre_only_fate_weighted_terminal_state_expression_proxy,TPM3,1.906231681815008,1.9222730877034744,0.0160414058884663,0.0160414058884663,10
CellRank_terminal_proxy,Responder,CellRank,CellRank†,pre_only_fate_weighted_terminal_state_expression_proxy,TPM4,1.3236400583548165,1.5791130260615596,0.2554729677067431,0.2554729677067431,5
CellRank_terminal_proxy,Responder,CellRank,CellRank†,pre_only_fate_weighted_terminal_state_expression_proxy,TPP1,1.3767986390865627,1.9261654182392436,0.5493667791526806,0.5493667791526806,6
CellRank_terminal_proxy,Responder,CellRank,CellRank†,pre_only_fate_weighted_terminal_state_expression_proxy,TRA2B,1.4839066711089557,1.5595007262302223,0.0755940551212668,0.0755940551212668,7
CellRank_terminal_proxy,Responder,CellRank,CellRank†,pre_only_fate_weighted_terminal_state_expression_proxy,TRAC,1.9010084413230803,0.1663153998271588,-1.7346930414959214,1.7346930414959214,10
CellRank_terminal_proxy,Responder,CellRank,CellRank†,pre_only_fate_weighted_terminal_state_expression_proxy,TRAF3IP3,1.3164786115660396,0.9515352601639516,-0.3649433514020881,0.3649433514020881,5
CellRank_terminal_proxy,Responder,CellRank,CellRank†,pre_only_fate_weighted_terminal_state_expression_proxy,TRAM1,1.30604700295709,1.3005532636899362,-0.0054937392671539,0.0054937392671539,5
CellRank_terminal_proxy,Responder,CellRank,CellRank†,pre_only_fate_weighted_terminal_state_expression_proxy,TRBC2,2.232452663418626,0.8993838838896812,-1.3330687795289449,1.3330687795289449,10
CellRank_terminal_proxy,Responder,CellRank,CellRank†,pre_only_fate_weighted_terminal_state_expression_proxy,TRIM22,1.381383234701584,1.726340409016812,0.344957174315228,0.344957174315228,6
CellRank_terminal_proxy,Responder,CellRank,CellRank†,pre_only_fate_weighted_terminal_state_expression_proxy,TRMT112,1.439764247198723,1.4593859821566693,0.0196217349579459,0.0196217349579459,7
CellRank_terminal_proxy,Responder,CellRank,CellRank†,pre_only_fate_weighted_terminal_state_expression_proxy,TSC22D3,2.2640592788910405,2.2347163543793784,-0.029342924511662,0.029342924511662,10
CellRank_terminal_proxy,Responder,CellRank,CellRank†,pre_only_fate_weighted_terminal_state_expression_proxy,TSPO,1.2525492176465802,1.6060584693725657,0.3535092517259854,0.3535092517259854,5
CellRank_terminal_proxy,Responder,CellRank,CellRank†,pre_only_fate_weighted_terminal_state_expression_proxy,TSPYL2,1.6100491897098266,0.9622762881939272,-0.6477729015158995,0.6477729015158995,8
CellRank_terminal_proxy,Responder,CellRank,CellRank†,pre_only_fate_weighted_terminal_state_expression_proxy,TTC3,1.2685302851724614,1.3299027492027868,0.0613724640303254,0.0613724640303254,5
CellRank_terminal_proxy,Responder,CellRank,CellRank†,pre_only_fate_weighted_terminal_state_expression_proxy,TUBA1A,1.5031255310072784,1.6897645528571033,0.1866390218498248,0.1866390218498248,7
CellRank_terminal_proxy,Responder,CellRank,CellRank†,pre_only_fate_weighted_terminal_state_expression_proxy,TUBA1B,1.7373531056333449,1.952700053951516,0.2153469483181707,0.2153469483181707,9
CellRank_terminal_proxy,Responder,CellRank,CellRank†,pre_only_fate_weighted_terminal_state_expression_proxy,TUBA4A,1.7170949649689575,0.8542991546927209,-0.8627958102762366,0.8627958102762366,9
CellRank_terminal_proxy,Responder,CellRank,CellRank†,pre_only_fate_weighted_terminal_state_expression_proxy,TUBB,1.2251374911223116,1.3264357149754504,0.1012982238531388,0.1012982238531388,4
CellRank_terminal_proxy,Responder,CellRank,CellRank†,pre_only_fate_weighted_terminal_state_expression_proxy,TUBB4B,1.5055232869887183,1.5042350876013344,-0.0012881993873838,0.0012881993873838,7
CellRank_terminal_proxy,Responder,CellRank,CellRank†,pre_only_fate_weighted_terminal_state_expression_proxy,TWF2,0.8819616263026033,1.2487884133477294,0.366826787045126,0.366826787045126,1
CellRank_terminal_proxy,Responder,CellRank,CellRank†,pre_only_fate_weighted_terminal_state_expression_proxy,TXN,0.9223403437561194,1.1359465454102229,0.2136062016541032,0.2136062016541032,2
CellRank_terminal_proxy,Responder,CellRank,CellRank†,pre_only_fate_weighted_terminal_state_expression_proxy,TXNIP,1.796185125889916,2.1563025503574846,0.3601174244675686,0.3601174244675686,9
CellRank_terminal_proxy,Responder,CellRank,CellRank†,pre_only_fate_weighted_terminal_state_expression_proxy,TYMP,0.7817564251135715,1.385859985665462,0.6041035605518906,0.6041035605518906,1
CellRank_terminal_proxy,Responder,CellRank,CellRank†,pre_only_fate_weighted_terminal_state_expression_proxy,U2AF1,1.544058210231298,1.3341473295992978,-0.2099108806320002,0.2099108806320002,8
CellRank_terminal_proxy,Responder,CellRank,CellRank†,pre_only_fate_weighted_terminal_state_expression_proxy,UBB,2.1684508548717063,2.228526479234771,0.0600756243630646,0.0600756243630646,10
CellRank_terminal_proxy,Responder,CellRank,CellRank†,pre_only_fate_weighted_terminal_state_expression_proxy,UBE2B,1.456204467484555,1.5952321666370202,0.1390276991524652,0.1390276991524652,7
CellRank_terminal_proxy,Responder,CellRank,CellRank†,pre_only_fate_weighted_terminal_state_expression_proxy,UBE2D3,1.7967830549013404,1.7254708267165262,-0.0713122281848142,0.0713122281848142,9
CellRank_terminal_proxy,Responder,CellRank,CellRank†,pre_only_fate_weighted_terminal_state_expression_proxy,UBE2L6,1.2380251608465551,1.3680611167269106,0.1300359558803552,0.1300359558803552,5
CellRank_terminal_proxy,Responder,CellRank,CellRank†,pre_only_fate_weighted_terminal_state_expression_proxy,UBL5,1.383504204882358,1.2986640839128916,-0.0848401209694664,0.0848401209694664,6
CellRank_terminal_proxy,Responder,CellRank,CellRank†,pre_only_fate_weighted_terminal_state_expression_proxy,UBXN1,1.4569830098784933,1.6637929317130826,0.2068099218345893,0.2068099218345893,7
CellRank_terminal_proxy,Responder,CellRank,CellRank†,pre_only_fate_weighted_terminal_state_expression_proxy,UCP2,1.6052707950780547,1.7439718627911578,0.1387010677131031,0.1387010677131031,8
CellRank_terminal_proxy,Responder,CellRank,CellRank†,pre_only_fate_weighted_terminal_state_expression_proxy,UQCR11,1.1989272878955377,1.208747124496774,0.0098198366012363,0.0098198366012363,4
CellRank_terminal_proxy,Responder,CellRank,CellRank†,pre_only_fate_weighted_terminal_state_expression_proxy,UQCRB,1.3688524824223849,1.4749394275167969,0.1060869450944121,0.1060869450944121,6
CellRank_terminal_proxy,Responder,CellRank,CellRank†,pre_only_fate_weighted_terminal_state_expression_proxy,UQCRC1,1.1206614844364402,1.4957825546963204,0.3751210702598802,0.3751210702598802,3
CellRank_terminal_proxy,Responder,CellRank,CellRank†,pre_only_fate_weighted_terminal_state_expression_proxy,UQCRH,1.308780167163786,1.4183806517413118,0.1096004845775258,0.1096004845775258,5
CellRank_terminal_proxy,Responder,CellRank,CellRank†,pre_only_fate_weighted_terminal_state_expression_proxy,UQCRQ,1.2753119638258943,1.3958253136086516,0.120513349782757,0.120513349782757,5
CellRank_terminal_proxy,Responder,CellRank,CellRank†,pre_only_fate_weighted_terminal_state_expression_proxy,USP11,1.2963547496461616,0.9033563112951594,-0.3929984383510022,0.3929984383510022,5
CellRank_terminal_proxy,Responder,CellRank,CellRank†,pre_only_fate_weighted_terminal_state_expression_proxy,USP15,1.2449075045008713,1.324158338107881,0.0792508336070096,0.0792508336070096,5
CellRank_terminal_proxy,Responder,CellRank,CellRank†,pre_only_fate_weighted_terminal_state_expression_proxy,USP36,1.448720832412166,1.2542535359538507,-0.1944672964583151,0.1944672964583151,7
CellRank_terminal_proxy,Responder,CellRank,CellRank†,pre_only_fate_weighted_terminal_state_expression_proxy,VAMP5,0.6673227054337105,0.8797163796131193,0.2123936741794088,0.2123936741794088,1
CellRank_terminal_proxy,Responder,CellRank,CellRank†,pre_only_fate_weighted_terminal_state_expression_proxy,VAMP8,1.1225800277917375,1.5142569367521912,0.3916769089604535,0.3916769089604535,3
CellRank_terminal_proxy,Responder,CellRank,CellRank†,pre_only_fate_weighted_terminal_state_expression_proxy,VAPA,1.282589040345251,1.7435521871172028,0.4609631467719521,0.4609631467719521,5
CellRank_terminal_proxy,Responder,CellRank,CellRank†,pre_only_fate_weighted_terminal_state_expression_proxy,VDAC2,1.1813447256661855,1.2478411090926032,0.0664963834264176,0.0664963834264176,4
CellRank_terminal_proxy,Responder,CellRank,CellRank†,pre_only_fate_weighted_terminal_state_expression_proxy,VIM,1.807517909909326,2.08197289566742,0.2744549857580936,0.2744549857580936,10
CellRank_terminal_proxy,Responder,CellRank,CellRank†,pre_only_fate_weighted_terminal_state_expression_proxy,VMP1,1.492287081346256,1.7875714477033855,0.2952843663571294,0.2952843663571294,7
CellRank_terminal_proxy,Responder,CellRank,CellRank†,pre_only_fate_weighted_terminal_state_expression_proxy,VPS29,1.1137614006427918,1.445056098012598,0.3312946973698061,0.3312946973698061,3
CellRank_terminal_proxy,Responder,CellRank,CellRank†,pre_only_fate_weighted_terminal_state_expression_proxy,WDR1,1.316882689417871,1.2415547862781882,-0.0753279031396825,0.0753279031396825,5
CellRank_terminal_proxy,Responder,CellRank,CellRank†,pre_only_fate_weighted_terminal_state_expression_proxy,WSB1,1.5101395591636346,1.731188826615093,0.2210492674514583,0.2210492674514583,7
CellRank_terminal_proxy,Responder,CellRank,CellRank†,pre_only_fate_weighted_terminal_state_expression_proxy,XAF1,0.8439666426849446,1.4615069911480452,0.6175403484631006,0.6175403484631006,1
CellRank_terminal_proxy,Responder,CellRank,CellRank†,pre_only_fate_weighted_terminal_state_expression_proxy,XIST,0.77205377795371,0.4447764133899097,-0.3272773645638002,0.3272773645638002,1
CellRank_terminal_proxy,Responder,CellRank,CellRank†,pre_only_fate_weighted_terminal_state_expression_proxy,XRCC6,1.5534384747034164,1.4598968734436688,-0.0935416012597476,0.0935416012597476,8
CellRank_terminal_proxy,Responder,CellRank,CellRank†,pre_only_fate_weighted_terminal_state_expression_proxy,YPEL5,1.918162507813008,1.8249636905931168,-0.0931988172198909,0.0931988172198909,10
CellRank_terminal_proxy,Responder,CellRank,CellRank†,pre_only_fate_weighted_terminal_state_expression_proxy,YWHAB,1.7131996324106304,1.6354275078949552,-0.0777721245156752,0.0777721245156752,9
CellRank_terminal_proxy,Responder,CellRank,CellRank†,pre_only_fate_weighted_terminal_state_expression_proxy,YWHAE,1.4850571379299706,1.7136299694992274,0.2285728315692567,0.2285728315692567,7
CellRank_terminal_proxy,Responder,CellRank,CellRank†,pre_only_fate_weighted_terminal_state_expression_proxy,YWHAQ,1.2910701510133271,1.456176703408531,0.1651065523952035,0.1651065523952035,5
CellRank_terminal_proxy,Responder,CellRank,CellRank†,pre_only_fate_weighted_terminal_state_expression_proxy,ZAP70,1.5034819939800124,0.0017524711619683,-1.501729522818044,1.501729522818044,7
CellRank_terminal_proxy,Responder,CellRank,CellRank†,pre_only_fate_weighted_terminal_state_expression_proxy,ZEB2,1.1665562950896606,1.567145870422058,0.4005895753323973,0.4005895753323973,4
CellRank_terminal_proxy,Responder,CellRank,CellRank†,pre_only_fate_weighted_terminal_state_expression_proxy,ZFAND5,1.4180386933231397,1.4897618722643742,0.0717231789412347,0.0717231789412347,6
CellRank_terminal_proxy,Responder,CellRank,CellRank†,pre_only_fate_weighted_terminal_state_expression_proxy,ZFAS1,1.5164201824222778,1.6783515789860812,0.1619313965638034,0.1619313965638034,7
CellRank_terminal_proxy,Responder,CellRank,CellRank†,pre_only_fate_weighted_terminal_state_expression_proxy,ZFP36L1,1.951855280951169,2.328022687294121,0.3761674063429523,0.3761674063429523,10
CellRank_terminal_proxy,Responder,CellRank,CellRank†,pre_only_fate_weighted_terminal_state_expression_proxy,ZFP36L2,1.898367914979016,1.2713032262342867,-0.6270646887447289,0.6270646887447289,10
CellRank_terminal_proxy,Responder,CellRank,CellRank†,pre_only_fate_weighted_terminal_state_expression_proxy,ZNF331,1.8281581879058355,1.706139506048892,-0.1220186818569435,0.1220186818569435,10
CellRank_terminal_proxy,Responder,CellRank,CellRank†,pre_only_fate_weighted_terminal_state_expression_proxy,ZNF706,1.2929761839633982,1.3301953910396662,0.037219207076268,0.037219207076268,5
CellRank_terminal_proxy,Responder,CellRank,CellRank†,pre_only_fate_weighted_terminal_state_expression_proxy,ZYX,0.9078187722200252,1.0200134033304158,0.1121946311103906,0.1121946311103906,2
AgentVC_proxy,Responder,Leca-VC,AgentVC,offline_reconstructed_runtime_expression_proxy,ACAA1,0.9119602740882634,0.9256577091122344,0.013697435023971,0.013697435023971,2
AgentVC_proxy,Responder,Leca-VC,AgentVC,offline_reconstructed_runtime_expression_proxy,ACADVL,1.3251737557369676,1.2775674659094811,-0.0476062898274862,0.0476062898274862,6
AgentVC_proxy,Responder,Leca-VC,AgentVC,offline_reconstructed_runtime_expression_proxy,ACAP1,1.6104859732610497,1.547919905622375,-0.0625660676386747,0.0625660676386747,8
AgentVC_proxy,Responder,Leca-VC,AgentVC,offline_reconstructed_runtime_expression_proxy,ACTN4,1.1139056241334653,1.052151491262838,-0.0617541328706272,0.0617541328706272,3
AgentVC_proxy,Responder,Leca-VC,AgentVC,offline_reconstructed_runtime_expression_proxy,ACTR3,1.4703214861035927,1.7154057859387024,0.2450842998351097,0.2450842998351097,7
AgentVC_proxy,Responder,Leca-VC,AgentVC,offline_reconstructed_runtime_expression_proxy,ADAM19,1.0060599539522468,1.2612141208001983,0.2551541668479515,0.2551541668479515,2
AgentVC_proxy,Responder,Leca-VC,AgentVC,offline_reconstructed_runtime_expression_proxy,ADPGK,1.1083027962714755,1.2454971262061507,0.1371943299346751,0.1371943299346751,3
AgentVC_proxy,Responder,Leca-VC,AgentVC,offline_reconstructed_runtime_expression_proxy,ADRM1,1.1183631351987278,1.0453640568719915,-0.0729990783267362,0.0729990783267362,3
AgentVC_proxy,Responder,Leca-VC,AgentVC,offline_reconstructed_runtime_expression_proxy,AHNAK,1.625131900189685,1.635937881892226,0.0108059817025409,0.0108059817025409,8
AgentVC_proxy,Responder,Leca-VC,AgentVC,offline_reconstructed_runtime_expression_proxy,AHSA1,1.2624908254186489,1.0919212864560548,-0.170569538962594,0.170569538962594,5
AgentVC_proxy,Responder,Leca-VC,AgentVC,offline_reconstructed_runtime_expression_proxy,AKAP13,1.831422284549307,1.5790347725842655,-0.2523875119650409,0.2523875119650409,10
AgentVC_proxy,Responder,Leca-VC,AgentVC,offline_reconstructed_runtime_expression_proxy,AKAP9,1.4113660583727694,1.378736482820709,-0.0326295755520604,0.0326295755520604,6
AgentVC_proxy,Responder,Leca-VC,AgentVC,offline_reconstructed_runtime_expression_proxy,AKNA,1.5346652328814685,1.4704825545942242,-0.0641826782872441,0.0641826782872441,7
AgentVC_proxy,Responder,Leca-VC,AgentVC,offline_reconstructed_runtime_expression_proxy,AKR1A1,0.8226244927143551,0.7646065921076394,-0.0580179006067157,0.0580179006067157,1
AgentVC_proxy,Responder,Leca-VC,AgentVC,offline_reconstructed_runtime_expression_proxy,ALDOA,2.002127095146637,2.0863778992591966,0.0842508041125595,0.0842508041125595,10
AgentVC_proxy,Responder,Leca-VC,AgentVC,offline_reconstructed_runtime_expression_proxy,ALOX5AP,1.405952016338776,1.463859181053229,0.0579071647144533,0.0579071647144533,6
AgentVC_proxy,Responder,Leca-VC,AgentVC,offline_reconstructed_runtime_expression_proxy,ANAPC11,0.9212367706477588,0.9070656461314522,-0.0141711245163064,0.0141711245163064,2
AgentVC_proxy,Responder,Leca-VC,AgentVC,offline_reconstructed_runtime_expression_proxy,ANKRD36BP1,0.8246833618990767,1.0089433993398769,0.1842600374408002,0.1842600374408002,1
AgentVC_proxy,Responder,Leca-VC,AgentVC,offline_reconstructed_runtime_expression_proxy,ANXA1,1.525013630876768,1.4208670116779434,-0.1041466191988245,0.1041466191988245,7
AgentVC_proxy,Responder,Leca-VC,AgentVC,offline_reconstructed_runtime_expression_proxy,ANXA2,1.2243727733034957,1.5079911112776945,0.2836183379741988,0.2836183379741988,4
AgentVC_proxy,Responder,Leca-VC,AgentVC,offline_reconstructed_runtime_expression_proxy,ANXA5,1.194570887833644,1.2048254398047813,0.0102545519711372,0.0102545519711372,4
AgentVC_proxy,Responder,Leca-VC,AgentVC,offline_reconstructed_runtime_expression_proxy,ANXA6,1.5346384951398684,1.5527595840832602,0.0181210889433918,0.0181210889433918,7
AgentVC_proxy,Responder,Leca-VC,AgentVC,offline_reconstructed_runtime_expression_proxy,AOAH,1.300954887035188,1.1644644115930507,-0.1364904754421374,0.1364904754421374,5
AgentVC_proxy,Responder,Leca-VC,AgentVC,offline_reconstructed_runtime_expression_proxy,AP1G2,1.4548686463257676,1.5858333499888122,0.1309647036630445,0.1309647036630445,7
AgentVC_proxy,Responder,Leca-VC,AgentVC,offline_reconstructed_runtime_expression_proxy,AP2S1,0.7705707977744005,0.845651931601935,0.0750811338275344,0.0750811338275344,1
AgentVC_proxy,Responder,Leca-VC,AgentVC,offline_reconstructed_runtime_expression_proxy,APEX1,0.8453715287113743,0.8823193600078154,0.036947831296441,0.036947831296441,1
AgentVC_proxy,Responder,Leca-VC,AgentVC,offline_reconstructed_runtime_expression_proxy,APLP2,1.00369389011143,0.7678133695298989,-0.2358805205815312,0.2358805205815312,2
AgentVC_proxy,Responder,Leca-VC,AgentVC,offline_reconstructed_runtime_expression_proxy,APMAP,1.116732758944893,1.1779450552477408,0.0612122963028478,0.0612122963028478,3
AgentVC_proxy,Responder,Leca-VC,AgentVC,offline_reconstructed_runtime_expression_proxy,APOBEC3G,1.2839019256289683,1.6059906502804335,0.322088724651465,0.322088724651465,5
AgentVC_proxy,Responder,Leca-VC,AgentVC,offline_reconstructed_runtime_expression_proxy,APRT,1.445393229417488,1.584022684930751,0.138629455513263,0.138629455513263,7
AgentVC_proxy,Responder,Leca-VC,AgentVC,offline_reconstructed_runtime_expression_proxy,ARF1,1.8062106404871063,1.793379063476537,-0.0128315770105695,0.0128315770105695,9
AgentVC_proxy,Responder,Leca-VC,AgentVC,offline_reconstructed_runtime_expression_proxy,ARF4,1.1880638357314148,0.9469729229653808,-0.241090912766034,0.241090912766034,4
AgentVC_proxy,Responder,Leca-VC,AgentVC,offline_reconstructed_runtime_expression_proxy,ARF5,1.1694238096158187,1.232426382986347,0.0630025733705283,0.0630025733705283,4
AgentVC_proxy,Responder,Leca-VC,AgentVC,offline_reconstructed_runtime_expression_proxy,ARHGAP17,0.9018410312031864,0.9258241787433862,0.0239831475401997,0.0239831475401997,1
AgentVC_proxy,Responder,Leca-VC,AgentVC,offline_reconstructed_runtime_expression_proxy,ARHGAP4,1.4006103331735955,1.437258822299377,0.0366484891257812,0.0366484891257812,6
AgentVC_proxy,Responder,Leca-VC,AgentVC,offline_reconstructed_runtime_expression_proxy,ARHGAP9,1.704795255267435,1.6386193889131009,-0.0661758663543341,0.0661758663543341,9
AgentVC_proxy,Responder,Leca-VC,AgentVC,offline_reconstructed_runtime_expression_proxy,ARHGEF1,1.862194809438673,1.8710044054406256,0.0088095960019523,0.0088095960019523,10
AgentVC_proxy,Responder,Leca-VC,AgentVC,offline_reconstructed_runtime_expression_proxy,ARID4B,1.5571045797909235,1.5218699703423804,-0.0352346094485431,0.0352346094485431,8
AgentVC_proxy,Responder,Leca-VC,AgentVC,offline_reconstructed_runtime_expression_proxy,ARID5A,1.2675468267837668,1.278943181982079,0.0113963551983118,0.0113963551983118,5
AgentVC_proxy,Responder,Leca-VC,AgentVC,offline_reconstructed_runtime_expression_proxy,ARL4C,1.0517929636829435,1.109926537312311,0.0581335736293675,0.0581335736293675,3
AgentVC_proxy,Responder,Leca-VC,AgentVC,offline_reconstructed_runtime_expression_proxy,ARL6IP1,1.4654549701711193,1.4191817155660733,-0.0462732546050459,0.0462732546050459,7
AgentVC_proxy,Responder,Leca-VC,AgentVC,offline_reconstructed_runtime_expression_proxy,ARL6IP4,1.308429734660352,1.194692422599855,-0.1137373120604969,0.1137373120604969,5
AgentVC_proxy,Responder,Leca-VC,AgentVC,offline_reconstructed_runtime_expression_proxy,ARL6IP5,1.466677910747855,1.5841398819458268,0.1174619711979718,0.1174619711979718,7
AgentVC_proxy,Responder,Leca-VC,AgentVC,offline_reconstructed_runtime_expression_proxy,ARL8B,0.9354502481488698,0.8784957657030391,-0.0569544824458306,0.0569544824458306,2
AgentVC_proxy,Responder,Leca-VC,AgentVC,offline_reconstructed_runtime_expression_proxy,ARPC1B,1.6539229755573015,1.8255681025231207,0.1716451269658194,0.1716451269658194,8
AgentVC_proxy,Responder,Leca-VC,AgentVC,offline_reconstructed_runtime_expression_proxy,ARPC3,1.7520250447198051,1.8559602728911504,0.1039352281713452,0.1039352281713452,9
AgentVC_proxy,Responder,Leca-VC,AgentVC,offline_reconstructed_runtime_expression_proxy,ARPC4,1.6126290553813476,1.7914509424759697,0.1788218870946221,0.1788218870946221,8
AgentVC_proxy,Responder,Leca-VC,AgentVC,offline_reconstructed_runtime_expression_proxy,ARPC5,1.3127350455044706,1.4413030455529334,0.1285680000484628,0.1285680000484628,5
AgentVC_proxy,Responder,Leca-VC,AgentVC,offline_reconstructed_runtime_expression_proxy,ATF4,1.5260093707394735,1.1852090685277734,-0.3408003022117001,0.3408003022117001,7
AgentVC_proxy,Responder,Leca-VC,AgentVC,offline_reconstructed_runtime_expression_proxy,ATG3,0.9784480333841866,1.0189786011230404,0.0405305677388537,0.0405305677388537,2
AgentVC_proxy,Responder,Leca-VC,AgentVC,offline_reconstructed_runtime_expression_proxy,ATP1B3,1.6181269182443123,1.1095796449762405,-0.508547273268072,0.508547273268072,8
AgentVC_proxy,Responder,Leca-VC,AgentVC,offline_reconstructed_runtime_expression_proxy,ATP6AP1,0.9319722047646838,0.936847237734268,0.0048750329695843,0.0048750329695843,2
AgentVC_proxy,Responder,Leca-VC,AgentVC,offline_reconstructed_runtime_expression_proxy,ATP6AP2,1.0637167656334323,1.0826935374343445,0.0189767718009119,0.0189767718009119,3
AgentVC_proxy,Responder,Leca-VC,AgentVC,offline_reconstructed_runtime_expression_proxy,ATP6V0B,1.183264208581032,1.0664381384469197,-0.1168260701341121,0.1168260701341121,4
AgentVC_proxy,Responder,Leca-VC,AgentVC,offline_reconstructed_runtime_expression_proxy,ATP6V0D1,1.0797245069414323,0.9669905822975744,-0.112733924643858,0.112733924643858,3
AgentVC_proxy,Responder,Leca-VC,AgentVC,offline_reconstructed_runtime_expression_proxy,ATP6V0E1,1.3937402526633664,1.478294593676834,0.0845543410134674,0.0845543410134674,6
AgentVC_proxy,Responder,Leca-VC,AgentVC,offline_reconstructed_runtime_expression_proxy,ATP6V1B2,0.6803524153635225,0.7710811312458787,0.0907287158823562,0.0907287158823562,1
AgentVC_proxy,Responder,Leca-VC,AgentVC,offline_reconstructed_runtime_expression_proxy,ATP6V1F,0.9924053335101624,0.9758147171322176,-0.0165906163779446,0.0165906163779446,2
AgentVC_proxy,Responder,Leca-VC,AgentVC,offline_reconstructed_runtime_expression_proxy,ATP6V1G1,1.3724299062637135,1.4720608812712186,0.099630975007505,0.099630975007505,6
AgentVC_proxy,Responder,Leca-VC,AgentVC,offline_reconstructed_runtime_expression_proxy,ATRAID,1.0284939611536814,1.062249105001395,0.0337551438477135,0.0337551438477135,2
AgentVC_proxy,Responder,Leca-VC,AgentVC,offline_reconstructed_runtime_expression_proxy,B4GALT1,1.5549448310123628,1.7463043936882805,0.1913595626759177,0.1913595626759177,8
AgentVC_proxy,Responder,Leca-VC,AgentVC,offline_reconstructed_runtime_expression_proxy,BCAP31,1.2488965000170875,1.254907744276904,0.0060112442598163,0.0060112442598163,5
AgentVC_proxy,Responder,Leca-VC,AgentVC,offline_reconstructed_runtime_expression_proxy,BCL2L11,1.1177704622099582,0.9433518687873688,-0.1744185934225893,0.1744185934225893,3
AgentVC_proxy,Responder,Leca-VC,AgentVC,offline_reconstructed_runtime_expression_proxy,BHLHE40,1.0482046722323866,1.0560809129063609,0.0078762406739743,0.0078762406739743,3
AgentVC_proxy,Responder,Leca-VC,AgentVC,offline_reconstructed_runtime_expression_proxy,BIN2,1.197649893626527,1.3646382957969532,0.1669884021704262,0.1669884021704262,4
AgentVC_proxy,Responder,Leca-VC,AgentVC,offline_reconstructed_runtime_expression_proxy,BIRC3,1.7743982721417797,1.6645246876139563,-0.1098735845278231,0.1098735845278231,9
AgentVC_proxy,Responder,Leca-VC,AgentVC,offline_reconstructed_runtime_expression_proxy,BRD2,1.8578360929517812,1.5843104403582329,-0.2735256525935488,0.2735256525935488,10
AgentVC_proxy,Responder,Leca-VC,AgentVC,offline_reconstructed_runtime_expression_proxy,BRK1,1.2360643907083342,1.4185193930746869,0.1824550023663524,0.1824550023663524,4
AgentVC_proxy,Responder,Leca-VC,AgentVC,offline_reconstructed_runtime_expression_proxy,BST2,1.0729966533892967,1.071865418984462,-0.0011312344048348,0.0011312344048348,3
AgentVC_proxy,Responder,Leca-VC,AgentVC,offline_reconstructed_runtime_expression_proxy,BTG1,1.8020223380730207,1.6245569069135584,-0.1774654311594627,0.1774654311594627,9
AgentVC_proxy,Responder,Leca-VC,AgentVC,offline_reconstructed_runtime_expression_proxy,BTG2,1.6783045661774156,1.6934897134255753,0.0151851472481596,0.0151851472481596,9
AgentVC_proxy,Responder,Leca-VC,AgentVC,offline_reconstructed_runtime_expression_proxy,BTN3A2,1.5149520450190457,1.5803885207097963,0.0654364756907506,0.0654364756907506,7
AgentVC_proxy,Responder,Leca-VC,AgentVC,offline_reconstructed_runtime_expression_proxy,BUD31,1.1615553485427133,1.1276488835929754,-0.0339064649497378,0.0339064649497378,4
AgentVC_proxy,Responder,Leca-VC,AgentVC,offline_reconstructed_runtime_expression_proxy,BZW1,1.33170042299294,1.2162763946689752,-0.1154240283239649,0.1154240283239649,6
AgentVC_proxy,Responder,Leca-VC,AgentVC,offline_reconstructed_runtime_expression_proxy,C11orf58,1.5158079919829204,1.6638921085622853,0.1480841165793649,0.1480841165793649,7
AgentVC_proxy,Responder,Leca-VC,AgentVC,offline_reconstructed_runtime_expression_proxy,C17orf49,0.9922256923530208,1.085629937919313,0.0934042455662922,0.0934042455662922,2
AgentVC_proxy,Responder,Leca-VC,AgentVC,offline_reconstructed_runtime_expression_proxy,C19orf53,1.1585795253525677,1.175075678708015,0.0164961533554475,0.0164961533554475,4
AgentVC_proxy,Responder,Leca-VC,AgentVC,offline_reconstructed_runtime_expression_proxy,C1QBP,1.014040613503315,0.9857598191884982,-0.0282807943148168,0.0282807943148168,2
AgentVC_proxy,Responder,Leca-VC,AgentVC,offline_reconstructed_runtime_expression_proxy,C1orf43,1.1226115524511324,1.134128939478681,0.0115173870275486,0.0115173870275486,3
AgentVC_proxy,Responder,Leca-VC,AgentVC,offline_reconstructed_runtime_expression_proxy,CACYBP,1.1984220282177644,1.237014297503211,0.0385922692854465,0.0385922692854465,4
AgentVC_proxy,Responder,Leca-VC,AgentVC,offline_reconstructed_runtime_expression_proxy,CALM2,2.0177144739092325,1.904625164912899,-0.1130893089963338,0.1130893089963338,10
AgentVC_proxy,Responder,Leca-VC,AgentVC,offline_reconstructed_runtime_expression_proxy,CANX,1.3503752336568289,1.314832896674754,-0.0355423369820746,0.0355423369820746,6
AgentVC_proxy,Responder,Leca-VC,AgentVC,offline_reconstructed_runtime_expression_proxy,CAP1,1.4858210378936585,1.6961865197513817,0.2103654818577229,0.2103654818577229,7
AgentVC_proxy,Responder,Leca-VC,AgentVC,offline_reconstructed_runtime_expression_proxy,CAPG,0.7778808008922798,0.9793131609830094,0.2014323600907295,0.2014323600907295,1
AgentVC_proxy,Responder,Leca-VC,AgentVC,offline_reconstructed_runtime_expression_proxy,CAPZA2,0.9685341176618364,1.1477233671216995,0.179189249459863,0.179189249459863,2
AgentVC_proxy,Responder,Leca-VC,AgentVC,offline_reconstructed_runtime_expression_proxy,CAPZB,1.5741063277732918,1.5918455370016502,0.0177392092283583,0.0177392092283583,8
AgentVC_proxy,Responder,Leca-VC,AgentVC,offline_reconstructed_runtime_expression_proxy,CBLB,1.6531914249502375,1.4574465672944648,-0.1957448576557729,0.1957448576557729,8
AgentVC_proxy,Responder,Leca-VC,AgentVC,offline_reconstructed_runtime_expression_proxy,CBX6,1.0515772198538973,1.2540072222598866,0.2024300024059893,0.2024300024059893,3
AgentVC_proxy,Responder,Leca-VC,AgentVC,offline_reconstructed_runtime_expression_proxy,CCL3,0.5293122883525224,0.9303719900739384,0.401059701721416,0.401059701721416,1
AgentVC_proxy,Responder,Leca-VC,AgentVC,offline_reconstructed_runtime_expression_proxy,CCL4,1.3938190888977142,1.400115909265805,0.0062968203680908,0.0062968203680908,6
AgentVC_proxy,Responder,Leca-VC,AgentVC,offline_reconstructed_runtime_expression_proxy,CCL4L2,0.8179578578362829,0.9752467316843428,0.1572888738480597,0.1572888738480597,1
AgentVC_proxy,Responder,Leca-VC,AgentVC,offline_reconstructed_runtime_expression_proxy,CCL5,2.0318017785885374,1.868363271798515,-0.1634385067900223,0.1634385067900223,10
AgentVC_proxy,Responder,Leca-VC,AgentVC,offline_reconstructed_runtime_expression_proxy,CCND3,1.5355844124906164,1.3719483057250583,-0.163636106765558,0.163636106765558,7
AgentVC_proxy,Responder,Leca-VC,AgentVC,offline_reconstructed_runtime_expression_proxy,CCNH,1.552910798520138,1.120977148678504,-0.4319336498416339,0.4319336498416339,8
AgentVC_proxy,Responder,Leca-VC,AgentVC,offline_reconstructed_runtime_expression_proxy,CCNL1,1.6729672976086265,1.530997520536964,-0.1419697770716623,0.1419697770716623,9
AgentVC_proxy,Responder,Leca-VC,AgentVC,offline_reconstructed_runtime_expression_proxy,CCNL2,1.460499173154531,1.3162569019354964,-0.1442422712190345,0.1442422712190345,7
AgentVC_proxy,Responder,Leca-VC,AgentVC,offline_reconstructed_runtime_expression_proxy,CCR7,0.7993913893860227,1.2447354686806171,0.4453440792945944,0.4453440792945944,1
AgentVC_proxy,Responder,Leca-VC,AgentVC,offline_reconstructed_runtime_expression_proxy,CCT3,1.23359950322754,1.136506719419525,-0.0970927838080148,0.0970927838080148,4
AgentVC_proxy,Responder,Leca-VC,AgentVC,offline_reconstructed_runtime_expression_proxy,CCT4,1.145041972975504,1.0989454404252317,-0.0460965325502722,0.0460965325502722,4
AgentVC_proxy,Responder,Leca-VC,AgentVC,offline_reconstructed_runtime_expression_proxy,CCT6A,1.2336249100021983,1.1443939217825083,-0.08923098821969,0.08923098821969,4
AgentVC_proxy,Responder,Leca-VC,AgentVC,offline_reconstructed_runtime_expression_proxy,CCT8,1.098858355554175,1.271992899457813,0.1731345439036375,0.1731345439036375,3
AgentVC_proxy,Responder,Leca-VC,AgentVC,offline_reconstructed_runtime_expression_proxy,CD164,1.3729322781321416,1.5194238393663742,0.1464915612342325,0.1464915612342325,6
AgentVC_proxy,Responder,Leca-VC,AgentVC,offline_reconstructed_runtime_expression_proxy,CD2,1.717811943430067,1.8013165688791266,0.0835046254490596,0.0835046254490596,9
AgentVC_proxy,Responder,Leca-VC,AgentVC,offline_reconstructed_runtime_expression_proxy,CD247,1.2957974844531677,1.345748859384437,0.049951374931269,0.049951374931269,5
AgentVC_proxy,Responder,Leca-VC,AgentVC,offline_reconstructed_runtime_expression_proxy,CD27,1.298431124569497,1.339661278351414,0.041230153781917,0.041230153781917,5
AgentVC_proxy,Responder,Leca-VC,AgentVC,offline_reconstructed_runtime_expression_proxy,CD37,1.77517274818061,1.981790890134824,0.2066181419542136,0.2066181419542136,9
AgentVC_proxy,Responder,Leca-VC,AgentVC,offline_reconstructed_runtime_expression_proxy,CD38,0.7414960422598895,0.8484898577076677,0.1069938154477782,0.1069938154477782,1
AgentVC_proxy,Responder,Leca-VC,AgentVC,offline_reconstructed_runtime_expression_proxy,CD3D,1.769067636197094,1.8308485085584003,0.0617808723613062,0.0617808723613062,9
AgentVC_proxy,Responder,Leca-VC,AgentVC,offline_reconstructed_runtime_expression_proxy,CD3E,1.6533519958756215,1.6514708522615469,-0.0018811436140748,0.0018811436140748,8
AgentVC_proxy,Responder,Leca-VC,AgentVC,offline_reconstructed_runtime_expression_proxy,CD3G,1.7674371144553944,1.877535794559946,0.1100986801045516,0.1100986801045516,9
AgentVC_proxy,Responder,Leca-VC,AgentVC,offline_reconstructed_runtime_expression_proxy,CD4,0.8171765067942995,0.9459726391795624,0.1287961323852627,0.1287961323852627,1
AgentVC_proxy,Responder,Leca-VC,AgentVC,offline_reconstructed_runtime_expression_proxy,CD47,1.5098184438832436,1.708867677168832,0.1990492332855884,0.1990492332855884,7
AgentVC_proxy,Responder,Leca-VC,AgentVC,offline_reconstructed_runtime_expression_proxy,CD48,1.4236039708236097,1.4165233914601842,-0.0070805793634252,0.0070805793634252,7
AgentVC_proxy,Responder,Leca-VC,AgentVC,offline_reconstructed_runtime_expression_proxy,CD52,1.70394774650471,1.895183715220948,0.1912359687162379,0.1912359687162379,9
AgentVC_proxy,Responder,Leca-VC,AgentVC,offline_reconstructed_runtime_expression_proxy,CD53,1.797385427650275,1.7860485919315678,-0.0113368357187071,0.0113368357187071,9
AgentVC_proxy,Responder,Leca-VC,AgentVC,offline_reconstructed_runtime_expression_proxy,CD55,1.5594998463275245,1.330943718128622,-0.2285561281989023,0.2285561281989023,8
AgentVC_proxy,Responder,Leca-VC,AgentVC,offline_reconstructed_runtime_expression_proxy,CD63,1.2884295490283777,1.1395023084460256,-0.148927240582352,0.148927240582352,5
AgentVC_proxy,Responder,Leca-VC,AgentVC,offline_reconstructed_runtime_expression_proxy,CD69,1.6016504610806712,2.051131659502594,0.4494811984219229,0.4494811984219229,8
AgentVC_proxy,Responder,Leca-VC,AgentVC,offline_reconstructed_runtime_expression_proxy,CD82,1.2073572450425405,1.390916365522988,0.1835591204804476,0.1835591204804476,4
AgentVC_proxy,Responder,Leca-VC,AgentVC,offline_reconstructed_runtime_expression_proxy,CD83,0.8711470110437203,0.9239629223591224,0.0528159113154019,0.0528159113154019,1
AgentVC_proxy,Responder,Leca-VC,AgentVC,offline_reconstructed_runtime_expression_proxy,CD8A,1.6489402748655957,1.5384928519214824,-0.110447422944113,0.110447422944113,8
AgentVC_proxy,Responder,Leca-VC,AgentVC,offline_reconstructed_runtime_expression_proxy,CD96,1.5284834794156823,1.500775122242277,-0.0277083571734053,0.0277083571734053,7
AgentVC_proxy,Responder,Leca-VC,AgentVC,offline_reconstructed_runtime_expression_proxy,CD99,1.5828188622905102,1.694600068728066,0.1117812064375558,0.1117812064375558,8
AgentVC_proxy,Responder,Leca-VC,AgentVC,offline_reconstructed_runtime_expression_proxy,CDC37,1.701128590507566,1.50307746403987,-0.1980511264676958,0.1980511264676958,9
AgentVC_proxy,Responder,Leca-VC,AgentVC,offline_reconstructed_runtime_expression_proxy,CDC42SE2,1.8285066754659047,1.9631389269193669,0.1346322514534617,0.1346322514534617,10
AgentVC_proxy,Responder,Leca-VC,AgentVC,offline_reconstructed_runtime_expression_proxy,CDK2AP2,1.36581909779312,1.1450432905975496,-0.2207758071955703,0.2207758071955703,6
AgentVC_proxy,Responder,Leca-VC,AgentVC,offline_reconstructed_runtime_expression_proxy,CDKN1A,1.2721764549592185,0.9277976794693684,-0.3443787754898498,0.3443787754898498,5
AgentVC_proxy,Responder,Leca-VC,AgentVC,offline_reconstructed_runtime_expression_proxy,CFLAR,1.7421552980952657,1.5225472630707777,-0.219608035024488,0.219608035024488,9
AgentVC_proxy,Responder,Leca-VC,AgentVC,offline_reconstructed_runtime_expression_proxy,CHCHD2,1.717056406486573,1.6960564053851304,-0.0210000011014426,0.0210000011014426,9
AgentVC_proxy,Responder,Leca-VC,AgentVC,offline_reconstructed_runtime_expression_proxy,CHMP1B,1.175816284886808,0.925481284806243,-0.2503350000805648,0.2503350000805648,4
AgentVC_proxy,Responder,Leca-VC,AgentVC,offline_reconstructed_runtime_expression_proxy,CHMP2A,0.8797108956498395,0.9310464410037296,0.0513355453538901,0.0513355453538901,1
AgentVC_proxy,Responder,Leca-VC,AgentVC,offline_reconstructed_runtime_expression_proxy,CHORDC1,1.2146513690567748,1.05947673490432,-0.1551746341524549,0.1551746341524549,4
AgentVC_proxy,Responder,Leca-VC,AgentVC,offline_reconstructed_runtime_expression_proxy,CIRBP,1.718395801418472,1.8630189498835723,0.1446231484651001,0.1446231484651001,9
AgentVC_proxy,Responder,Leca-VC,AgentVC,offline_reconstructed_runtime_expression_proxy,CKLF,1.0829488648358794,1.286480977695523,0.2035321128596436,0.2035321128596436,3
AgentVC_proxy,Responder,Leca-VC,AgentVC,offline_reconstructed_runtime_expression_proxy,CKS2,1.0919410363183204,0.7112966933371658,-0.3806443429811545,0.3806443429811545,3
AgentVC_proxy,Responder,Leca-VC,AgentVC,offline_reconstructed_runtime_expression_proxy,CLDND1,1.4182199753912197,1.4356840619080875,0.0174640865168682,0.0174640865168682,6
AgentVC_proxy,Responder,Leca-VC,AgentVC,offline_reconstructed_runtime_expression_proxy,CLEC2D,1.715334997139872,1.9265056446464488,0.2111706475065768,0.2111706475065768,9
AgentVC_proxy,Responder,Leca-VC,AgentVC,offline_reconstructed_runtime_expression_proxy,CLIC1,1.7256838533509278,1.9326055725079825,0.2069217191570544,0.2069217191570544,9
AgentVC_proxy,Responder,Leca-VC,AgentVC,offline_reconstructed_runtime_expression_proxy,CLK1,2.100776956290924,2.0253513024893515,-0.0754256538015725,0.0754256538015725,10
AgentVC_proxy,Responder,Leca-VC,AgentVC,offline_reconstructed_runtime_expression_proxy,CLNS1A,0.9334155949090286,1.0028759005772625,0.0694603056682339,0.0694603056682339,2
AgentVC_proxy,Responder,Leca-VC,AgentVC,offline_reconstructed_runtime_expression_proxy,CLTA,0.8978080517808393,0.9111203225087224,0.0133122707278829,0.0133122707278829,1
AgentVC_proxy,Responder,Leca-VC,AgentVC,offline_reconstructed_runtime_expression_proxy,CMTM6,1.1729056694124325,1.071199937993142,-0.1017057314192904,0.1017057314192904,4
AgentVC_proxy,Responder,Leca-VC,AgentVC,offline_reconstructed_runtime_expression_proxy,CNBP,1.9830775144157429,2.027983696027296,0.0449061816115528,0.0449061816115528,10
AgentVC_proxy,Responder,Leca-VC,AgentVC,offline_reconstructed_runtime_expression_proxy,CNDP2,1.0190343671522255,0.9284878620375566,-0.0905465051146691,0.0905465051146691,2
AgentVC_proxy,Responder,Leca-VC,AgentVC,offline_reconstructed_runtime_expression_proxy,CNN2,1.6478460289648855,1.6372587741973323,-0.0105872547675534,0.0105872547675534,8
AgentVC_proxy,Responder,Leca-VC,AgentVC,offline_reconstructed_runtime_expression_proxy,CNOT2,1.5746339647225316,1.5082034732737597,-0.0664304914487721,0.0664304914487721,8
AgentVC_proxy,Responder,Leca-VC,AgentVC,offline_reconstructed_runtime_expression_proxy,CNPY3,1.0923463884521822,1.132413049177192,0.0400666607250097,0.0400666607250097,3
AgentVC_proxy,Responder,Leca-VC,AgentVC,offline_reconstructed_runtime_expression_proxy,COMMD6,1.303318977322934,1.386420566785161,0.0831015894622269,0.0831015894622269,5
AgentVC_proxy,Responder,Leca-VC,AgentVC,offline_reconstructed_runtime_expression_proxy,COPE,1.4784855731679187,1.450714277958307,-0.0277712952096114,0.0277712952096114,7
AgentVC_proxy,Responder,Leca-VC,AgentVC,offline_reconstructed_runtime_expression_proxy,COPZ1,1.0181640660195614,1.0874928884153765,0.069328822395815,0.069328822395815,2
AgentVC_proxy,Responder,Leca-VC,AgentVC,offline_reconstructed_runtime_expression_proxy,CORO7,1.098046387622235,1.0821470063589034,-0.0158993812633316,0.0158993812633316,3
AgentVC_proxy,Responder,Leca-VC,AgentVC,offline_reconstructed_runtime_expression_proxy,COTL1,1.8065298113080908,1.662739041525313,-0.1437907697827778,0.1437907697827778,9
AgentVC_proxy,Responder,Leca-VC,AgentVC,offline_reconstructed_runtime_expression_proxy,COX5A,1.1424841212236303,1.2088384121857134,0.0663542909620831,0.0663542909620831,4
AgentVC_proxy,Responder,Leca-VC,AgentVC,offline_reconstructed_runtime_expression_proxy,COX5B,1.2878682135102004,1.3279698149619117,0.040101601451711,0.040101601451711,5
AgentVC_proxy,Responder,Leca-VC,AgentVC,offline_reconstructed_runtime_expression_proxy,COX6A1,1.397138511352032,1.3699152578028813,-0.0272232535491507,0.0272232535491507,6
AgentVC_proxy,Responder,Leca-VC,AgentVC,offline_reconstructed_runtime_expression_proxy,COX6B1,1.2324951915065936,1.279951408864963,0.0474562173583694,0.0474562173583694,4
AgentVC_proxy,Responder,Leca-VC,AgentVC,offline_reconstructed_runtime_expression_proxy,COX6C,1.255601978041326,1.2128991368943345,-0.0427028411469918,0.0427028411469918,5
AgentVC_proxy,Responder,Leca-VC,AgentVC,offline_reconstructed_runtime_expression_proxy,COX7A2,1.319746874936595,1.4190270157622653,0.0992801408256702,0.0992801408256702,5
AgentVC_proxy,Responder,Leca-VC,AgentVC,offline_reconstructed_runtime_expression_proxy,COX7A2L,1.0644840085973628,1.2598587858984085,0.1953747773010454,0.1953747773010454,3
AgentVC_proxy,Responder,Leca-VC,AgentVC,offline_reconstructed_runtime_expression_proxy,COX7C,1.5967775638276045,1.59294216200301,-0.0038354018245945,0.0038354018245945,8
AgentVC_proxy,Responder,Leca-VC,AgentVC,offline_reconstructed_runtime_expression_proxy,COX8A,1.3379605043028575,1.3514614702426082,0.0135009659397506,0.0135009659397506,6
AgentVC_proxy,Responder,Leca-VC,AgentVC,offline_reconstructed_runtime_expression_proxy,CREM,1.763453893849681,1.3375241110673295,-0.4259297827823516,0.4259297827823516,9
AgentVC_proxy,Responder,Leca-VC,AgentVC,offline_reconstructed_runtime_expression_proxy,CRIP1,1.6436456064516207,1.5009039127296009,-0.14274169372202,0.14274169372202,8
AgentVC_proxy,Responder,Leca-VC,AgentVC,offline_reconstructed_runtime_expression_proxy,CSNK1A1,1.5837129070672291,1.529992195942155,-0.0537207111250743,0.0537207111250743,8
AgentVC_proxy,Responder,Leca-VC,AgentVC,offline_reconstructed_runtime_expression_proxy,CSNK2B,1.3280729220394487,1.3139050971161208,-0.0141678249233279,0.0141678249233279,6
AgentVC_proxy,Responder,Leca-VC,AgentVC,offline_reconstructed_runtime_expression_proxy,CSRNP1,1.1650882329703125,1.1583612147079596,-0.0067270182623526,0.0067270182623526,4
AgentVC_proxy,Responder,Leca-VC,AgentVC,offline_reconstructed_runtime_expression_proxy,CST7,1.6758119649364491,1.6578070329452366,-0.0180049319912125,0.0180049319912125,9
AgentVC_proxy,Responder,Leca-VC,AgentVC,offline_reconstructed_runtime_expression_proxy,CSTB,0.9552553608671016,0.8556866726680555,-0.0995686881990459,0.0995686881990459,2
AgentVC_proxy,Responder,Leca-VC,AgentVC,offline_reconstructed_runtime_expression_proxy,CTC-425F1.4,1.84637811776843,1.811180269125928,-0.0351978486425021,0.0351978486425021,10
AgentVC_proxy,Responder,Leca-VC,AgentVC,offline_reconstructed_runtime_expression_proxy,CTSA,0.8685657343724651,1.0267651277684515,0.1581993933959864,0.1581993933959864,1
AgentVC_proxy,Responder,Leca-VC,AgentVC,offline_reconstructed_runtime_expression_proxy,CTSB,1.2325214820565864,1.3738111187661548,0.1412896367095684,0.1412896367095684,4
AgentVC_proxy,Responder,Leca-VC,AgentVC,offline_reconstructed_runtime_expression_proxy,CTSC,1.0763593293172815,1.3041700111532253,0.2278106818359435,0.2278106818359435,3
AgentVC_proxy,Responder,Leca-VC,AgentVC,offline_reconstructed_runtime_expression_proxy,CTSD,1.4605817983120786,1.411997492031772,-0.0485843062803066,0.0485843062803066,7
AgentVC_proxy,Responder,Leca-VC,AgentVC,offline_reconstructed_runtime_expression_proxy,CTSS,1.1787211085542053,1.318088704395404,0.1393675958411986,0.1393675958411986,4
AgentVC_proxy,Responder,Leca-VC,AgentVC,offline_reconstructed_runtime_expression_proxy,CTSW,1.0764501381970235,0.6851928804169228,-0.3912572577801007,0.3912572577801007,3
AgentVC_proxy,Responder,Leca-VC,AgentVC,offline_reconstructed_runtime_expression_proxy,CXCL13,1.0354043255749903,0.5706329605236055,-0.4647713650513848,0.4647713650513848,2
AgentVC_proxy,Responder,Leca-VC,AgentVC,offline_reconstructed_runtime_expression_proxy,CXCR3,0.8117206233936225,1.127565092782275,0.3158444693886524,0.3158444693886524,1
AgentVC_proxy,Responder,Leca-VC,AgentVC,offline_reconstructed_runtime_expression_proxy,CYBA,1.2426754739283503,1.1601126763308252,-0.0825627975975251,0.0825627975975251,5
AgentVC_proxy,Responder,Leca-VC,AgentVC,offline_reconstructed_runtime_expression_proxy,CYC1,0.8974123640432425,0.801146905031794,-0.0962654590114485,0.0962654590114485,1
AgentVC_proxy,Responder,Leca-VC,AgentVC,offline_reconstructed_runtime_expression_proxy,CYCS,1.390845680851136,1.21213753293889,-0.1787081479122461,0.1787081479122461,6
AgentVC_proxy,Responder,Leca-VC,AgentVC,offline_reconstructed_runtime_expression_proxy,CYFIP2,1.3526297321735834,1.4519294764862691,0.0992997443126857,0.0992997443126857,6
AgentVC_proxy,Responder,Leca-VC,AgentVC,offline_reconstructed_runtime_expression_proxy,CYTH4,0.9807257286681144,1.0788573037875109,0.0981315751193964,0.0981315751193964,2
AgentVC_proxy,Responder,Leca-VC,AgentVC,offline_reconstructed_runtime_expression_proxy,CYTIP,1.848420330320932,1.6527579078610657,-0.1956624224598662,0.1956624224598662,10
AgentVC_proxy,Responder,Leca-VC,AgentVC,offline_reconstructed_runtime_expression_proxy,DAD1,1.206088550080632,1.348463534848765,0.142374984768133,0.142374984768133,4
AgentVC_proxy,Responder,Leca-VC,AgentVC,offline_reconstructed_runtime_expression_proxy,DAZAP2,1.8564174021756583,1.943803486533288,0.0873860843576295,0.0873860843576295,10
AgentVC_proxy,Responder,Leca-VC,AgentVC,offline_reconstructed_runtime_expression_proxy,DBI,1.0998290669882318,1.021760149668188,-0.0780689173200437,0.0780689173200437,3
AgentVC_proxy,Responder,Leca-VC,AgentVC,offline_reconstructed_runtime_expression_proxy,DBNL,1.047365742809962,1.283607405120994,0.2362416623110319,0.2362416623110319,3
AgentVC_proxy,Responder,Leca-VC,AgentVC,offline_reconstructed_runtime_expression_proxy,DCXR,1.15124552935123,1.134400016063602,-0.0168455132876279,0.0168455132876279,4
AgentVC_proxy,Responder,Leca-VC,AgentVC,offline_reconstructed_runtime_expression_proxy,DDIT3,0.9845882651014036,0.9281860909994576,-0.056402174101946,0.056402174101946,2
AgentVC_proxy,Responder,Leca-VC,AgentVC,offline_reconstructed_runtime_expression_proxy,DDIT4,1.8378627877325096,1.653714260279292,-0.1841485274532177,0.1841485274532177,10
AgentVC_proxy,Responder,Leca-VC,AgentVC,offline_reconstructed_runtime_expression_proxy,DDOST,1.4267884380591092,1.4366766643331843,0.0098882262740751,0.0098882262740751,7
AgentVC_proxy,Responder,Leca-VC,AgentVC,offline_reconstructed_runtime_expression_proxy,DDX24,1.5062682593771208,1.4334652224532816,-0.0728030369238392,0.0728030369238392,7
AgentVC_proxy,Responder,Leca-VC,AgentVC,offline_reconstructed_runtime_expression_proxy,DDX3Y,0.9392701154384178,1.2065302339764348,0.267260118538017,0.267260118538017,2
AgentVC_proxy,Responder,Leca-VC,AgentVC,offline_reconstructed_runtime_expression_proxy,DDX6,1.663949847915961,1.758157244426246,0.0942073965102852,0.0942073965102852,9
AgentVC_proxy,Responder,Leca-VC,AgentVC,offline_reconstructed_runtime_expression_proxy,DENND2D,1.1622898969459838,1.5386293692120236,0.3763394722660398,0.3763394722660398,4
AgentVC_proxy,Responder,Leca-VC,AgentVC,offline_reconstructed_runtime_expression_proxy,DHRS7,1.100525864229028,1.2212012906124543,0.1206754263834262,0.1206754263834262,3
AgentVC_proxy,Responder,Leca-VC,AgentVC,offline_reconstructed_runtime_expression_proxy,DNAJA1,1.90919241279397,1.75705576035928,-0.1521366524346898,0.1521366524346898,10
AgentVC_proxy,Responder,Leca-VC,AgentVC,offline_reconstructed_runtime_expression_proxy,DNAJB1,2.0549542414746425,2.0466833925165298,-0.0082708489581126,0.0082708489581126,10
AgentVC_proxy,Responder,Leca-VC,AgentVC,offline_reconstructed_runtime_expression_proxy,DNAJB11,1.21699253492647,1.0167294432190923,-0.2002630917073775,0.2002630917073775,4
AgentVC_proxy,Responder,Leca-VC,AgentVC,offline_reconstructed_runtime_expression_proxy,DNAJB6,1.5717838639869872,1.4234982810428338,-0.1482855829441534,0.1482855829441534,8
AgentVC_proxy,Responder,Leca-VC,AgentVC,offline_reconstructed_runtime_expression_proxy,DNAJC4,0.8418586240306662,0.7642881561362675,-0.0775704678943987,0.0775704678943987,1
AgentVC_proxy,Responder,Leca-VC,AgentVC,offline_reconstructed_runtime_expression_proxy,DNAJC7,1.1064799055492984,1.1455055303961317,0.039025624846833,0.039025624846833,3
AgentVC_proxy,Responder,Leca-VC,AgentVC,offline_reconstructed_runtime_expression_proxy,DOK2,0.9857828629811822,1.1464989356171882,0.1607160726360059,0.1607160726360059,2
AgentVC_proxy,Responder,Leca-VC,AgentVC,offline_reconstructed_runtime_expression_proxy,DPP7,1.3710325287757574,1.333613626537084,-0.0374189022386735,0.0374189022386735,6
AgentVC_proxy,Responder,Leca-VC,AgentVC,offline_reconstructed_runtime_expression_proxy,DSTN,0.818959061770643,0.8002657487872854,-0.0186933129833576,0.0186933129833576,1
AgentVC_proxy,Responder,Leca-VC,AgentVC,offline_reconstructed_runtime_expression_proxy,DUSP1,2.176696673432344,2.160250629634234,-0.0164460437981097,0.0164460437981097,10
AgentVC_proxy,Responder,Leca-VC,AgentVC,offline_reconstructed_runtime_expression_proxy,DUSP2,2.0246985759898983,1.6672950587603428,-0.3574035172295555,0.3574035172295555,10
AgentVC_proxy,Responder,Leca-VC,AgentVC,offline_reconstructed_runtime_expression_proxy,DUSP4,1.3748404598546915,1.1369426697387806,-0.2378977901159109,0.2378977901159109,6
AgentVC_proxy,Responder,Leca-VC,AgentVC,offline_reconstructed_runtime_expression_proxy,DYNLL1,1.2790711549151752,1.105656355450888,-0.1734147994642871,0.1734147994642871,5
AgentVC_proxy,Responder,Leca-VC,AgentVC,offline_reconstructed_runtime_expression_proxy,DYNLRB1,0.9444602112442828,1.01748864953953,0.073028438295247,0.073028438295247,2
AgentVC_proxy,Responder,Leca-VC,AgentVC,offline_reconstructed_runtime_expression_proxy,ECH1,1.279896046958448,1.4112386687092242,0.1313426217507762,0.1313426217507762,5
AgentVC_proxy,Responder,Leca-VC,AgentVC,offline_reconstructed_runtime_expression_proxy,EDEM1,1.0942855579126287,1.1555378977866904,0.0612523398740616,0.0612523398740616,3
AgentVC_proxy,Responder,Leca-VC,AgentVC,offline_reconstructed_runtime_expression_proxy,EDF1,1.6719291134797103,1.5978232925810352,-0.0741058208986751,0.0741058208986751,9
AgentVC_proxy,Responder,Leca-VC,AgentVC,offline_reconstructed_runtime_expression_proxy,EEF1B2,2.059374723741088,1.9629849582104475,-0.0963897655306407,0.0963897655306407,10
AgentVC_proxy,Responder,Leca-VC,AgentVC,offline_reconstructed_runtime_expression_proxy,EGR1,1.0720184480720891,1.1295064211902497,0.0574879731181603,0.0574879731181603,3
AgentVC_proxy,Responder,Leca-VC,AgentVC,offline_reconstructed_runtime_expression_proxy,EIF2A,1.165002045322325,1.0322207075868146,-0.1327813377355107,0.1327813377355107,4
AgentVC_proxy,Responder,Leca-VC,AgentVC,offline_reconstructed_runtime_expression_proxy,EIF3C,1.4234704228290924,1.422222484229472,-0.0012479385996204,0.0012479385996204,6
AgentVC_proxy,Responder,Leca-VC,AgentVC,offline_reconstructed_runtime_expression_proxy,EIF3D,1.4105271649905782,1.3765945637217545,-0.0339326012688239,0.0339326012688239,6
AgentVC_proxy,Responder,Leca-VC,AgentVC,offline_reconstructed_runtime_expression_proxy,EIF3E,1.6284499953270786,1.6362629681004834,0.0078129727734048,0.0078129727734048,8
AgentVC_proxy,Responder,Leca-VC,AgentVC,offline_reconstructed_runtime_expression_proxy,EIF3F,1.6542653629992532,1.6176191144194174,-0.0366462485798357,0.0366462485798357,8
AgentVC_proxy,Responder,Leca-VC,AgentVC,offline_reconstructed_runtime_expression_proxy,EIF3G,1.568389575897518,1.5554318961329725,-0.0129576797645454,0.0129576797645454,8
AgentVC_proxy,Responder,Leca-VC,AgentVC,offline_reconstructed_runtime_expression_proxy,EIF3H,1.5488127277551216,1.5136199311219098,-0.0351927966332117,0.0351927966332117,8
AgentVC_proxy,Responder,Leca-VC,AgentVC,offline_reconstructed_runtime_expression_proxy,EIF3K,1.5966616025207494,1.6424614152962775,0.0457998127755281,0.0457998127755281,8
AgentVC_proxy,Responder,Leca-VC,AgentVC,offline_reconstructed_runtime_expression_proxy,EIF3L,1.667291098970484,1.5521303079523687,-0.1151607910181151,0.1151607910181151,9
AgentVC_proxy,Responder,Leca-VC,AgentVC,offline_reconstructed_runtime_expression_proxy,EIF3M,1.175190352297835,1.359212627783568,0.1840222754857328,0.1840222754857328,4
AgentVC_proxy,Responder,Leca-VC,AgentVC,offline_reconstructed_runtime_expression_proxy,EIF4A1,1.9978050959137172,1.851870190763772,-0.1459349051499454,0.1459349051499454,10
AgentVC_proxy,Responder,Leca-VC,AgentVC,offline_reconstructed_runtime_expression_proxy,EIF4A2,1.9679311920833,2.0063583228922623,0.0384271308089625,0.0384271308089625,10
AgentVC_proxy,Responder,Leca-VC,AgentVC,offline_reconstructed_runtime_expression_proxy,EIF4A3,1.29671566642905,1.079906536018369,-0.2168091304106809,0.2168091304106809,5
AgentVC_proxy,Responder,Leca-VC,AgentVC,offline_reconstructed_runtime_expression_proxy,EIF4H,1.452250300065573,1.5164366869000585,0.0641863868344851,0.0641863868344851,7
AgentVC_proxy,Responder,Leca-VC,AgentVC,offline_reconstructed_runtime_expression_proxy,EIF5,1.782665660845698,1.5534742621527933,-0.2291913986929046,0.2291913986929046,9
AgentVC_proxy,Responder,Leca-VC,AgentVC,offline_reconstructed_runtime_expression_proxy,ELMO1,1.268906640294612,1.2392799013549345,-0.0296267389396778,0.0296267389396778,5
AgentVC_proxy,Responder,Leca-VC,AgentVC,offline_reconstructed_runtime_expression_proxy,EMB,1.49822747796026,1.5027491145101184,0.0045216365498583,0.0045216365498583,7
AgentVC_proxy,Responder,Leca-VC,AgentVC,offline_reconstructed_runtime_expression_proxy,EMC4,1.0398630113106813,1.0855173635323287,0.0456543522216474,0.0456543522216474,2
AgentVC_proxy,Responder,Leca-VC,AgentVC,offline_reconstructed_runtime_expression_proxy,EMP3,1.341346885469967,1.633568292183476,0.2922214067135089,0.2922214067135089,6
AgentVC_proxy,Responder,Leca-VC,AgentVC,offline_reconstructed_runtime_expression_proxy,ENO1,1.7866191637296711,1.920059599812036,0.1334404360823644,0.1334404360823644,9
AgentVC_proxy,Responder,Leca-VC,AgentVC,offline_reconstructed_runtime_expression_proxy,ENY2,0.8963611603169049,0.8491553705582279,-0.047205789758677,0.047205789758677,1
AgentVC_proxy,Responder,Leca-VC,AgentVC,offline_reconstructed_runtime_expression_proxy,EPSTI1,0.596699399518649,0.8418788779477441,0.245179478429095,0.245179478429095,1
AgentVC_proxy,Responder,Leca-VC,AgentVC,offline_reconstructed_runtime_expression_proxy,ERCC1,0.8165767624765351,0.8486769681707266,0.0321002056941914,0.0321002056941914,1
AgentVC_proxy,Responder,Leca-VC,AgentVC,offline_reconstructed_runtime_expression_proxy,ERGIC3,1.186187272425591,1.1335682994111682,-0.0526189730144228,0.0526189730144228,4
AgentVC_proxy,Responder,Leca-VC,AgentVC,offline_reconstructed_runtime_expression_proxy,ERP29,1.2365560697417028,1.3806951628650816,0.1441390931233788,0.1441390931233788,4
AgentVC_proxy,Responder,Leca-VC,AgentVC,offline_reconstructed_runtime_expression_proxy,ETF1,1.2450433010923652,1.0629809697686683,-0.1820623313236968,0.1820623313236968,5
AgentVC_proxy,Responder,Leca-VC,AgentVC,offline_reconstructed_runtime_expression_proxy,EVI2B,1.4667057048003482,1.4648813196035333,-0.0018243851968149,0.0018243851968149,7
AgentVC_proxy,Responder,Leca-VC,AgentVC,offline_reconstructed_runtime_expression_proxy,EVL,1.6490878555232673,1.7274719575914432,0.0783841020681759,0.0783841020681759,8
AgentVC_proxy,Responder,Leca-VC,AgentVC,offline_reconstructed_runtime_expression_proxy,EWSR1,1.5300889344383783,1.5551774702291503,0.0250885357907719,0.0250885357907719,7
AgentVC_proxy,Responder,Leca-VC,AgentVC,offline_reconstructed_runtime_expression_proxy,EXOC4,1.102565772895341,1.1490912868959506,0.0465255140006095,0.0465255140006095,3
AgentVC_proxy,Responder,Leca-VC,AgentVC,offline_reconstructed_runtime_expression_proxy,FAM177A1,1.40677364385889,0.9851778739814444,-0.4215957698774456,0.4215957698774456,6
AgentVC_proxy,Responder,Leca-VC,AgentVC,offline_reconstructed_runtime_expression_proxy,FERMT3,1.108452625863681,1.2152815943295627,0.1068289684658816,0.1068289684658816,3
AgentVC_proxy,Responder,Leca-VC,AgentVC,offline_reconstructed_runtime_expression_proxy,FKBP1A,1.3792094922252571,1.4368557964301345,0.0576463042048771,0.0576463042048771,6
AgentVC_proxy,Responder,Leca-VC,AgentVC,offline_reconstructed_runtime_expression_proxy,FLII,1.190756150053392,1.2785670343102484,0.0878108842568565,0.0878108842568565,4
AgentVC_proxy,Responder,Leca-VC,AgentVC,offline_reconstructed_runtime_expression_proxy,FLNA,1.5670920961247825,1.5932826516424612,0.0261905555176786,0.0261905555176786,8
AgentVC_proxy,Responder,Leca-VC,AgentVC,offline_reconstructed_runtime_expression_proxy,FLOT1,0.806002926245904,0.8226666950522762,0.0166637688063722,0.0166637688063722,1
AgentVC_proxy,Responder,Leca-VC,AgentVC,offline_reconstructed_runtime_expression_proxy,FOS,1.8516351932904216,1.9411927623253888,0.089557569034967,0.089557569034967,10
AgentVC_proxy,Responder,Leca-VC,AgentVC,offline_reconstructed_runtime_expression_proxy,FOSB,1.6993004143795112,1.6007963857531335,-0.0985040286263776,0.0985040286263776,9
AgentVC_proxy,Responder,Leca-VC,AgentVC,offline_reconstructed_runtime_expression_proxy,FOSL2,1.2946381130968494,1.0503795274454284,-0.244258585651421,0.244258585651421,5
AgentVC_proxy,Responder,Leca-VC,AgentVC,offline_reconstructed_runtime_expression_proxy,FUS,1.866761854970137,1.727356668047489,-0.139405186922648,0.139405186922648,10
AgentVC_proxy,Responder,Leca-VC,AgentVC,offline_reconstructed_runtime_expression_proxy,FXYD5,1.7026183094442442,1.8885090279392704,0.185890718495026,0.185890718495026,9
AgentVC_proxy,Responder,Leca-VC,AgentVC,offline_reconstructed_runtime_expression_proxy,FYN,1.8843128369886089,1.6712486160025115,-0.2130642209860973,0.2130642209860973,10
AgentVC_proxy,Responder,Leca-VC,AgentVC,offline_reconstructed_runtime_expression_proxy,FYTTD1,0.9919322127449878,1.0330645780754717,0.0411323653304837,0.0411323653304837,2
AgentVC_proxy,Responder,Leca-VC,AgentVC,offline_reconstructed_runtime_expression_proxy,GABARAP,1.726703761088522,1.77695571782825,0.0502519567397281,0.0502519567397281,9
AgentVC_proxy,Responder,Leca-VC,AgentVC,offline_reconstructed_runtime_expression_proxy,GABARAPL2,1.143049521450015,1.233890758548993,0.0908412370989784,0.0908412370989784,4
AgentVC_proxy,Responder,Leca-VC,AgentVC,offline_reconstructed_runtime_expression_proxy,GADD45B,1.0354220142222317,0.8852005504685536,-0.1502214637536778,0.1502214637536778,2
AgentVC_proxy,Responder,Leca-VC,AgentVC,offline_reconstructed_runtime_expression_proxy,GAS5,1.845638852424493,1.8776552364591408,0.0320163840346479,0.0320163840346479,10
AgentVC_proxy,Responder,Leca-VC,AgentVC,offline_reconstructed_runtime_expression_proxy,GBP2,1.1111770248940511,1.2769875000353756,0.1658104751413243,0.1658104751413243,3
AgentVC_proxy,Responder,Leca-VC,AgentVC,offline_reconstructed_runtime_expression_proxy,GDI2,1.3707272773675812,1.3571868844461017,-0.0135403929214796,0.0135403929214796,6
AgentVC_proxy,Responder,Leca-VC,AgentVC,offline_reconstructed_runtime_expression_proxy,GHITM,1.2690172678118772,1.2251312652380282,-0.043886002573849,0.043886002573849,5
AgentVC_proxy,Responder,Leca-VC,AgentVC,offline_reconstructed_runtime_expression_proxy,GIMAP4,0.9675100327669602,1.276923472971651,0.3094134402046907,0.3094134402046907,2
AgentVC_proxy,Responder,Leca-VC,AgentVC,offline_reconstructed_runtime_expression_proxy,GIMAP5,0.951785618679464,1.087857813769628,0.1360721950901641,0.1360721950901641,2
AgentVC_proxy,Responder,Leca-VC,AgentVC,offline_reconstructed_runtime_expression_proxy,GIMAP7,1.052721434219978,1.2692312424876306,0.2165098082676526,0.2165098082676526,3
AgentVC_proxy,Responder,Leca-VC,AgentVC,offline_reconstructed_runtime_expression_proxy,GLIPR1,1.329590963498391,1.1175060043261162,-0.2120849591722746,0.2120849591722746,6
AgentVC_proxy,Responder,Leca-VC,AgentVC,offline_reconstructed_runtime_expression_proxy,GMFG,1.246648977493091,1.4308370759237743,0.1841880984306836,0.1841880984306836,5
AgentVC_proxy,Responder,Leca-VC,AgentVC,offline_reconstructed_runtime_expression_proxy,GNAS,1.9789175065579283,1.872209350594592,-0.1067081559633369,0.1067081559633369,10
AgentVC_proxy,Responder,Leca-VC,AgentVC,offline_reconstructed_runtime_expression_proxy,GNG2,1.3888484793356568,1.4768978826227903,0.0880494032871335,0.0880494032871335,6
AgentVC_proxy,Responder,Leca-VC,AgentVC,offline_reconstructed_runtime_expression_proxy,GNG5,1.1258107083499953,1.2329179038944729,0.1071071955444775,0.1071071955444775,3
AgentVC_proxy,Responder,Leca-VC,AgentVC,offline_reconstructed_runtime_expression_proxy,GNLY,0.7006752014060597,0.7648280756429827,0.064152874236923,0.064152874236923,1
AgentVC_proxy,Responder,Leca-VC,AgentVC,offline_reconstructed_runtime_expression_proxy,GPI,1.4634389711642104,1.537519663774388,0.0740806926101775,0.0740806926101775,7
AgentVC_proxy,Responder,Leca-VC,AgentVC,offline_reconstructed_runtime_expression_proxy,GPR183,1.136254635545339,1.3150531191181285,0.1787984835727898,0.1787984835727898,3
AgentVC_proxy,Responder,Leca-VC,AgentVC,offline_reconstructed_runtime_expression_proxy,GPR65,0.9842979257918328,0.7331921482812556,-0.2511057775105773,0.2511057775105773,2
AgentVC_proxy,Responder,Leca-VC,AgentVC,offline_reconstructed_runtime_expression_proxy,GPX1,1.1440012251795375,0.9179762588709408,-0.2260249663085968,0.2260249663085968,4
AgentVC_proxy,Responder,Leca-VC,AgentVC,offline_reconstructed_runtime_expression_proxy,GPX4,1.4474465323853036,1.3956416756879717,-0.0518048566973319,0.0518048566973319,7
AgentVC_proxy,Responder,Leca-VC,AgentVC,offline_reconstructed_runtime_expression_proxy,GRB2,1.4115785792408466,1.531716685751264,0.1201381065104174,0.1201381065104174,6
AgentVC_proxy,Responder,Leca-VC,AgentVC,offline_reconstructed_runtime_expression_proxy,GRN,0.8088727049461338,0.9727557548253128,0.1638830498791789,0.1638830498791789,1
AgentVC_proxy,Responder,Leca-VC,AgentVC,offline_reconstructed_runtime_expression_proxy,GRSF1,0.882623927363734,0.8371018176615251,-0.0455221097022088,0.0455221097022088,1
AgentVC_proxy,Responder,Leca-VC,AgentVC,offline_reconstructed_runtime_expression_proxy,GSTK1,1.5972731516445895,1.6920810461561568,0.0948078945115671,0.0948078945115671,8
AgentVC_proxy,Responder,Leca-VC,AgentVC,offline_reconstructed_runtime_expression_proxy,GSTO1,0.7936751369137228,0.8358836625368816,0.0422085256231588,0.0422085256231588,1
AgentVC_proxy,Responder,Leca-VC,AgentVC,offline_reconstructed_runtime_expression_proxy,GSTP1,1.3697260926286563,1.343125001726742,-0.0266010909019143,0.0266010909019143,6
AgentVC_proxy,Responder,Leca-VC,AgentVC,offline_reconstructed_runtime_expression_proxy,GTF3A,1.4084178756233052,1.5167319716802092,0.108314096056904,0.108314096056904,6
AgentVC_proxy,Responder,Leca-VC,AgentVC,offline_reconstructed_runtime_expression_proxy,GUK1,1.7724910170539314,1.6025859249569014,-0.1699050920970299,0.1699050920970299,9
AgentVC_proxy,Responder,Leca-VC,AgentVC,offline_reconstructed_runtime_expression_proxy,GZMA,1.3400533887929909,1.5140074912700872,0.1739541024770963,0.1739541024770963,6
AgentVC_proxy,Responder,Leca-VC,AgentVC,offline_reconstructed_runtime_expression_proxy,GZMB,1.0812413325910089,1.0205666190330478,-0.060674713557961,0.060674713557961,3
AgentVC_proxy,Responder,Leca-VC,AgentVC,offline_reconstructed_runtime_expression_proxy,GZMH,0.9797598881433768,0.841925864562528,-0.1378340235808487,0.1378340235808487,2
AgentVC_proxy,Responder,Leca-VC,AgentVC,offline_reconstructed_runtime_expression_proxy,GZMK,1.2870797870429878,1.0800579114490705,-0.2070218755939175,0.2070218755939175,5
AgentVC_proxy,Responder,Leca-VC,AgentVC,offline_reconstructed_runtime_expression_proxy,HAVCR2,0.8901744638761482,0.8099910609327812,-0.080183402943367,0.080183402943367,1
AgentVC_proxy,Responder,Leca-VC,AgentVC,offline_reconstructed_runtime_expression_proxy,HCLS1,1.7252660744631758,1.801924544164576,0.0766584697014001,0.0766584697014001,9
AgentVC_proxy,Responder,Leca-VC,AgentVC,offline_reconstructed_runtime_expression_proxy,HCST,1.374733849484196,1.4658990059540438,0.0911651564698479,0.0911651564698479,6
AgentVC_proxy,Responder,Leca-VC,AgentVC,offline_reconstructed_runtime_expression_proxy,HDLBP,1.1326232824710565,0.888122663585244,-0.2445006188858124,0.2445006188858124,3
AgentVC_proxy,Responder,Leca-VC,AgentVC,offline_reconstructed_runtime_expression_proxy,HERPUD1,1.889172875415407,1.6307727256866518,-0.2584001497287551,0.2584001497287551,10
AgentVC_proxy,Responder,Leca-VC,AgentVC,offline_reconstructed_runtime_expression_proxy,HEXB,0.8914221450162904,0.8583376284120686,-0.0330845166042217,0.0330845166042217,1
AgentVC_proxy,Responder,Leca-VC,AgentVC,offline_reconstructed_runtime_expression_proxy,HIF1A,1.314844759550835,1.4229761525819349,0.1081313930310998,0.1081313930310998,5
AgentVC_proxy,Responder,Leca-VC,AgentVC,offline_reconstructed_runtime_expression_proxy,HIGD1A,0.6570198244929968,0.811536772151185,0.1545169476581882,0.1545169476581882,1
AgentVC_proxy,Responder,Leca-VC,AgentVC,offline_reconstructed_runtime_expression_proxy,HIGD2A,1.235763763977475,1.2953269970285175,0.0595632330510427,0.0595632330510427,4
AgentVC_proxy,Responder,Leca-VC,AgentVC,offline_reconstructed_runtime_expression_proxy,HINT1,1.557356730993274,1.5456760251656465,-0.0116807058276275,0.0116807058276275,8
AgentVC_proxy,Responder,Leca-VC,AgentVC,offline_reconstructed_runtime_expression_proxy,HLA-DMA,1.2735112793293069,1.3404691873994263,0.0669579080701194,0.0669579080701194,5
AgentVC_proxy,Responder,Leca-VC,AgentVC,offline_reconstructed_runtime_expression_proxy,HLA-DMB,0.7312498563717522,0.9047676072906948,0.1735177509189425,0.1735177509189425,1
AgentVC_proxy,Responder,Leca-VC,AgentVC,offline_reconstructed_runtime_expression_proxy,HLA-DPA1,1.7575547542738996,1.8348314415910487,0.0772766873171491,0.0772766873171491,9
AgentVC_proxy,Responder,Leca-VC,AgentVC,offline_reconstructed_runtime_expression_proxy,HLA-DPB1,1.7238004488134382,1.7330384658968845,0.0092380170834462,0.0092380170834462,9
AgentVC_proxy,Responder,Leca-VC,AgentVC,offline_reconstructed_runtime_expression_proxy,HLA-DQA1,1.1330620873244373,1.1964859521215592,0.0634238647971219,0.0634238647971219,3
AgentVC_proxy,Responder,Leca-VC,AgentVC,offline_reconstructed_runtime_expression_proxy,HLA-DQB1,1.2567542982569306,1.2393589732298758,-0.0173953250270548,0.0173953250270548,5
AgentVC_proxy,Responder,Leca-VC,AgentVC,offline_reconstructed_runtime_expression_proxy,HLA-DRA,1.6018774140936023,1.766909945979793,0.1650325318861905,0.1650325318861905,8
AgentVC_proxy,Responder,Leca-VC,AgentVC,offline_reconstructed_runtime_expression_proxy,HLA-DRB1,1.6875984653010796,1.6888089534752542,0.0012104881741745,0.0012104881741745,9
AgentVC_proxy,Responder,Leca-VC,AgentVC,offline_reconstructed_runtime_expression_proxy,HLA-DRB5,1.4406132736183896,1.4270033303638467,-0.0136099432545429,0.0136099432545429,7
AgentVC_proxy,Responder,Leca-VC,AgentVC,offline_reconstructed_runtime_expression_proxy,HLA-DRB6,1.2270146074996748,1.283856857941916,0.0568422504422412,0.0568422504422412,4
AgentVC_proxy,Responder,Leca-VC,AgentVC,offline_reconstructed_runtime_expression_proxy,HM13,1.1821774090540575,1.2004948912567326,0.018317482202675,0.018317482202675,4
AgentVC_proxy,Responder,Leca-VC,AgentVC,offline_reconstructed_runtime_expression_proxy,HMGB2,1.2938189894818943,1.3067030861627211,0.0128840966808267,0.0128840966808267,5
AgentVC_proxy,Responder,Leca-VC,AgentVC,offline_reconstructed_runtime_expression_proxy,HMGN1,1.6131126418099675,1.6182955730656872,0.0051829312557196,0.0051829312557196,8
AgentVC_proxy,Responder,Leca-VC,AgentVC,offline_reconstructed_runtime_expression_proxy,HMGN2,1.824563184559988,1.921836316290808,0.0972731317308199,0.0972731317308199,10
AgentVC_proxy,Responder,Leca-VC,AgentVC,offline_reconstructed_runtime_expression_proxy,HMGN3,0.9661175511760992,1.0369371608963067,0.0708196097202076,0.0708196097202076,2
AgentVC_proxy,Responder,Leca-VC,AgentVC,offline_reconstructed_runtime_expression_proxy,HNRNPDL,1.8623865477874564,1.8424474904855408,-0.0199390573019155,0.0199390573019155,10
AgentVC_proxy,Responder,Leca-VC,AgentVC,offline_reconstructed_runtime_expression_proxy,HNRNPF,1.356580345281846,1.4991572538023314,0.1425769085204855,0.1425769085204855,6
AgentVC_proxy,Responder,Leca-VC,AgentVC,offline_reconstructed_runtime_expression_proxy,HNRNPM,1.493079877858409,1.4574845304831594,-0.0355953473752492,0.0355953473752492,7
AgentVC_proxy,Responder,Leca-VC,AgentVC,offline_reconstructed_runtime_expression_proxy,HSP90AA1,2.1025516460740006,2.082499362736532,-0.0200522833374683,0.0200522833374683,10
AgentVC_proxy,Responder,Leca-VC,AgentVC,offline_reconstructed_runtime_expression_proxy,HSP90AB1,2.028720876090735,1.972194211864422,-0.0565266642263129,0.0565266642263129,10
AgentVC_proxy,Responder,Leca-VC,AgentVC,offline_reconstructed_runtime_expression_proxy,HSP90B1,1.6649395274722416,1.445778565332511,-0.2191609621397305,0.2191609621397305,9
AgentVC_proxy,Responder,Leca-VC,AgentVC,offline_reconstructed_runtime_expression_proxy,HSPA1A,1.1974479852138615,1.1360109153917195,-0.061437069822142,0.061437069822142,4
AgentVC_proxy,Responder,Leca-VC,AgentVC,offline_reconstructed_runtime_expression_proxy,HSPA1B,1.1742566018735414,1.1901444402033332,0.0158878383297917,0.0158878383297917,4
AgentVC_proxy,Responder,Leca-VC,AgentVC,offline_reconstructed_runtime_expression_proxy,HSPA5,1.669290054744878,1.474080728069514,-0.1952093266753638,0.1952093266753638,9
AgentVC_proxy,Responder,Leca-VC,AgentVC,offline_reconstructed_runtime_expression_proxy,HSPA9,1.581368433914021,1.449636584537914,-0.131731849376107,0.131731849376107,8
AgentVC_proxy,Responder,Leca-VC,AgentVC,offline_reconstructed_runtime_expression_proxy,HSPB1,1.0337707404773984,0.842250903865205,-0.1915198366121934,0.1915198366121934,2
AgentVC_proxy,Responder,Leca-VC,AgentVC,offline_reconstructed_runtime_expression_proxy,HSPD1,1.6144120395712882,1.14762355364553,-0.4667884859257583,0.4667884859257583,8
AgentVC_proxy,Responder,Leca-VC,AgentVC,offline_reconstructed_runtime_expression_proxy,HSPE1,1.618340211211016,1.3615693926087644,-0.2567708186022517,0.2567708186022517,8
AgentVC_proxy,Responder,Leca-VC,AgentVC,offline_reconstructed_runtime_expression_proxy,HSPH1,1.3585086889186555,0.9262954831011396,-0.4322132058175157,0.4322132058175157,6
AgentVC_proxy,Responder,Leca-VC,AgentVC,offline_reconstructed_runtime_expression_proxy,ID2,1.696485002108932,1.5509633898122772,-0.1455216122966547,0.1455216122966547,9
AgentVC_proxy,Responder,Leca-VC,AgentVC,offline_reconstructed_runtime_expression_proxy,IDH2,1.125758502482996,0.9841687483503068,-0.1415897541326892,0.1415897541326892,3
AgentVC_proxy,Responder,Leca-VC,AgentVC,offline_reconstructed_runtime_expression_proxy,IDI1,1.3443012447761196,1.039021218731359,-0.3052800260447605,0.3052800260447605,6
AgentVC_proxy,Responder,Leca-VC,AgentVC,offline_reconstructed_runtime_expression_proxy,IER2,1.7386678218172702,1.771267452978573,0.0325996311613028,0.0325996311613028,9
AgentVC_proxy,Responder,Leca-VC,AgentVC,offline_reconstructed_runtime_expression_proxy,IFI16,1.539616861774934,1.6223122467480584,0.0826953849731244,0.0826953849731244,7
AgentVC_proxy,Responder,Leca-VC,AgentVC,offline_reconstructed_runtime_expression_proxy,IFI30,0.7813497213788423,0.8191804852647993,0.0378307638859569,0.0378307638859569,1
AgentVC_proxy,Responder,Leca-VC,AgentVC,offline_reconstructed_runtime_expression_proxy,IFI35,0.633473571767219,0.7997896396983943,0.1663160679311753,0.1663160679311753,1
AgentVC_proxy,Responder,Leca-VC,AgentVC,offline_reconstructed_runtime_expression_proxy,IFI44L,0.2508127536408685,0.7365500595515021,0.4857373059106336,0.4857373059106336,1
AgentVC_proxy,Responder,Leca-VC,AgentVC,offline_reconstructed_runtime_expression_proxy,IFI6,0.974509988883496,1.277099542376371,0.3025895534928746,0.3025895534928746,2
AgentVC_proxy,Responder,Leca-VC,AgentVC,offline_reconstructed_runtime_expression_proxy,IFITM1,1.7891974575692082,1.8750873490978175,0.0858898915286094,0.0858898915286094,9
AgentVC_proxy,Responder,Leca-VC,AgentVC,offline_reconstructed_runtime_expression_proxy,IFITM3,0.8338768336830672,1.3027727617175149,0.4688959280344477,0.4688959280344477,1
AgentVC_proxy,Responder,Leca-VC,AgentVC,offline_reconstructed_runtime_expression_proxy,IFNG,0.720366431346567,1.158641341065718,0.4382749097191509,0.4382749097191509,1
AgentVC_proxy,Responder,Leca-VC,AgentVC,offline_reconstructed_runtime_expression_proxy,IFNGR1,0.8239473191041415,0.9218081530841404,0.0978608339799989,0.0978608339799989,1
AgentVC_proxy,Responder,Leca-VC,AgentVC,offline_reconstructed_runtime_expression_proxy,IFRD1,1.645436332899834,1.3806207275535478,-0.2648156053462862,0.2648156053462862,8
AgentVC_proxy,Responder,Leca-VC,AgentVC,offline_reconstructed_runtime_expression_proxy,IGFLR1,0.9716692290404414,1.019274082513675,0.0476048534732336,0.0476048534732336,2
AgentVC_proxy,Responder,Leca-VC,AgentVC,offline_reconstructed_runtime_expression_proxy,IK,1.2790837305707985,1.3023943270290166,0.023310596458218,0.023310596458218,5
AgentVC_proxy,Responder,Leca-VC,AgentVC,offline_reconstructed_runtime_expression_proxy,IL10RA,1.4566936884777484,1.610760007157782,0.1540663186800335,0.1540663186800335,7
AgentVC_proxy,Responder,Leca-VC,AgentVC,offline_reconstructed_runtime_expression_proxy,IL16,1.0790092106646902,1.4653667375792987,0.3863575269146084,0.3863575269146084,3
AgentVC_proxy,Responder,Leca-VC,AgentVC,offline_reconstructed_runtime_expression_proxy,IL2RB,1.2872438198387242,1.4523599796323532,0.165116159793629,0.165116159793629,5
AgentVC_proxy,Responder,Leca-VC,AgentVC,offline_reconstructed_runtime_expression_proxy,IL2RG,1.9559329844178208,1.9330955171770048,-0.022837467240816,0.022837467240816,10
AgentVC_proxy,Responder,Leca-VC,AgentVC,offline_reconstructed_runtime_expression_proxy,IL32,1.9108166887873552,1.883849811843934,-0.0269668769434212,0.0269668769434212,10
AgentVC_proxy,Responder,Leca-VC,AgentVC,offline_reconstructed_runtime_expression_proxy,IL7R,1.4896937974729652,1.1332100429087302,-0.356483754564235,0.356483754564235,7
AgentVC_proxy,Responder,Leca-VC,AgentVC,offline_reconstructed_runtime_expression_proxy,ILF2,1.2374541338309175,1.1559804294304383,-0.0814737044004791,0.0814737044004791,5
AgentVC_proxy,Responder,Leca-VC,AgentVC,offline_reconstructed_runtime_expression_proxy,INPP5D,1.4867405326168757,1.6207846761153346,0.1340441434984589,0.1340441434984589,7
AgentVC_proxy,Responder,Leca-VC,AgentVC,offline_reconstructed_runtime_expression_proxy,INSIG1,0.9876216419678784,0.6503420548619819,-0.3372795871058964,0.3372795871058964,2
AgentVC_proxy,Responder,Leca-VC,AgentVC,offline_reconstructed_runtime_expression_proxy,IRF4,1.0532051883875606,0.8288811193080529,-0.2243240690795077,0.2243240690795077,3
AgentVC_proxy,Responder,Leca-VC,AgentVC,offline_reconstructed_runtime_expression_proxy,IRF7,0.8547104131896003,0.9541600206531652,0.099449607463565,0.099449607463565,1
AgentVC_proxy,Responder,Leca-VC,AgentVC,offline_reconstructed_runtime_expression_proxy,IRF8,0.857168958628502,1.0054086433111429,0.1482396846826409,0.1482396846826409,1
AgentVC_proxy,Responder,Leca-VC,AgentVC,offline_reconstructed_runtime_expression_proxy,IRF9,1.248677340625247,1.4776401236603884,0.2289627830351415,0.2289627830351415,5
AgentVC_proxy,Responder,Leca-VC,AgentVC,offline_reconstructed_runtime_expression_proxy,ISG15,1.1989483051543195,1.2840432226162009,0.0850949174618813,0.0850949174618813,4
AgentVC_proxy,Responder,Leca-VC,AgentVC,offline_reconstructed_runtime_expression_proxy,ISG20,1.7700246952434937,1.4379479351584097,-0.332076760085084,0.332076760085084,9
AgentVC_proxy,Responder,Leca-VC,AgentVC,offline_reconstructed_runtime_expression_proxy,ITGAL,1.4575425673047475,1.5035997876586282,0.0460572203538804,0.0460572203538804,7
AgentVC_proxy,Responder,Leca-VC,AgentVC,offline_reconstructed_runtime_expression_proxy,ITGB1,1.2053310019869985,1.4925974277074603,0.2872664257204622,0.2872664257204622,4
AgentVC_proxy,Responder,Leca-VC,AgentVC,offline_reconstructed_runtime_expression_proxy,ITGB2,1.7203741989796495,1.760358028502944,0.0399838295232943,0.0399838295232943,9
AgentVC_proxy,Responder,Leca-VC,AgentVC,offline_reconstructed_runtime_expression_proxy,ITK,1.384863382148024,1.3629791653673673,-0.0218842167806567,0.0218842167806567,6
AgentVC_proxy,Responder,Leca-VC,AgentVC,offline_reconstructed_runtime_expression_proxy,ITM2A,1.4317370962557496,1.3468530703209964,-0.0848840259347532,0.0848840259347532,7
AgentVC_proxy,Responder,Leca-VC,AgentVC,offline_reconstructed_runtime_expression_proxy,ITM2B,1.863907263033343,1.9119728674081715,0.0480656043748282,0.0480656043748282,10
AgentVC_proxy,Responder,Leca-VC,AgentVC,offline_reconstructed_runtime_expression_proxy,IVNS1ABP,1.5147950929983702,1.2757475304865726,-0.2390475625117976,0.2390475625117976,7
AgentVC_proxy,Responder,Leca-VC,AgentVC,offline_reconstructed_runtime_expression_proxy,JUN,1.143687703218721,1.3209624932812496,0.1772747900625286,0.1772747900625286,4
AgentVC_proxy,Responder,Leca-VC,AgentVC,offline_reconstructed_runtime_expression_proxy,KDELR2,0.960154677526102,0.8141847000191954,-0.1459699775069066,0.1459699775069066,2
AgentVC_proxy,Responder,Leca-VC,AgentVC,offline_reconstructed_runtime_expression_proxy,KLRD1,1.035901193336579,0.6499472039821145,-0.3859539893544644,0.3859539893544644,2
AgentVC_proxy,Responder,Leca-VC,AgentVC,offline_reconstructed_runtime_expression_proxy,KLRK1,1.6890777811179731,1.667219338625695,-0.021858442492278,0.021858442492278,9
AgentVC_proxy,Responder,Leca-VC,AgentVC,offline_reconstructed_runtime_expression_proxy,KRTCAP2,1.3072205844016995,1.3878423676057687,0.0806217832040692,0.0806217832040692,5
AgentVC_proxy,Responder,Leca-VC,AgentVC,offline_reconstructed_runtime_expression_proxy,LAMP2,0.7514164612594053,0.8815208128234856,0.1301043515640803,0.1301043515640803,1
AgentVC_proxy,Responder,Leca-VC,AgentVC,offline_reconstructed_runtime_expression_proxy,LAMTOR4,1.177549213835116,1.2224406714854523,0.0448914576503365,0.0448914576503365,4
AgentVC_proxy,Responder,Leca-VC,AgentVC,offline_reconstructed_runtime_expression_proxy,LAMTOR5,1.0406178036180218,0.9406802032280392,-0.0999376003899826,0.0999376003899826,2
AgentVC_proxy,Responder,Leca-VC,AgentVC,offline_reconstructed_runtime_expression_proxy,LAP3,0.9741069649241136,1.0115493033333534,0.0374423384092398,0.0374423384092398,2
AgentVC_proxy,Responder,Leca-VC,AgentVC,offline_reconstructed_runtime_expression_proxy,LAPTM4A,1.020765570079806,1.02621821237759,0.005452642297784,0.005452642297784,2
AgentVC_proxy,Responder,Leca-VC,AgentVC,offline_reconstructed_runtime_expression_proxy,LAT,1.1972622230359142,1.36832881025268,0.1710665872167658,0.1710665872167658,4
AgentVC_proxy,Responder,Leca-VC,AgentVC,offline_reconstructed_runtime_expression_proxy,LBH,1.4503379054137886,1.523219305212667,0.0728813997988784,0.0728813997988784,7
AgentVC_proxy,Responder,Leca-VC,AgentVC,offline_reconstructed_runtime_expression_proxy,LCK,1.5841144274039236,1.7348649617363474,0.1507505343324238,0.1507505343324238,8
AgentVC_proxy,Responder,Leca-VC,AgentVC,offline_reconstructed_runtime_expression_proxy,LCP2,1.3338618729152187,1.5856899788059595,0.2518281058907408,0.2518281058907408,6
AgentVC_proxy,Responder,Leca-VC,AgentVC,offline_reconstructed_runtime_expression_proxy,LDHA,1.895586400627368,1.8833727944997367,-0.0122136061276312,0.0122136061276312,10
AgentVC_proxy,Responder,Leca-VC,AgentVC,offline_reconstructed_runtime_expression_proxy,LDHB,1.670326448890498,1.6962353960700949,0.0259089471795965,0.0259089471795965,9
AgentVC_proxy,Responder,Leca-VC,AgentVC,offline_reconstructed_runtime_expression_proxy,LEPROTL1,1.6128828994004276,1.5434697911326272,-0.0694131082678004,0.0694131082678004,8
AgentVC_proxy,Responder,Leca-VC,AgentVC,offline_reconstructed_runtime_expression_proxy,LGALS1,0.9779158972457712,1.030590533287861,0.0526746360420897,0.0526746360420897,2
AgentVC_proxy,Responder,Leca-VC,AgentVC,offline_reconstructed_runtime_expression_proxy,LGALS3,0.7495975820746303,0.7286128814551187,-0.0209847006195116,0.0209847006195116,1
AgentVC_proxy,Responder,Leca-VC,AgentVC,offline_reconstructed_runtime_expression_proxy,LGALS9,0.6631220064735848,0.8105904052753546,0.1474683988017698,0.1474683988017698,1
AgentVC_proxy,Responder,Leca-VC,AgentVC,offline_reconstructed_runtime_expression_proxy,LIMD2,1.5358025624332714,1.8561309905205308,0.3203284280872593,0.3203284280872593,7
AgentVC_proxy,Responder,Leca-VC,AgentVC,offline_reconstructed_runtime_expression_proxy,LIME1,1.1699502961775352,1.1835869150464904,0.0136366188689551,0.0136366188689551,4
AgentVC_proxy,Responder,Leca-VC,AgentVC,offline_reconstructed_runtime_expression_proxy,LITAF,1.5848761716448303,1.557537315547007,-0.0273388560978236,0.0273388560978236,8
AgentVC_proxy,Responder,Leca-VC,AgentVC,offline_reconstructed_runtime_expression_proxy,LMAN2,1.2494148723773884,1.2058368924038445,-0.0435779799735438,0.0435779799735438,5
AgentVC_proxy,Responder,Leca-VC,AgentVC,offline_reconstructed_runtime_expression_proxy,LMNA,1.2135787381913623,0.775885106862012,-0.4376936313293506,0.4376936313293506,4
AgentVC_proxy,Responder,Leca-VC,AgentVC,offline_reconstructed_runtime_expression_proxy,LPXN,1.3297073919843854,1.3003295767869616,-0.0293778151974237,0.0293778151974237,6
AgentVC_proxy,Responder,Leca-VC,AgentVC,offline_reconstructed_runtime_expression_proxy,LSM4,0.9104000788903532,0.9269169186841006,0.0165168397937472,0.0165168397937472,2
AgentVC_proxy,Responder,Leca-VC,AgentVC,offline_reconstructed_runtime_expression_proxy,LSP1,1.7691298078935087,1.71805425560364,-0.0510755522898687,0.0510755522898687,9
AgentVC_proxy,Responder,Leca-VC,AgentVC,offline_reconstructed_runtime_expression_proxy,LTB,0.9990027818672772,1.2539455616240132,0.2549427797567358,0.2549427797567358,2
AgentVC_proxy,Responder,Leca-VC,AgentVC,offline_reconstructed_runtime_expression_proxy,LUC7L3,1.5988646465819063,1.490634292018762,-0.1082303545631442,0.1082303545631442,8
AgentVC_proxy,Responder,Leca-VC,AgentVC,offline_reconstructed_runtime_expression_proxy,LY6E,1.249193611897218,1.4821387656325398,0.2329451537353217,0.2329451537353217,5
AgentVC_proxy,Responder,Leca-VC,AgentVC,offline_reconstructed_runtime_expression_proxy,LY9,1.1313455965389074,1.2274481828307302,0.0961025862918227,0.0961025862918227,3
AgentVC_proxy,Responder,Leca-VC,AgentVC,offline_reconstructed_runtime_expression_proxy,LYST,1.4826981112123867,1.4517577906087993,-0.0309403206035874,0.0309403206035874,7
AgentVC_proxy,Responder,Leca-VC,AgentVC,offline_reconstructed_runtime_expression_proxy,M6PR,1.2366435367486948,1.3348270686816217,0.0981835319329269,0.0981835319329269,4
AgentVC_proxy,Responder,Leca-VC,AgentVC,offline_reconstructed_runtime_expression_proxy,MAN2B1,0.9609110948724802,0.9220846835994596,-0.0388264112730205,0.0388264112730205,2
AgentVC_proxy,Responder,Leca-VC,AgentVC,offline_reconstructed_runtime_expression_proxy,MAP1LC3B,1.4587708387654708,1.239364970047163,-0.2194058687183078,0.2194058687183078,7
AgentVC_proxy,Responder,Leca-VC,AgentVC,offline_reconstructed_runtime_expression_proxy,MAP2K3,1.0986041357279388,0.9662969848570206,-0.1323071508709181,0.1323071508709181,3
AgentVC_proxy,Responder,Leca-VC,AgentVC,offline_reconstructed_runtime_expression_proxy,MAP4K1,1.405452093159739,1.4106370932902592,0.0051850001305202,0.0051850001305202,6
AgentVC_proxy,Responder,Leca-VC,AgentVC,offline_reconstructed_runtime_expression_proxy,MAPK1IP1L,1.6019232194097648,1.7222287312523246,0.1203055118425597,0.1203055118425597,8
AgentVC_proxy,Responder,Leca-VC,AgentVC,offline_reconstructed_runtime_expression_proxy,MAT2A,1.6412795375694451,1.175823104335041,-0.4654564332344046,0.4654564332344046,8
AgentVC_proxy,Responder,Leca-VC,AgentVC,offline_reconstructed_runtime_expression_proxy,MCL1,1.6834818453544524,1.3497240014861658,-0.3337578438682866,0.3337578438682866,9
AgentVC_proxy,Responder,Leca-VC,AgentVC,offline_reconstructed_runtime_expression_proxy,MDH1,1.056780885662168,1.1536091988386297,0.0968283131764617,0.0968283131764617,3
AgentVC_proxy,Responder,Leca-VC,AgentVC,offline_reconstructed_runtime_expression_proxy,MDH2,1.054000791209574,1.0137692323381242,-0.0402315588714499,0.0402315588714499,3
AgentVC_proxy,Responder,Leca-VC,AgentVC,offline_reconstructed_runtime_expression_proxy,MGAT1,1.0543326844155505,1.123221333087345,0.0688886486717945,0.0688886486717945,3
AgentVC_proxy,Responder,Leca-VC,AgentVC,offline_reconstructed_runtime_expression_proxy,MIF,1.6632587042609313,1.7049826501245793,0.041723945863648,0.041723945863648,9
AgentVC_proxy,Responder,Leca-VC,AgentVC,offline_reconstructed_runtime_expression_proxy,MIR24-2,1.456640095537607,1.2846240288698272,-0.1720160666677799,0.1720160666677799,7
AgentVC_proxy,Responder,Leca-VC,AgentVC,offline_reconstructed_runtime_expression_proxy,MLF2,1.1823730576669087,1.19919961700867,0.0168265593417613,0.0168265593417613,4
AgentVC_proxy,Responder,Leca-VC,AgentVC,offline_reconstructed_runtime_expression_proxy,MOB1A,1.3901002487218688,1.5477484678137214,0.1576482190918526,0.1576482190918526,6
AgentVC_proxy,Responder,Leca-VC,AgentVC,offline_reconstructed_runtime_expression_proxy,MORF4L2,1.350818508377542,1.1579251150335723,-0.1928933933439696,0.1928933933439696,6
AgentVC_proxy,Responder,Leca-VC,AgentVC,offline_reconstructed_runtime_expression_proxy,MRPL20,0.8526356626449013,0.811882345458729,-0.0407533171861723,0.0407533171861723,1
AgentVC_proxy,Responder,Leca-VC,AgentVC,offline_reconstructed_runtime_expression_proxy,MRPS24,0.8355665646823963,0.8060035793239075,-0.0295629853584887,0.0295629853584887,1
AgentVC_proxy,Responder,Leca-VC,AgentVC,offline_reconstructed_runtime_expression_proxy,MSN,1.6993037277024272,1.7537774417897485,0.0544737140873212,0.0544737140873212,9
AgentVC_proxy,Responder,Leca-VC,AgentVC,offline_reconstructed_runtime_expression_proxy,MT-ND3,2.3332566314395304,2.177340326233082,-0.1559163052064485,0.1559163052064485,10
AgentVC_proxy,Responder,Leca-VC,AgentVC,offline_reconstructed_runtime_expression_proxy,MT2A,0.91387739990659,0.8477084028908713,-0.0661689970157187,0.0661689970157187,2
AgentVC_proxy,Responder,Leca-VC,AgentVC,offline_reconstructed_runtime_expression_proxy,MTHFD2,1.140887733289644,0.918548675612537,-0.2223390576771069,0.2223390576771069,4
AgentVC_proxy,Responder,Leca-VC,AgentVC,offline_reconstructed_runtime_expression_proxy,MVP,1.0943716472122205,1.193086003600026,0.0987143563878054,0.0987143563878054,3
AgentVC_proxy,Responder,Leca-VC,AgentVC,offline_reconstructed_runtime_expression_proxy,MX1,0.6354243726317943,0.9963326995391398,0.3609083269073455,0.3609083269073455,1
AgentVC_proxy,Responder,Leca-VC,AgentVC,offline_reconstructed_runtime_expression_proxy,MX2,0.6870892228253722,1.0905620289360864,0.4034728061107142,0.4034728061107142,1
AgentVC_proxy,Responder,Leca-VC,AgentVC,offline_reconstructed_runtime_expression_proxy,MYADM,1.686946550873505,1.1524392015315446,-0.5345073493419608,0.5345073493419608,9
AgentVC_proxy,Responder,Leca-VC,AgentVC,offline_reconstructed_runtime_expression_proxy,MYD88,0.7453960831507052,0.9849179449368712,0.239521861786166,0.239521861786166,1
AgentVC_proxy,Responder,Leca-VC,AgentVC,offline_reconstructed_runtime_expression_proxy,MYL12A,1.976116546626391,2.177571512446115,0.2014549658197237,0.2014549658197237,10
AgentVC_proxy,Responder,Leca-VC,AgentVC,offline_reconstructed_runtime_expression_proxy,MYL12B,1.642130098271565,1.767962388427641,0.125832290156076,0.125832290156076,8
AgentVC_proxy,Responder,Leca-VC,AgentVC,offline_reconstructed_runtime_expression_proxy,MYO1F,1.036860021857004,1.2009136947583676,0.1640536729013637,0.1640536729013637,2
AgentVC_proxy,Responder,Leca-VC,AgentVC,offline_reconstructed_runtime_expression_proxy,NABP1,1.2810951117521312,1.2288251213229062,-0.0522699904292249,0.0522699904292249,5
AgentVC_proxy,Responder,Leca-VC,AgentVC,offline_reconstructed_runtime_expression_proxy,NAMPT,1.1450658434538263,1.3000812158187955,0.1550153723649692,0.1550153723649692,4
AgentVC_proxy,Responder,Leca-VC,AgentVC,offline_reconstructed_runtime_expression_proxy,NAP1L1,1.812492021731924,1.6967088769063452,-0.1157831448255783,0.1157831448255783,10
AgentVC_proxy,Responder,Leca-VC,AgentVC,offline_reconstructed_runtime_expression_proxy,NAPA,1.2418892040437053,1.2030814602206654,-0.0388077438230398,0.0388077438230398,5
AgentVC_proxy,Responder,Leca-VC,AgentVC,offline_reconstructed_runtime_expression_proxy,NASP,1.4986277890943551,1.2750876233483108,-0.2235401657460443,0.2235401657460443,7
AgentVC_proxy,Responder,Leca-VC,AgentVC,offline_reconstructed_runtime_expression_proxy,NCOA4,0.8593190744754473,0.9633591305167064,0.1040400560412589,0.1040400560412589,1
AgentVC_proxy,Responder,Leca-VC,AgentVC,offline_reconstructed_runtime_expression_proxy,NCOR1,1.6921608699039214,1.7753890042802043,0.0832281343762828,0.0832281343762828,9
AgentVC_proxy,Responder,Leca-VC,AgentVC,offline_reconstructed_runtime_expression_proxy,NDUFA1,1.186494351677701,1.1617669952063745,-0.0247273564713264,0.0247273564713264,4
AgentVC_proxy,Responder,Leca-VC,AgentVC,offline_reconstructed_runtime_expression_proxy,NDUFA11,1.2313929148199865,1.2262429140835318,-0.0051500007364546,0.0051500007364546,4
AgentVC_proxy,Responder,Leca-VC,AgentVC,offline_reconstructed_runtime_expression_proxy,NDUFA13,1.4139081150603128,1.4191807936004626,0.0052726785401497,0.0052726785401497,6
AgentVC_proxy,Responder,Leca-VC,AgentVC,offline_reconstructed_runtime_expression_proxy,NDUFB2,1.0232667996944809,1.176644913109554,0.1533781134150731,0.1533781134150731,2
AgentVC_proxy,Responder,Leca-VC,AgentVC,offline_reconstructed_runtime_expression_proxy,NDUFB4,1.0057794009309555,0.9902814416854548,-0.015497959245501,0.015497959245501,2
AgentVC_proxy,Responder,Leca-VC,AgentVC,offline_reconstructed_runtime_expression_proxy,NDUFB7,0.8770869100296588,0.9569040713780922,0.0798171613484334,0.0798171613484334,1
AgentVC_proxy,Responder,Leca-VC,AgentVC,offline_reconstructed_runtime_expression_proxy,NDUFC2,1.0129298973604848,1.2488675081876834,0.2359376108271986,0.2359376108271986,2
AgentVC_proxy,Responder,Leca-VC,AgentVC,offline_reconstructed_runtime_expression_proxy,NDUFS5,1.2244116221808947,1.1573789075557368,-0.0670327146251579,0.0670327146251579,4
AgentVC_proxy,Responder,Leca-VC,AgentVC,offline_reconstructed_runtime_expression_proxy,NDUFS7,1.088468141663783,1.1001240737178668,0.0116559320540838,0.0116559320540838,3
AgentVC_proxy,Responder,Leca-VC,AgentVC,offline_reconstructed_runtime_expression_proxy,NDUFV1,1.2257835729061282,1.1691094762166685,-0.0566740966894598,0.0566740966894598,4
AgentVC_proxy,Responder,Leca-VC,AgentVC,offline_reconstructed_runtime_expression_proxy,NDUFV2,1.2382203496052373,1.4295557689223506,0.1913354193171133,0.1913354193171133,5
AgentVC_proxy,Responder,Leca-VC,AgentVC,offline_reconstructed_runtime_expression_proxy,NEDD8,1.084802483554467,1.2555326742819015,0.1707301907274347,0.1707301907274347,3
AgentVC_proxy,Responder,Leca-VC,AgentVC,offline_reconstructed_runtime_expression_proxy,NFE2L2,1.3566002492861042,1.0008101588414895,-0.3557900904446145,0.3557900904446145,6
AgentVC_proxy,Responder,Leca-VC,AgentVC,offline_reconstructed_runtime_expression_proxy,NFKBIA,1.911428330448076,1.7680858535337431,-0.143342476914333,0.143342476914333,10
AgentVC_proxy,Responder,Leca-VC,AgentVC,offline_reconstructed_runtime_expression_proxy,NFKBID,1.0220344514843371,0.9677300888959346,-0.0543043625884025,0.0543043625884025,2
AgentVC_proxy,Responder,Leca-VC,AgentVC,offline_reconstructed_runtime_expression_proxy,NFKBIZ,1.4827640457348954,1.5540138893876332,0.0712498436527377,0.0712498436527377,7
AgentVC_proxy,Responder,Leca-VC,AgentVC,offline_reconstructed_runtime_expression_proxy,NGLY1,1.073555796563522,1.2072855047642406,0.1337297082007185,0.1337297082007185,3
AgentVC_proxy,Responder,Leca-VC,AgentVC,offline_reconstructed_runtime_expression_proxy,NKG7,1.6550768112963936,1.6239758553150263,-0.031100955981367,0.031100955981367,8
AgentVC_proxy,Responder,Leca-VC,AgentVC,offline_reconstructed_runtime_expression_proxy,NLRC5,1.8243479391435744,1.9911915836517668,0.1668436445081926,0.1668436445081926,10
AgentVC_proxy,Responder,Leca-VC,AgentVC,offline_reconstructed_runtime_expression_proxy,NME1-NME2,1.284361351593781,1.2583430026537747,-0.0260183489400063,0.0260183489400063,5
AgentVC_proxy,Responder,Leca-VC,AgentVC,offline_reconstructed_runtime_expression_proxy,NMT1,0.9389692267623015,1.0259823392760252,0.0870131125137236,0.0870131125137236,2
AgentVC_proxy,Responder,Leca-VC,AgentVC,offline_reconstructed_runtime_expression_proxy,NONO,1.657762763531029,1.6336193498545857,-0.0241434136764433,0.0241434136764433,8
AgentVC_proxy,Responder,Leca-VC,AgentVC,offline_reconstructed_runtime_expression_proxy,NOP10,0.896545395092842,1.0249877360893216,0.1284423409964795,0.1284423409964795,1
AgentVC_proxy,Responder,Leca-VC,AgentVC,offline_reconstructed_runtime_expression_proxy,NOP58,1.686137353046314,1.6345895337078895,-0.0515478193384242,0.0515478193384242,9
AgentVC_proxy,Responder,Leca-VC,AgentVC,offline_reconstructed_runtime_expression_proxy,NPC1,1.0112042658680036,0.9872721200988964,-0.0239321457691071,0.0239321457691071,2
AgentVC_proxy,Responder,Leca-VC,AgentVC,offline_reconstructed_runtime_expression_proxy,NPC2,0.833411068933553,0.8868541652216545,0.0534430962881015,0.0534430962881015,1
AgentVC_proxy,Responder,Leca-VC,AgentVC,offline_reconstructed_runtime_expression_proxy,NR3C1,1.2612304868054007,1.042717881404922,-0.2185126054004786,0.2185126054004786,5
AgentVC_proxy,Responder,Leca-VC,AgentVC,offline_reconstructed_runtime_expression_proxy,NR4A1,1.3092094145513673,1.1372538990453256,-0.1719555155060417,0.1719555155060417,5
AgentVC_proxy,Responder,Leca-VC,AgentVC,offline_reconstructed_runtime_expression_proxy,NR4A2,1.870142603871915,1.8479631765181217,-0.0221794273537934,0.0221794273537934,10
AgentVC_proxy,Responder,Leca-VC,AgentVC,offline_reconstructed_runtime_expression_proxy,NUCB2,1.018467026484569,0.6704889731626246,-0.3479780533219444,0.3479780533219444,2
AgentVC_proxy,Responder,Leca-VC,AgentVC,offline_reconstructed_runtime_expression_proxy,NXF1,1.4730350942245165,1.2227868447762251,-0.2502482494482911,0.2502482494482911,7
AgentVC_proxy,Responder,Leca-VC,AgentVC,offline_reconstructed_runtime_expression_proxy,OFD1,1.0521595329324438,1.0432953555356772,-0.0088641773967665,0.0088641773967665,3
AgentVC_proxy,Responder,Leca-VC,AgentVC,offline_reconstructed_runtime_expression_proxy,OGT,1.674791979347838,1.6187337649177855,-0.0560582144300525,0.0560582144300525,9
AgentVC_proxy,Responder,Leca-VC,AgentVC,offline_reconstructed_runtime_expression_proxy,OS9,1.1683192985686648,1.174349679389713,0.0060303808210482,0.0060303808210482,4
AgentVC_proxy,Responder,Leca-VC,AgentVC,offline_reconstructed_runtime_expression_proxy,OST4,1.5730457613730693,1.6099040747191784,0.0368583133461091,0.0368583133461091,8
AgentVC_proxy,Responder,Leca-VC,AgentVC,offline_reconstructed_runtime_expression_proxy,OSTC,0.921030120808525,0.9436863767480016,0.0226562559394766,0.0226562559394766,2
AgentVC_proxy,Responder,Leca-VC,AgentVC,offline_reconstructed_runtime_expression_proxy,P4HB,1.3910492267766583,1.380081770257495,-0.0109674565191633,0.0109674565191633,6
AgentVC_proxy,Responder,Leca-VC,AgentVC,offline_reconstructed_runtime_expression_proxy,PAIP2,1.5586775914209572,1.5877945450720383,0.0291169536510813,0.0291169536510813,8
AgentVC_proxy,Responder,Leca-VC,AgentVC,offline_reconstructed_runtime_expression_proxy,PARK7,1.6322569086688277,1.5610286010692338,-0.0712283075995938,0.0712283075995938,8
AgentVC_proxy,Responder,Leca-VC,AgentVC,offline_reconstructed_runtime_expression_proxy,PARP15,0.8836695718593127,1.0642982457335532,0.1806286738742405,0.1806286738742405,1
AgentVC_proxy,Responder,Leca-VC,AgentVC,offline_reconstructed_runtime_expression_proxy,PARP8,1.5546536485248368,1.416515840546659,-0.1381378079781781,0.1381378079781781,8
AgentVC_proxy,Responder,Leca-VC,AgentVC,offline_reconstructed_runtime_expression_proxy,PARP9,0.7328708001473027,1.1452057668813904,0.4123349667340877,0.4123349667340877,1
AgentVC_proxy,Responder,Leca-VC,AgentVC,offline_reconstructed_runtime_expression_proxy,PARVG,1.2373802339912352,1.2955686921975775,0.0581884582063423,0.0581884582063423,4
AgentVC_proxy,Responder,Leca-VC,AgentVC,offline_reconstructed_runtime_expression_proxy,PCBP2,1.6449374106894008,1.5010681285796337,-0.1438692821097673,0.1438692821097673,8
AgentVC_proxy,Responder,Leca-VC,AgentVC,offline_reconstructed_runtime_expression_proxy,PCED1B-AS1,1.4341657599929487,1.6118366997021765,0.1776709397092277,0.1776709397092277,7
AgentVC_proxy,Responder,Leca-VC,AgentVC,offline_reconstructed_runtime_expression_proxy,PDCD1,0.9449425953060586,0.9071302248062564,-0.0378123704998022,0.0378123704998022,2
AgentVC_proxy,Responder,Leca-VC,AgentVC,offline_reconstructed_runtime_expression_proxy,PDCD4,1.9719601651325136,1.9122261593744805,-0.0597340057580333,0.0597340057580333,10
AgentVC_proxy,Responder,Leca-VC,AgentVC,offline_reconstructed_runtime_expression_proxy,PDCD6IP,1.1834964858066974,1.1515008598473475,-0.0319956259593496,0.0319956259593496,4
AgentVC_proxy,Responder,Leca-VC,AgentVC,offline_reconstructed_runtime_expression_proxy,PDE4B,1.6430068689589752,1.5165844769681265,-0.1264223919908487,0.1264223919908487,8
AgentVC_proxy,Responder,Leca-VC,AgentVC,offline_reconstructed_runtime_expression_proxy,PDIA3,1.613472250153133,1.6478347663218618,0.0343625161687288,0.0343625161687288,8
AgentVC_proxy,Responder,Leca-VC,AgentVC,offline_reconstructed_runtime_expression_proxy,PDIA4,0.9559019028074676,0.8385778841830569,-0.1173240186244105,0.1173240186244105,2
AgentVC_proxy,Responder,Leca-VC,AgentVC,offline_reconstructed_runtime_expression_proxy,PDIA6,1.1363991016045667,1.0795004319055197,-0.0568986696990472,0.0568986696990472,3
AgentVC_proxy,Responder,Leca-VC,AgentVC,offline_reconstructed_runtime_expression_proxy,PEBP1,1.2823300843243577,1.3096964856925193,0.0273664013681618,0.0273664013681618,5
AgentVC_proxy,Responder,Leca-VC,AgentVC,offline_reconstructed_runtime_expression_proxy,PER1,1.5121508222280824,0.9876335241948916,-0.5245172980331908,0.5245172980331908,7
AgentVC_proxy,Responder,Leca-VC,AgentVC,offline_reconstructed_runtime_expression_proxy,PFDN5,1.976417283418912,2.0170638156325373,0.0406465322136251,0.0406465322136251,10
AgentVC_proxy,Responder,Leca-VC,AgentVC,offline_reconstructed_runtime_expression_proxy,PFKFB3,1.2798766327978983,0.9047301290417034,-0.3751465037561949,0.3751465037561949,5
AgentVC_proxy,Responder,Leca-VC,AgentVC,offline_reconstructed_runtime_expression_proxy,PGAM1,1.3994247597851293,1.4144700117100435,0.0150452519249142,0.0150452519249142,6
AgentVC_proxy,Responder,Leca-VC,AgentVC,offline_reconstructed_runtime_expression_proxy,PGK1,1.866433547330208,1.8612730623447995,-0.0051604849854085,0.0051604849854085,10
AgentVC_proxy,Responder,Leca-VC,AgentVC,offline_reconstructed_runtime_expression_proxy,PHB,0.8276130645462366,0.8680056624259554,0.0403925978797188,0.0403925978797188,1
AgentVC_proxy,Responder,Leca-VC,AgentVC,offline_reconstructed_runtime_expression_proxy,PHB2,1.0799133719428466,0.9992725593560664,-0.0806408125867802,0.0806408125867802,3
AgentVC_proxy,Responder,Leca-VC,AgentVC,offline_reconstructed_runtime_expression_proxy,PHC3,1.4345467135939285,1.59796944359356,0.1634227299996313,0.1634227299996313,7
AgentVC_proxy,Responder,Leca-VC,AgentVC,offline_reconstructed_runtime_expression_proxy,PIK3IP1,1.4510612854713636,1.3049328490115524,-0.1461284364598112,0.1461284364598112,7
AgentVC_proxy,Responder,Leca-VC,AgentVC,offline_reconstructed_runtime_expression_proxy,PIM1,1.0722881669946065,1.1439947472201537,0.0717065802255472,0.0717065802255472,3
AgentVC_proxy,Responder,Leca-VC,AgentVC,offline_reconstructed_runtime_expression_proxy,PIM2,1.6922595048368527,1.7831499681241627,0.0908904632873099,0.0908904632873099,9
AgentVC_proxy,Responder,Leca-VC,AgentVC,offline_reconstructed_runtime_expression_proxy,PIP4K2A,1.8700303683884008,1.9696156563965856,0.0995852880081846,0.0995852880081846,10
AgentVC_proxy,Responder,Leca-VC,AgentVC,offline_reconstructed_runtime_expression_proxy,PKM,1.4918929110921877,1.6506990551177214,0.1588061440255339,0.1588061440255339,7
AgentVC_proxy,Responder,Leca-VC,AgentVC,offline_reconstructed_runtime_expression_proxy,PLAC8,0.7773228058728383,1.0944331600388104,0.3171103541659721,0.3171103541659721,1
AgentVC_proxy,Responder,Leca-VC,AgentVC,offline_reconstructed_runtime_expression_proxy,PLCB2,0.8848415838728988,1.0071898896501432,0.1223483057772444,0.1223483057772444,1
AgentVC_proxy,Responder,Leca-VC,AgentVC,offline_reconstructed_runtime_expression_proxy,PLEK,0.5799096628347167,0.777347796995015,0.1974381341602983,0.1974381341602983,1
AgentVC_proxy,Responder,Leca-VC,AgentVC,offline_reconstructed_runtime_expression_proxy,PLIN2,1.082530114137303,0.8044795466375008,-0.2780505674998021,0.2780505674998021,3
AgentVC_proxy,Responder,Leca-VC,AgentVC,offline_reconstructed_runtime_expression_proxy,PLP2,1.2290596366847282,1.4737457571081425,0.2446861204234141,0.2446861204234141,4
AgentVC_proxy,Responder,Leca-VC,AgentVC,offline_reconstructed_runtime_expression_proxy,PLSCR1,0.6723075690429854,0.8174560079680578,0.1451484389250724,0.1451484389250724,1
AgentVC_proxy,Responder,Leca-VC,AgentVC,offline_reconstructed_runtime_expression_proxy,PMAIP1,1.0610650667213313,1.150326450918319,0.0892613841969878,0.0892613841969878,3
AgentVC_proxy,Responder,Leca-VC,AgentVC,offline_reconstructed_runtime_expression_proxy,POLD4,1.215006055824816,1.324702202957619,0.1096961471328028,0.1096961471328028,4
AgentVC_proxy,Responder,Leca-VC,AgentVC,offline_reconstructed_runtime_expression_proxy,POLR2A,1.6211627257466923,1.354135855340971,-0.2670268704057212,0.2670268704057212,8
AgentVC_proxy,Responder,Leca-VC,AgentVC,offline_reconstructed_runtime_expression_proxy,POLR2E,1.1162697254579868,1.161393911642768,0.0451241861847813,0.0451241861847813,3
AgentVC_proxy,Responder,Leca-VC,AgentVC,offline_reconstructed_runtime_expression_proxy,POLR2G,0.8452441073711482,1.0082351818844386,0.1629910745132904,0.1629910745132904,1
AgentVC_proxy,Responder,Leca-VC,AgentVC,offline_reconstructed_runtime_expression_proxy,POMP,1.0936716331815706,1.1638627237873382,0.0701910906057676,0.0701910906057676,3
AgentVC_proxy,Responder,Leca-VC,AgentVC,offline_reconstructed_runtime_expression_proxy,PPIB,1.7305599556648132,1.7476253997581928,0.0170654440933795,0.0170654440933795,9
AgentVC_proxy,Responder,Leca-VC,AgentVC,offline_reconstructed_runtime_expression_proxy,PPP1CA,1.3930243271230425,1.5631688424296817,0.1701445153066392,0.1701445153066392,6
AgentVC_proxy,Responder,Leca-VC,AgentVC,offline_reconstructed_runtime_expression_proxy,PPP1CB,1.8363248517510755,1.8783936527408465,0.0420688009897709,0.0420688009897709,10
AgentVC_proxy,Responder,Leca-VC,AgentVC,offline_reconstructed_runtime_expression_proxy,PPP1R15A,1.875276374751056,1.9525152035910864,0.0772388288400307,0.0772388288400307,10
AgentVC_proxy,Responder,Leca-VC,AgentVC,offline_reconstructed_runtime_expression_proxy,PPP1R2,1.6868053340792568,1.6130283599353028,-0.073776974143954,0.073776974143954,9
AgentVC_proxy,Responder,Leca-VC,AgentVC,offline_reconstructed_runtime_expression_proxy,PPT1,0.7623487328278697,0.9539384127200304,0.1915896798921608,0.1915896798921608,1
AgentVC_proxy,Responder,Leca-VC,AgentVC,offline_reconstructed_runtime_expression_proxy,PRDM1,1.4981538950510478,1.5307834323389902,0.0326295372879423,0.0326295372879423,7
AgentVC_proxy,Responder,Leca-VC,AgentVC,offline_reconstructed_runtime_expression_proxy,PRDX1,1.5536379245254892,1.3757768677218556,-0.1778610568036336,0.1778610568036336,8
AgentVC_proxy,Responder,Leca-VC,AgentVC,offline_reconstructed_runtime_expression_proxy,PRDX3,0.8798197192196175,0.9092446444209668,0.0294249252013493,0.0294249252013493,1
AgentVC_proxy,Responder,Leca-VC,AgentVC,offline_reconstructed_runtime_expression_proxy,PRDX5,1.1871124467927745,1.2764819173184832,0.0893694705257086,0.0893694705257086,4
AgentVC_proxy,Responder,Leca-VC,AgentVC,offline_reconstructed_runtime_expression_proxy,PRDX6,1.1767321758883127,1.2106350110523945,0.0339028351640817,0.0339028351640817,4
AgentVC_proxy,Responder,Leca-VC,AgentVC,offline_reconstructed_runtime_expression_proxy,PRELID1,1.3314646805185606,1.3722438711261014,0.0407791906075407,0.0407791906075407,6
AgentVC_proxy,Responder,Leca-VC,AgentVC,offline_reconstructed_runtime_expression_proxy,PRF1,1.2964644283862388,1.3560235618504564,0.0595591334642175,0.0595591334642175,5
AgentVC_proxy,Responder,Leca-VC,AgentVC,offline_reconstructed_runtime_expression_proxy,PRKAR1A,1.3575872061503524,1.5489851971422155,0.191397990991863,0.191397990991863,6
AgentVC_proxy,Responder,Leca-VC,AgentVC,offline_reconstructed_runtime_expression_proxy,PRKCH,1.6022875619990251,1.5580146145978253,-0.0442729474011998,0.0442729474011998,8
AgentVC_proxy,Responder,Leca-VC,AgentVC,offline_reconstructed_runtime_expression_proxy,PRMT2,1.1929930766453516,1.3632236263753246,0.1702305497299729,0.1702305497299729,4
AgentVC_proxy,Responder,Leca-VC,AgentVC,offline_reconstructed_runtime_expression_proxy,PRPF40B,0.9225239134760352,1.2049639333964917,0.2824400199204564,0.2824400199204564,2
AgentVC_proxy,Responder,Leca-VC,AgentVC,offline_reconstructed_runtime_expression_proxy,PRR13,1.4730844584168228,1.6031040937728076,0.1300196353559848,0.1300196353559848,7
AgentVC_proxy,Responder,Leca-VC,AgentVC,offline_reconstructed_runtime_expression_proxy,PSAP,1.5045703481752426,1.5672530918297043,0.0626827436544619,0.0626827436544619,7
AgentVC_proxy,Responder,Leca-VC,AgentVC,offline_reconstructed_runtime_expression_proxy,PSMA1,1.348665448092022,1.26495543163523,-0.0837100164567918,0.0837100164567918,6
AgentVC_proxy,Responder,Leca-VC,AgentVC,offline_reconstructed_runtime_expression_proxy,PSMA2,1.2163498634761911,1.30545926417812,0.0891094007019288,0.0891094007019288,4
AgentVC_proxy,Responder,Leca-VC,AgentVC,offline_reconstructed_runtime_expression_proxy,PSMA3,1.3848663301625528,1.4382699717777503,0.0534036416151977,0.0534036416151977,6
AgentVC_proxy,Responder,Leca-VC,AgentVC,offline_reconstructed_runtime_expression_proxy,PSMA4,0.9813589647510508,1.0389180994617806,0.0575591347107298,0.0575591347107298,2
AgentVC_proxy,Responder,Leca-VC,AgentVC,offline_reconstructed_runtime_expression_proxy,PSMA5,1.2063351115118,1.2561707024060875,0.0498355908942875,0.0498355908942875,4
AgentVC_proxy,Responder,Leca-VC,AgentVC,offline_reconstructed_runtime_expression_proxy,PSMA6,1.2221051317848453,1.265179516501828,0.0430743847169827,0.0430743847169827,4
AgentVC_proxy,Responder,Leca-VC,AgentVC,offline_reconstructed_runtime_expression_proxy,PSMA7,1.760190172189526,1.778386255285446,0.0181960830959202,0.0181960830959202,9
AgentVC_proxy,Responder,Leca-VC,AgentVC,offline_reconstructed_runtime_expression_proxy,PSMB1,1.3400408297217266,1.514174137620519,0.1741333078987923,0.1741333078987923,6
AgentVC_proxy,Responder,Leca-VC,AgentVC,offline_reconstructed_runtime_expression_proxy,PSMB10,1.3070199250093988,1.4801786994073456,0.1731587743979468,0.1731587743979468,5
AgentVC_proxy,Responder,Leca-VC,AgentVC,offline_reconstructed_runtime_expression_proxy,PSMB3,1.1786003355332044,1.258280691937719,0.0796803564045145,0.0796803564045145,4
AgentVC_proxy,Responder,Leca-VC,AgentVC,offline_reconstructed_runtime_expression_proxy,PSMB4,1.4807854488927843,1.396278449313779,-0.0845069995790053,0.0845069995790053,7
AgentVC_proxy,Responder,Leca-VC,AgentVC,offline_reconstructed_runtime_expression_proxy,PSMB6,1.2315777386557012,1.2448117703132675,0.0132340316575663,0.0132340316575663,4
AgentVC_proxy,Responder,Leca-VC,AgentVC,offline_reconstructed_runtime_expression_proxy,PSMB7,1.0506370211674834,1.1331089872465008,0.0824719660790174,0.0824719660790174,3
AgentVC_proxy,Responder,Leca-VC,AgentVC,offline_reconstructed_runtime_expression_proxy,PSMB8,1.5920992431846748,1.6166932512474534,0.0245940080627786,0.0245940080627786,8
AgentVC_proxy,Responder,Leca-VC,AgentVC,offline_reconstructed_runtime_expression_proxy,PSMB9,1.5092590583109928,1.5927335740162076,0.0834745157052148,0.0834745157052148,7
AgentVC_proxy,Responder,Leca-VC,AgentVC,offline_reconstructed_runtime_expression_proxy,PSMC4,0.8036549458642078,0.7312958393020633,-0.0723591065621445,0.0723591065621445,1
AgentVC_proxy,Responder,Leca-VC,AgentVC,offline_reconstructed_runtime_expression_proxy,PSMD13,1.0797172842121918,1.053752397847575,-0.0259648863646169,0.0259648863646169,3
AgentVC_proxy,Responder,Leca-VC,AgentVC,offline_reconstructed_runtime_expression_proxy,PSMD7,0.8891346511393887,1.002665627488789,0.1135309763494003,0.1135309763494003,1
AgentVC_proxy,Responder,Leca-VC,AgentVC,offline_reconstructed_runtime_expression_proxy,PSMD8,1.2759748616310949,1.3227040225015134,0.0467291608704185,0.0467291608704185,5
AgentVC_proxy,Responder,Leca-VC,AgentVC,offline_reconstructed_runtime_expression_proxy,PSME2,1.555677693777125,1.5641704107610088,0.0084927169838837,0.0084927169838837,8
AgentVC_proxy,Responder,Leca-VC,AgentVC,offline_reconstructed_runtime_expression_proxy,PSMF1,1.2090577677237708,1.2779903952976357,0.0689326275738648,0.0689326275738648,4
AgentVC_proxy,Responder,Leca-VC,AgentVC,offline_reconstructed_runtime_expression_proxy,PSTPIP1,1.2885891273553276,1.1454101990827812,-0.1431789282725464,0.1431789282725464,5
AgentVC_proxy,Responder,Leca-VC,AgentVC,offline_reconstructed_runtime_expression_proxy,PTGES3,1.5791772734253926,1.5615722644120542,-0.0176050090133383,0.0176050090133383,8
AgentVC_proxy,Responder,Leca-VC,AgentVC,offline_reconstructed_runtime_expression_proxy,PTP4A1,1.392296144314702,1.2826388639526611,-0.1096572803620408,0.1096572803620408,6
AgentVC_proxy,Responder,Leca-VC,AgentVC,offline_reconstructed_runtime_expression_proxy,PTPN6,1.1203347126328824,1.4408226128766,0.3204879002437175,0.3204879002437175,3
AgentVC_proxy,Responder,Leca-VC,AgentVC,offline_reconstructed_runtime_expression_proxy,PTPRCAP,1.902733955024647,2.0434416781622584,0.1407077231376114,0.1407077231376114,10
AgentVC_proxy,Responder,Leca-VC,AgentVC,offline_reconstructed_runtime_expression_proxy,PYCARD,0.7907383273936661,0.9062770556269242,0.115538728233258,0.115538728233258,1
AgentVC_proxy,Responder,Leca-VC,AgentVC,offline_reconstructed_runtime_expression_proxy,PYHIN1,1.152729339325647,1.311394978220061,0.1586656388944136,0.1586656388944136,4
AgentVC_proxy,Responder,Leca-VC,AgentVC,offline_reconstructed_runtime_expression_proxy,RAB10,1.0815735281629475,1.048399063787311,-0.0331744643756364,0.0331744643756364,3
AgentVC_proxy,Responder,Leca-VC,AgentVC,offline_reconstructed_runtime_expression_proxy,RAB11FIP1,0.8680582848197853,0.9249514239955436,0.0568931391757582,0.0568931391757582,1
AgentVC_proxy,Responder,Leca-VC,AgentVC,offline_reconstructed_runtime_expression_proxy,RAB1A,1.1149210564372227,1.038146572113669,-0.0767744843235538,0.0767744843235538,3
AgentVC_proxy,Responder,Leca-VC,AgentVC,offline_reconstructed_runtime_expression_proxy,RAB5C,1.1115614412857109,1.2430029950169377,0.131441553731227,0.131441553731227,3
AgentVC_proxy,Responder,Leca-VC,AgentVC,offline_reconstructed_runtime_expression_proxy,RAB7A,1.394296506345142,1.5162398712190936,0.1219433648739516,0.1219433648739516,6
AgentVC_proxy,Responder,Leca-VC,AgentVC,offline_reconstructed_runtime_expression_proxy,RAB8A,1.0855011384806026,1.12494321375011,0.0394420752695072,0.0394420752695072,3
AgentVC_proxy,Responder,Leca-VC,AgentVC,offline_reconstructed_runtime_expression_proxy,RABAC1,1.3695440976391802,1.2696603492650187,-0.0998837483741614,0.0998837483741614,6
AgentVC_proxy,Responder,Leca-VC,AgentVC,offline_reconstructed_runtime_expression_proxy,RABGAP1L,1.4792440587046891,1.3290657889136075,-0.1501782697910816,0.1501782697910816,7
AgentVC_proxy,Responder,Leca-VC,AgentVC,offline_reconstructed_runtime_expression_proxy,RAC2,1.8559033274619887,2.082019070140156,0.226115742678167,0.226115742678167,10
AgentVC_proxy,Responder,Leca-VC,AgentVC,offline_reconstructed_runtime_expression_proxy,RAN,1.6595261045911314,1.6404351646891966,-0.0190909399019347,0.0190909399019347,9
AgentVC_proxy,Responder,Leca-VC,AgentVC,offline_reconstructed_runtime_expression_proxy,RANBP2,1.4451205684108666,1.222227871311271,-0.2228926970995954,0.2228926970995954,7
AgentVC_proxy,Responder,Leca-VC,AgentVC,offline_reconstructed_runtime_expression_proxy,RAP1B,1.4596233205860485,1.3446775730682778,-0.1149457475177704,0.1149457475177704,7
AgentVC_proxy,Responder,Leca-VC,AgentVC,offline_reconstructed_runtime_expression_proxy,RASGEF1B,1.5316558651611252,1.3710548792700257,-0.1606009858910995,0.1606009858910995,7
AgentVC_proxy,Responder,Leca-VC,AgentVC,offline_reconstructed_runtime_expression_proxy,RBBP4,1.3147633758799084,1.3012947402196566,-0.0134686356602518,0.0134686356602518,5
AgentVC_proxy,Responder,Leca-VC,AgentVC,offline_reconstructed_runtime_expression_proxy,RBBP7,0.9612269681343498,0.8800066231789324,-0.0812203449554174,0.0812203449554174,2
AgentVC_proxy,Responder,Leca-VC,AgentVC,offline_reconstructed_runtime_expression_proxy,RBM17,1.1407153190714088,1.1967523275140226,0.0560370084426138,0.0560370084426138,4
AgentVC_proxy,Responder,Leca-VC,AgentVC,offline_reconstructed_runtime_expression_proxy,RBM3,1.6064478962237725,1.5662805710666918,-0.0401673251570804,0.0401673251570804,8
AgentVC_proxy,Responder,Leca-VC,AgentVC,offline_reconstructed_runtime_expression_proxy,RBM6,1.7655388808544,1.7651031604273602,-0.0004357204270397,0.0004357204270397,9
AgentVC_proxy,Responder,Leca-VC,AgentVC,offline_reconstructed_runtime_expression_proxy,RBM8A,1.6445264002817872,1.361651425560079,-0.2828749747217083,0.2828749747217083,8
AgentVC_proxy,Responder,Leca-VC,AgentVC,offline_reconstructed_runtime_expression_proxy,RBMX,1.654618114593888,1.6430935062767766,-0.0115246083171112,0.0115246083171112,8
AgentVC_proxy,Responder,Leca-VC,AgentVC,offline_reconstructed_runtime_expression_proxy,RBPJ,1.4537988090662168,1.2184935480416053,-0.2353052610246115,0.2353052610246115,7
AgentVC_proxy,Responder,Leca-VC,AgentVC,offline_reconstructed_runtime_expression_proxy,RBX1,0.9452879510694292,1.1114267250794885,0.1661387740100589,0.1661387740100589,2
AgentVC_proxy,Responder,Leca-VC,AgentVC,offline_reconstructed_runtime_expression_proxy,REEP5,1.2406774187055982,1.3857495540273188,0.1450721353217205,0.1450721353217205,5
AgentVC_proxy,Responder,Leca-VC,AgentVC,offline_reconstructed_runtime_expression_proxy,REL,1.3919846808344287,1.0392915017364286,-0.3526931790980001,0.3526931790980001,6
AgentVC_proxy,Responder,Leca-VC,AgentVC,offline_reconstructed_runtime_expression_proxy,RGPD5,1.6280345996590824,1.6252616794423858,-0.0027729202166966,0.0027729202166966,8
AgentVC_proxy,Responder,Leca-VC,AgentVC,offline_reconstructed_runtime_expression_proxy,RGS1,2.216299426068491,1.986800688314351,-0.2294987377541399,0.2294987377541399,10
AgentVC_proxy,Responder,Leca-VC,AgentVC,offline_reconstructed_runtime_expression_proxy,RGS10,0.9038063167416877,0.9554261019167818,0.0516197851750941,0.0516197851750941,2
AgentVC_proxy,Responder,Leca-VC,AgentVC,offline_reconstructed_runtime_expression_proxy,RGS19,0.6879682009338819,0.974884364113088,0.286916163179206,0.286916163179206,1
AgentVC_proxy,Responder,Leca-VC,AgentVC,offline_reconstructed_runtime_expression_proxy,RGS2,1.7216496625625062,1.625525493371773,-0.0961241691907328,0.0961241691907328,9
AgentVC_proxy,Responder,Leca-VC,AgentVC,offline_reconstructed_runtime_expression_proxy,RHOA,1.850318655687039,1.9073636950229365,0.0570450393358974,0.0570450393358974,10
AgentVC_proxy,Responder,Leca-VC,AgentVC,offline_reconstructed_runtime_expression_proxy,RHOC,0.8179968833550204,0.9140204488672744,0.096023565512254,0.096023565512254,1
AgentVC_proxy,Responder,Leca-VC,AgentVC,offline_reconstructed_runtime_expression_proxy,RHOG,1.005677930867954,0.994282898347314,-0.0113950325206398,0.0113950325206398,2
AgentVC_proxy,Responder,Leca-VC,AgentVC,offline_reconstructed_runtime_expression_proxy,RHOH,1.7176032015073457,1.8019810589582492,0.0843778574509037,0.0843778574509037,9
AgentVC_proxy,Responder,Leca-VC,AgentVC,offline_reconstructed_runtime_expression_proxy,RNASEK,1.671780009206336,1.6946582000173105,0.0228781908109745,0.0228781908109745,9
AgentVC_proxy,Responder,Leca-VC,AgentVC,offline_reconstructed_runtime_expression_proxy,RNASET2,1.2406733507422798,1.1449010312508268,-0.095772319491453,0.095772319491453,5
AgentVC_proxy,Responder,Leca-VC,AgentVC,offline_reconstructed_runtime_expression_proxy,RNF149,1.605975296271002,1.511836721556831,-0.0941385747141709,0.0941385747141709,8
AgentVC_proxy,Responder,Leca-VC,AgentVC,offline_reconstructed_runtime_expression_proxy,RNF181,0.8143097464025211,0.8536900921886629,0.0393803457861418,0.0393803457861418,1
AgentVC_proxy,Responder,Leca-VC,AgentVC,offline_reconstructed_runtime_expression_proxy,RNF19A,1.760459047182179,1.6201660754632348,-0.1402929717189442,0.1402929717189442,9
AgentVC_proxy,Responder,Leca-VC,AgentVC,offline_reconstructed_runtime_expression_proxy,RNH1,0.98660898432932,0.9944868530583516,0.0078778687290315,0.0078778687290315,2
AgentVC_proxy,Responder,Leca-VC,AgentVC,offline_reconstructed_runtime_expression_proxy,RNU2-2P,0.758544069994832,0.5022546286601415,-0.2562894413346905,0.2562894413346905,1
AgentVC_proxy,Responder,Leca-VC,AgentVC,offline_reconstructed_runtime_expression_proxy,RP11-138A9.1,1.3817471184213932,1.031933047537103,-0.3498140708842903,0.3498140708842903,6
AgentVC_proxy,Responder,Leca-VC,AgentVC,offline_reconstructed_runtime_expression_proxy,RP11-138A9.2,1.653838781990638,1.5820564024164276,-0.0717823795742103,0.0717823795742103,8
AgentVC_proxy,Responder,Leca-VC,AgentVC,offline_reconstructed_runtime_expression_proxy,RP11-138I1.4,1.898515502117433,1.816643917511206,-0.081871584606227,0.081871584606227,10
AgentVC_proxy,Responder,Leca-VC,AgentVC,offline_reconstructed_runtime_expression_proxy,RP11-16E23.4,1.2614885330671843,1.5921904591782206,0.3307019261110362,0.3307019261110362,5
AgentVC_proxy,Responder,Leca-VC,AgentVC,offline_reconstructed_runtime_expression_proxy,RP11-345J4.6,1.6582473487420302,1.780715546643869,0.1224681979018391,0.1224681979018391,9
AgentVC_proxy,Responder,Leca-VC,AgentVC,offline_reconstructed_runtime_expression_proxy,RP11-386G11.10,1.565707031169201,1.2419518072688374,-0.3237552239003636,0.3237552239003636,8
AgentVC_proxy,Responder,Leca-VC,AgentVC,offline_reconstructed_runtime_expression_proxy,RP11-466H18.1,1.714479353799515,1.6274151735750009,-0.0870641802245146,0.0870641802245146,9
AgentVC_proxy,Responder,Leca-VC,AgentVC,offline_reconstructed_runtime_expression_proxy,RP11-543P15.1,1.245119083559158,1.3432668485237933,0.0981477649646354,0.0981477649646354,5
AgentVC_proxy,Responder,Leca-VC,AgentVC,offline_reconstructed_runtime_expression_proxy,RP4-583P15.14,1.058046699916906,1.0590004014687702,0.0009537015518641,0.0009537015518641,3
AgentVC_proxy,Responder,Leca-VC,AgentVC,offline_reconstructed_runtime_expression_proxy,RPL24,2.0407116810384127,1.990874354884008,-0.0498373261544045,0.0498373261544045,10
AgentVC_proxy,Responder,Leca-VC,AgentVC,offline_reconstructed_runtime_expression_proxy,RPL27,2.1810318568993785,2.1401690091732277,-0.0408628477261512,0.0408628477261512,10
AgentVC_proxy,Responder,Leca-VC,AgentVC,offline_reconstructed_runtime_expression_proxy,RPL35,2.092643439426036,2.0476823356640947,-0.0449611037619406,0.0449611037619406,10
AgentVC_proxy,Responder,Leca-VC,AgentVC,offline_reconstructed_runtime_expression_proxy,RPL36A,2.047713295944249,1.9807914001417304,-0.0669218958025179,0.0669218958025179,10
AgentVC_proxy,Responder,Leca-VC,AgentVC,offline_reconstructed_runtime_expression_proxy,RPL36AL,1.7329318504509028,1.667741859453079,-0.0651899909978237,0.0651899909978237,9
AgentVC_proxy,Responder,Leca-VC,AgentVC,offline_reconstructed_runtime_expression_proxy,RPL37,2.0098003336225023,1.836595127165588,-0.1732052064569147,0.1732052064569147,10
AgentVC_proxy,Responder,Leca-VC,AgentVC,offline_reconstructed_runtime_expression_proxy,RPL37A,2.2428781893683216,2.12533153730626,-0.117546652062062,0.117546652062062,10
AgentVC_proxy,Responder,Leca-VC,AgentVC,offline_reconstructed_runtime_expression_proxy,RPL38,2.1276114589448025,2.0711261155566363,-0.0564853433881662,0.0564853433881662,10
AgentVC_proxy,Responder,Leca-VC,AgentVC,offline_reconstructed_runtime_expression_proxy,RPN1,1.4703982734274297,1.363620234776308,-0.1067780386511216,0.1067780386511216,7
AgentVC_proxy,Responder,Leca-VC,AgentVC,offline_reconstructed_runtime_expression_proxy,RPN2,1.353669778933058,1.3870578128602844,0.0333880339272263,0.0333880339272263,6
AgentVC_proxy,Responder,Leca-VC,AgentVC,offline_reconstructed_runtime_expression_proxy,RPS10,2.225263303640693,2.0771357888628112,-0.1481275147778822,0.1481275147778822,10
AgentVC_proxy,Responder,Leca-VC,AgentVC,offline_reconstructed_runtime_expression_proxy,RPS2,2.2731346456171044,2.0496918746193646,-0.2234427709977398,0.2234427709977398,10
AgentVC_proxy,Responder,Leca-VC,AgentVC,offline_reconstructed_runtime_expression_proxy,RPS21,1.9527694692620523,1.7979520823431785,-0.1548173869188742,0.1548173869188742,10
AgentVC_proxy,Responder,Leca-VC,AgentVC,offline_reconstructed_runtime_expression_proxy,RPS4Y1,1.047286334539982,1.7604319393198882,0.7131456047799061,0.7131456047799061,3
AgentVC_proxy,Responder,Leca-VC,AgentVC,offline_reconstructed_runtime_expression_proxy,RPS5,2.2651656928324617,2.241511999545675,-0.0236536932867865,0.0236536932867865,10
AgentVC_proxy,Responder,Leca-VC,AgentVC,offline_reconstructed_runtime_expression_proxy,RSL1D1,1.3604509040588928,1.2709851497452087,-0.089465754313684,0.089465754313684,6
AgentVC_proxy,Responder,Leca-VC,AgentVC,offline_reconstructed_runtime_expression_proxy,S100A10,1.2825186955049608,1.47356965835339,0.1910509628484291,0.1910509628484291,5
AgentVC_proxy,Responder,Leca-VC,AgentVC,offline_reconstructed_runtime_expression_proxy,S100A11,1.2354147482595943,1.4446445898393927,0.2092298415797981,0.2092298415797981,4
AgentVC_proxy,Responder,Leca-VC,AgentVC,offline_reconstructed_runtime_expression_proxy,S100A4,1.512511551013184,1.691604069496086,0.1790925184829019,0.1790925184829019,7
AgentVC_proxy,Responder,Leca-VC,AgentVC,offline_reconstructed_runtime_expression_proxy,S100A6,1.4253908299517042,1.7141591854999678,0.2887683555482636,0.2887683555482636,7
AgentVC_proxy,Responder,Leca-VC,AgentVC,offline_reconstructed_runtime_expression_proxy,SAMD3,0.6809996313790915,1.0952321689600395,0.4142325375809482,0.4142325375809482,1
AgentVC_proxy,Responder,Leca-VC,AgentVC,offline_reconstructed_runtime_expression_proxy,SAMHD1,0.8048277082549571,1.0521995299977458,0.2473718217427887,0.2473718217427887,1
AgentVC_proxy,Responder,Leca-VC,AgentVC,offline_reconstructed_runtime_expression_proxy,SAMSN1,1.6317384386681506,1.3387338133805813,-0.2930046252875693,0.2930046252875693,8
AgentVC_proxy,Responder,Leca-VC,AgentVC,offline_reconstructed_runtime_expression_proxy,SAP18,1.4806845550010628,1.4377449233570794,-0.0429396316439834,0.0429396316439834,7
AgentVC_proxy,Responder,Leca-VC,AgentVC,offline_reconstructed_runtime_expression_proxy,SAP30BP,1.1082350180897644,1.0395172233143857,-0.0687177947753789,0.0687177947753789,3
AgentVC_proxy,Responder,Leca-VC,AgentVC,offline_reconstructed_runtime_expression_proxy,SAR1A,1.346811758496713,1.7150854616113993,0.3682737031146863,0.3682737031146863,6
AgentVC_proxy,Responder,Leca-VC,AgentVC,offline_reconstructed_runtime_expression_proxy,SASH3,1.205698814532821,1.5264805368487888,0.3207817223159681,0.3207817223159681,4
AgentVC_proxy,Responder,Leca-VC,AgentVC,offline_reconstructed_runtime_expression_proxy,SAT1,2.034329893571601,2.0377176388338625,0.0033877452622612,0.0033877452622612,10
AgentVC_proxy,Responder,Leca-VC,AgentVC,offline_reconstructed_runtime_expression_proxy,SDCBP,1.3287053589556688,1.2479629593958763,-0.0807423995597922,0.0807423995597922,6
AgentVC_proxy,Responder,Leca-VC,AgentVC,offline_reconstructed_runtime_expression_proxy,SDHB,0.9309893989290146,0.9455332175127008,0.0145438185836862,0.0145438185836862,2
AgentVC_proxy,Responder,Leca-VC,AgentVC,offline_reconstructed_runtime_expression_proxy,SDHC,0.8490663171740858,0.7406729639760208,-0.1083933531980649,0.1083933531980649,1
AgentVC_proxy,Responder,Leca-VC,AgentVC,offline_reconstructed_runtime_expression_proxy,SEC11C,1.0616106771066396,1.0084488486199736,-0.0531618284866659,0.0531618284866659,3
AgentVC_proxy,Responder,Leca-VC,AgentVC,offline_reconstructed_runtime_expression_proxy,SEC13,1.0303460356231935,0.904060676563159,-0.1262853590600346,0.1262853590600346,2
AgentVC_proxy,Responder,Leca-VC,AgentVC,offline_reconstructed_runtime_expression_proxy,SEC61A1,1.342732746723147,1.299173276567222,-0.0435594701559247,0.0435594701559247,6
AgentVC_proxy,Responder,Leca-VC,AgentVC,offline_reconstructed_runtime_expression_proxy,SEC61B,1.288805336520588,1.2663803202592403,-0.0224250162613475,0.0224250162613475,5
AgentVC_proxy,Responder,Leca-VC,AgentVC,offline_reconstructed_runtime_expression_proxy,SEC61G,0.94533294765402,0.9619533252920665,0.0166203776380464,0.0166203776380464,2
AgentVC_proxy,Responder,Leca-VC,AgentVC,offline_reconstructed_runtime_expression_proxy,SEC62,1.5236537556323086,1.5380818319848075,0.0144280763524988,0.0144280763524988,7
AgentVC_proxy,Responder,Leca-VC,AgentVC,offline_reconstructed_runtime_expression_proxy,SEL1L3,1.024227736249152,1.1939058424436482,0.1696781061944963,0.1696781061944963,2
AgentVC_proxy,Responder,Leca-VC,AgentVC,offline_reconstructed_runtime_expression_proxy,SELL,0.9075348218519848,1.3540589891724693,0.4465241673204845,0.4465241673204845,2
AgentVC_proxy,Responder,Leca-VC,AgentVC,offline_reconstructed_runtime_expression_proxy,SELPLG,1.2649221881268295,1.5625406729852864,0.2976184848584569,0.2976184848584569,5
AgentVC_proxy,Responder,Leca-VC,AgentVC,offline_reconstructed_runtime_expression_proxy,SERBP1,1.3697158056367804,1.2776648021622776,-0.0920510034745027,0.0920510034745027,6
AgentVC_proxy,Responder,Leca-VC,AgentVC,offline_reconstructed_runtime_expression_proxy,SERF2,2.010700336039698,2.053207847232928,0.0425075111932296,0.0425075111932296,10
AgentVC_proxy,Responder,Leca-VC,AgentVC,offline_reconstructed_runtime_expression_proxy,SERP1,1.5884763415611214,1.4105496793731518,-0.1779266621879696,0.1779266621879696,8
AgentVC_proxy,Responder,Leca-VC,AgentVC,offline_reconstructed_runtime_expression_proxy,SERPINB1,0.8411436679747502,1.036650684597778,0.1955070166230279,0.1955070166230279,1
AgentVC_proxy,Responder,Leca-VC,AgentVC,offline_reconstructed_runtime_expression_proxy,SERPINB9,1.682574668629125,1.553034918726116,-0.1295397499030091,0.1295397499030091,9
AgentVC_proxy,Responder,Leca-VC,AgentVC,offline_reconstructed_runtime_expression_proxy,SF1,1.5529105858677967,1.484606366737771,-0.0683042191300258,0.0683042191300258,8
AgentVC_proxy,Responder,Leca-VC,AgentVC,offline_reconstructed_runtime_expression_proxy,SF3B5,0.8950447828390014,0.8373747137464088,-0.0576700690925925,0.0576700690925925,1
AgentVC_proxy,Responder,Leca-VC,AgentVC,offline_reconstructed_runtime_expression_proxy,SFPQ,1.5432171321712715,1.183373231940218,-0.3598439002310536,0.3598439002310536,7
AgentVC_proxy,Responder,Leca-VC,AgentVC,offline_reconstructed_runtime_expression_proxy,SFT2D1,0.9548811496046844,1.045220209431222,0.0903390598265374,0.0903390598265374,2
AgentVC_proxy,Responder,Leca-VC,AgentVC,offline_reconstructed_runtime_expression_proxy,SFT2D2,0.9241579535111134,1.00574120707541,0.0815832535642967,0.0815832535642967,2
AgentVC_proxy,Responder,Leca-VC,AgentVC,offline_reconstructed_runtime_expression_proxy,SGSM3,0.9519410475005068,0.9088048144860504,-0.0431362330144562,0.0431362330144562,2
AgentVC_proxy,Responder,Leca-VC,AgentVC,offline_reconstructed_runtime_expression_proxy,SH2D2A,1.322111007513333,1.1901528114481514,-0.1319581960651819,0.1319581960651819,5
AgentVC_proxy,Responder,Leca-VC,AgentVC,offline_reconstructed_runtime_expression_proxy,SH3BGRL,1.246444888842524,1.2783828232268022,0.0319379343842782,0.0319379343842782,5
AgentVC_proxy,Responder,Leca-VC,AgentVC,offline_reconstructed_runtime_expression_proxy,SIVA1,0.9814993043995048,0.9493148841195896,-0.032184420279915,0.032184420279915,2
AgentVC_proxy,Responder,Leca-VC,AgentVC,offline_reconstructed_runtime_expression_proxy,SKAP1,1.2892201580236846,1.4537233268410212,0.1645031688173366,0.1645031688173366,5
AgentVC_proxy,Responder,Leca-VC,AgentVC,offline_reconstructed_runtime_expression_proxy,SKIL,1.4502367635882272,1.3337639609332512,-0.1164728026549759,0.1164728026549759,7
AgentVC_proxy,Responder,Leca-VC,AgentVC,offline_reconstructed_runtime_expression_proxy,SKP1,1.8997268122483608,1.9565570461593889,0.0568302339110278,0.0568302339110278,10
AgentVC_proxy,Responder,Leca-VC,AgentVC,offline_reconstructed_runtime_expression_proxy,SLA,1.647227162760457,1.5831111326532237,-0.0641160301072338,0.0641160301072338,8
AgentVC_proxy,Responder,Leca-VC,AgentVC,offline_reconstructed_runtime_expression_proxy,SLA2,0.929526493498207,0.9448200381303048,0.0152935446320976,0.0152935446320976,2
AgentVC_proxy,Responder,Leca-VC,AgentVC,offline_reconstructed_runtime_expression_proxy,SLAMF7,1.136243924783476,0.7495153514392787,-0.3867285733441974,0.3867285733441974,3
AgentVC_proxy,Responder,Leca-VC,AgentVC,offline_reconstructed_runtime_expression_proxy,SLC20A1,1.2980143707796958,1.2238486802181954,-0.0741656905615004,0.0741656905615004,5
AgentVC_proxy,Responder,Leca-VC,AgentVC,offline_reconstructed_runtime_expression_proxy,SLC25A3,1.795149709775302,1.669277952275955,-0.1258717574993468,0.1258717574993468,9
AgentVC_proxy,Responder,Leca-VC,AgentVC,offline_reconstructed_runtime_expression_proxy,SLC25A5,1.702580527638346,1.5497520237935405,-0.1528285038448056,0.1528285038448056,9
AgentVC_proxy,Responder,Leca-VC,AgentVC,offline_reconstructed_runtime_expression_proxy,SLC2A3,1.855647264098972,1.8457712155405916,-0.0098760485583806,0.0098760485583806,10
AgentVC_proxy,Responder,Leca-VC,AgentVC,offline_reconstructed_runtime_expression_proxy,SLC38A1,1.696380034002972,1.6330718034030862,-0.0633082305998857,0.0633082305998857,9
AgentVC_proxy,Responder,Leca-VC,AgentVC,offline_reconstructed_runtime_expression_proxy,SLC38A2,1.705124225773209,1.2055941112846396,-0.4995301144885695,0.4995301144885695,9
AgentVC_proxy,Responder,Leca-VC,AgentVC,offline_reconstructed_runtime_expression_proxy,SLC3A2,1.3577656136369185,1.2799893609238169,-0.0777762527131014,0.0777762527131014,6
AgentVC_proxy,Responder,Leca-VC,AgentVC,offline_reconstructed_runtime_expression_proxy,SLC44A2,1.1210033828311103,1.2982077649437305,0.1772043821126201,0.1772043821126201,3
AgentVC_proxy,Responder,Leca-VC,AgentVC,offline_reconstructed_runtime_expression_proxy,SNAP23,1.0893758318807143,1.0695079631060682,-0.019867868774646,0.019867868774646,3
AgentVC_proxy,Responder,Leca-VC,AgentVC,offline_reconstructed_runtime_expression_proxy,SND1,1.233930800360439,1.1349716135316423,-0.0989591868287966,0.0989591868287966,4
AgentVC_proxy,Responder,Leca-VC,AgentVC,offline_reconstructed_runtime_expression_proxy,SNHG1,1.5455012606853409,1.4619359742385551,-0.0835652864467857,0.0835652864467857,8
AgentVC_proxy,Responder,Leca-VC,AgentVC,offline_reconstructed_runtime_expression_proxy,SNHG12,1.4386320924433418,1.3049836378615842,-0.1336484545817575,0.1336484545817575,7
AgentVC_proxy,Responder,Leca-VC,AgentVC,offline_reconstructed_runtime_expression_proxy,SNHG15,0.9490905323339492,1.0339300249552397,0.0848394926212905,0.0848394926212905,2
AgentVC_proxy,Responder,Leca-VC,AgentVC,offline_reconstructed_runtime_expression_proxy,SNHG5,1.6167461640566578,1.6667975865837004,0.0500514225270425,0.0500514225270425,8
AgentVC_proxy,Responder,Leca-VC,AgentVC,offline_reconstructed_runtime_expression_proxy,SNHG8,1.3396176415299137,1.1661888620501084,-0.1734287794798052,0.1734287794798052,6
AgentVC_proxy,Responder,Leca-VC,AgentVC,offline_reconstructed_runtime_expression_proxy,SNORD3A,0.9019635471584296,0.4791044287491744,-0.4228591184092553,0.4228591184092553,1
AgentVC_proxy,Responder,Leca-VC,AgentVC,offline_reconstructed_runtime_expression_proxy,SNRPB,1.4713422167859913,1.398538156224074,-0.0728040605619173,0.0728040605619173,7
AgentVC_proxy,Responder,Leca-VC,AgentVC,offline_reconstructed_runtime_expression_proxy,SNRPD2,1.3761917321492971,1.4330600807783045,0.0568683486290073,0.0568683486290073,6
AgentVC_proxy,Responder,Leca-VC,AgentVC,offline_reconstructed_runtime_expression_proxy,SNRPG,1.083239084536633,0.9982684328254434,-0.0849706517111896,0.0849706517111896,3
AgentVC_proxy,Responder,Leca-VC,AgentVC,offline_reconstructed_runtime_expression_proxy,SNX17,1.0687903045431153,1.2068778602073589,0.1380875556642435,0.1380875556642435,3
AgentVC_proxy,Responder,Leca-VC,AgentVC,offline_reconstructed_runtime_expression_proxy,SNX2,0.8776702768049672,1.015505014040338,0.1378347372353708,0.1378347372353708,1
AgentVC_proxy,Responder,Leca-VC,AgentVC,offline_reconstructed_runtime_expression_proxy,SOD1,1.6921969589402388,1.706724948062182,0.0145279891219431,0.0145279891219431,9
AgentVC_proxy,Responder,Leca-VC,AgentVC,offline_reconstructed_runtime_expression_proxy,SOD2,0.9802687905683056,0.8774850697388213,-0.1027837208294842,0.1027837208294842,2
AgentVC_proxy,Responder,Leca-VC,AgentVC,offline_reconstructed_runtime_expression_proxy,SP100,1.7266849009123568,1.84688230362365,0.120197402711293,0.120197402711293,9
AgentVC_proxy,Responder,Leca-VC,AgentVC,offline_reconstructed_runtime_expression_proxy,SP110,1.254458410938647,1.5363968068252172,0.2819383958865702,0.2819383958865702,5
AgentVC_proxy,Responder,Leca-VC,AgentVC,offline_reconstructed_runtime_expression_proxy,SPCS1,1.3979562331758668,1.4230412257392109,0.0250849925633438,0.0250849925633438,6
AgentVC_proxy,Responder,Leca-VC,AgentVC,offline_reconstructed_runtime_expression_proxy,SPCS2,1.2967275602597366,1.2489568410408611,-0.0477707192188754,0.0477707192188754,5
AgentVC_proxy,Responder,Leca-VC,AgentVC,offline_reconstructed_runtime_expression_proxy,SPCS2P4,1.1117036403737235,1.091217387989154,-0.0204862523845694,0.0204862523845694,3
AgentVC_proxy,Responder,Leca-VC,AgentVC,offline_reconstructed_runtime_expression_proxy,SPCS3,1.1863966292113033,1.236498845608379,0.0501022163970756,0.0501022163970756,4
AgentVC_proxy,Responder,Leca-VC,AgentVC,offline_reconstructed_runtime_expression_proxy,SPN,0.8939571119490017,0.9344543345112752,0.0404972225622733,0.0404972225622733,1
AgentVC_proxy,Responder,Leca-VC,AgentVC,offline_reconstructed_runtime_expression_proxy,SPOCK2,1.350942663770558,1.34878895584588,-0.002153707924678,0.002153707924678,6
AgentVC_proxy,Responder,Leca-VC,AgentVC,offline_reconstructed_runtime_expression_proxy,SQSTM1,1.5438841798234595,1.366017044816713,-0.1778671350067466,0.1778671350067466,8
AgentVC_proxy,Responder,Leca-VC,AgentVC,offline_reconstructed_runtime_expression_proxy,SRGN,2.2321616510751365,2.0534533531863888,-0.1787082978887477,0.1787082978887477,10
AgentVC_proxy,Responder,Leca-VC,AgentVC,offline_reconstructed_runtime_expression_proxy,SRI,1.044624791654264,1.195861945943632,0.151237154289368,0.151237154289368,3
AgentVC_proxy,Responder,Leca-VC,AgentVC,offline_reconstructed_runtime_expression_proxy,SRP14,1.8576244885869184,1.8718022172051916,0.0141777286182727,0.0141777286182727,10
AgentVC_proxy,Responder,Leca-VC,AgentVC,offline_reconstructed_runtime_expression_proxy,SRP9,1.3024417510293052,1.4830670402736772,0.180625289244372,0.180625289244372,5
AgentVC_proxy,Responder,Leca-VC,AgentVC,offline_reconstructed_runtime_expression_proxy,SRSF1,1.360272260995515,1.2826180567298395,-0.0776542042656751,0.0776542042656751,6
AgentVC_proxy,Responder,Leca-VC,AgentVC,offline_reconstructed_runtime_expression_proxy,SRSF2,1.9924555692058077,1.6015330561466257,-0.3909225130591818,0.3909225130591818,10
AgentVC_proxy,Responder,Leca-VC,AgentVC,offline_reconstructed_runtime_expression_proxy,SRSF5,2.0273334420233007,2.090566408602673,0.0632329665793722,0.0632329665793722,10
AgentVC_proxy,Responder,Leca-VC,AgentVC,offline_reconstructed_runtime_expression_proxy,SRSF7,1.9349211216429585,1.7994132802993736,-0.1355078413435848,0.1355078413435848,10
AgentVC_proxy,Responder,Leca-VC,AgentVC,offline_reconstructed_runtime_expression_proxy,SSB,1.142218834519365,1.3029307450997882,0.1607119105804233,0.1607119105804233,4
AgentVC_proxy,Responder,Leca-VC,AgentVC,offline_reconstructed_runtime_expression_proxy,SSR1,1.2581193843586838,1.2738721885832744,0.0157528042245906,0.0157528042245906,5
AgentVC_proxy,Responder,Leca-VC,AgentVC,offline_reconstructed_runtime_expression_proxy,SSR2,1.6341917593181257,1.5800379276284324,-0.0541538316896932,0.0541538316896932,8
AgentVC_proxy,Responder,Leca-VC,AgentVC,offline_reconstructed_runtime_expression_proxy,SSR3,1.2503108329466903,1.2316317379873063,-0.018679094959384,0.018679094959384,5
AgentVC_proxy,Responder,Leca-VC,AgentVC,offline_reconstructed_runtime_expression_proxy,SSR4,1.5988360475819932,1.57640084273259,-0.0224352048494032,0.0224352048494032,8
AgentVC_proxy,Responder,Leca-VC,AgentVC,offline_reconstructed_runtime_expression_proxy,ST13,1.3305270790390165,1.2411038322573489,-0.0894232467816678,0.0894232467816678,6
AgentVC_proxy,Responder,Leca-VC,AgentVC,offline_reconstructed_runtime_expression_proxy,ST6GAL1,1.262478874324116,1.2550896812671548,-0.0073891930569611,0.0073891930569611,5
AgentVC_proxy,Responder,Leca-VC,AgentVC,offline_reconstructed_runtime_expression_proxy,STAT1,1.2307524739963662,1.43528062248002,0.2045281484836536,0.2045281484836536,4
AgentVC_proxy,Responder,Leca-VC,AgentVC,offline_reconstructed_runtime_expression_proxy,STAT2,0.9768197668232418,1.1129481315677767,0.1361283647445349,0.1361283647445349,2
AgentVC_proxy,Responder,Leca-VC,AgentVC,offline_reconstructed_runtime_expression_proxy,STAT4,1.553090704534508,1.4176874553600058,-0.135403249174502,0.135403249174502,8
AgentVC_proxy,Responder,Leca-VC,AgentVC,offline_reconstructed_runtime_expression_proxy,STAT6,1.1341733740399813,1.2772745300099844,0.143101155970003,0.143101155970003,3
AgentVC_proxy,Responder,Leca-VC,AgentVC,offline_reconstructed_runtime_expression_proxy,STIP1,1.1258509659888207,1.0912807933502664,-0.0345701726385543,0.0345701726385543,3
AgentVC_proxy,Responder,Leca-VC,AgentVC,offline_reconstructed_runtime_expression_proxy,STOM,1.137953658986873,1.0326453811758551,-0.1053082778110179,0.1053082778110179,4
AgentVC_proxy,Responder,Leca-VC,AgentVC,offline_reconstructed_runtime_expression_proxy,STRAP,1.3244871955857236,1.201223627031694,-0.1232635685540295,0.1232635685540295,6
AgentVC_proxy,Responder,Leca-VC,AgentVC,offline_reconstructed_runtime_expression_proxy,STT3A,1.1059109677248815,1.0434698116082577,-0.062441156116624,0.062441156116624,3
AgentVC_proxy,Responder,Leca-VC,AgentVC,offline_reconstructed_runtime_expression_proxy,SUB1,1.6888387588366405,1.6414242394965697,-0.0474145193400705,0.0474145193400705,9
AgentVC_proxy,Responder,Leca-VC,AgentVC,offline_reconstructed_runtime_expression_proxy,SUMO2,1.6967875766673075,1.7253765462371191,0.0285889695698116,0.0285889695698116,9
AgentVC_proxy,Responder,Leca-VC,AgentVC,offline_reconstructed_runtime_expression_proxy,SUPT5H,1.276021000595658,1.199003650963883,-0.0770173496317749,0.0770173496317749,5
AgentVC_proxy,Responder,Leca-VC,AgentVC,offline_reconstructed_runtime_expression_proxy,SURF4,1.2297700682480563,1.235991096315104,0.0062210280670476,0.0062210280670476,4
AgentVC_proxy,Responder,Leca-VC,AgentVC,offline_reconstructed_runtime_expression_proxy,SYNE2,1.448922162226244,1.6337655467420884,0.1848433845158443,0.1848433845158443,7
AgentVC_proxy,Responder,Leca-VC,AgentVC,offline_reconstructed_runtime_expression_proxy,SYNGR2,1.4091690592763797,1.6242627187578773,0.2150936594814978,0.2150936594814978,6
AgentVC_proxy,Responder,Leca-VC,AgentVC,offline_reconstructed_runtime_expression_proxy,SYTL3,1.323923095036469,0.9683201639028436,-0.3556029311336257,0.3556029311336257,6
AgentVC_proxy,Responder,Leca-VC,AgentVC,offline_reconstructed_runtime_expression_proxy,TAGAP,1.5457184269276405,1.6229274406939105,0.0772090137662697,0.0772090137662697,8
AgentVC_proxy,Responder,Leca-VC,AgentVC,offline_reconstructed_runtime_expression_proxy,TAGLN2,1.8297027387999216,1.7275419485608676,-0.1021607902390542,0.1021607902390542,10
AgentVC_proxy,Responder,Leca-VC,AgentVC,offline_reconstructed_runtime_expression_proxy,TALDO1,0.9502190005084528,0.9575427075641704,0.0073237070557176,0.0073237070557176,2
AgentVC_proxy,Responder,Leca-VC,AgentVC,offline_reconstructed_runtime_expression_proxy,TANK,1.3365618334712064,1.2555603833058395,-0.0810014501653668,0.0810014501653668,6
AgentVC_proxy,Responder,Leca-VC,AgentVC,offline_reconstructed_runtime_expression_proxy,TAOK3,1.0188125426725485,1.0885812491537552,0.0697687064812069,0.0697687064812069,2
AgentVC_proxy,Responder,Leca-VC,AgentVC,offline_reconstructed_runtime_expression_proxy,TAP1,1.585399320089317,1.5814311406921682,-0.0039681793971488,0.0039681793971488,8
AgentVC_proxy,Responder,Leca-VC,AgentVC,offline_reconstructed_runtime_expression_proxy,TBCB,1.1717825288936567,1.1986255945343889,0.0268430656407321,0.0268430656407321,4
AgentVC_proxy,Responder,Leca-VC,AgentVC,offline_reconstructed_runtime_expression_proxy,TBCD,1.020303703767406,1.0582123137095432,0.0379086099421372,0.0379086099421372,2
AgentVC_proxy,Responder,Leca-VC,AgentVC,offline_reconstructed_runtime_expression_proxy,TCF25,1.4299639319102593,1.3365677472445097,-0.0933961846657496,0.0933961846657496,7
AgentVC_proxy,Responder,Leca-VC,AgentVC,offline_reconstructed_runtime_expression_proxy,TCIRG1,1.3767517383562733,1.3798023267137989,0.0030505883575255,0.0030505883575255,6
AgentVC_proxy,Responder,Leca-VC,AgentVC,offline_reconstructed_runtime_expression_proxy,TCP1,1.3769253800680832,1.2244739970183456,-0.1524513830497376,0.1524513830497376,6
AgentVC_proxy,Responder,Leca-VC,AgentVC,offline_reconstructed_runtime_expression_proxy,TECR,1.364807625928821,1.315461121344793,-0.0493465045840282,0.0493465045840282,6
AgentVC_proxy,Responder,Leca-VC,AgentVC,offline_reconstructed_runtime_expression_proxy,TFRC,1.3570513000626323,1.219468061807382,-0.1375832382552502,0.1375832382552502,6
AgentVC_proxy,Responder,Leca-VC,AgentVC,offline_reconstructed_runtime_expression_proxy,TGIF1,1.1360402900198108,0.9111646908931332,-0.2248755991266775,0.2248755991266775,3
AgentVC_proxy,Responder,Leca-VC,AgentVC,offline_reconstructed_runtime_expression_proxy,TIGIT,1.1347567759518529,1.3623675975287426,0.2276108215768897,0.2276108215768897,3
AgentVC_proxy,Responder,Leca-VC,AgentVC,offline_reconstructed_runtime_expression_proxy,TKT,0.9160797864584151,0.7841481925469167,-0.1319315939114985,0.1319315939114985,2
AgentVC_proxy,Responder,Leca-VC,AgentVC,offline_reconstructed_runtime_expression_proxy,TM9SF2,1.1410202010707622,1.2001499119331054,0.0591297108623432,0.0591297108623432,4
AgentVC_proxy,Responder,Leca-VC,AgentVC,offline_reconstructed_runtime_expression_proxy,TMA7,1.7425195864918244,1.8161421794965424,0.073622593004718,0.073622593004718,9
AgentVC_proxy,Responder,Leca-VC,AgentVC,offline_reconstructed_runtime_expression_proxy,TMBIM6,1.8057959986582404,1.811925867400559,0.0061298687423185,0.0061298687423185,9
AgentVC_proxy,Responder,Leca-VC,AgentVC,offline_reconstructed_runtime_expression_proxy,TMC6,1.524534821297613,1.5416238121832873,0.0170889908856741,0.0170889908856741,7
AgentVC_proxy,Responder,Leca-VC,AgentVC,offline_reconstructed_runtime_expression_proxy,TMED10,1.3225927721154578,1.3992940085549983,0.0767012364395407,0.0767012364395407,5
AgentVC_proxy,Responder,Leca-VC,AgentVC,offline_reconstructed_runtime_expression_proxy,TMED2,1.2779533532475995,1.264161501762459,-0.0137918514851405,0.0137918514851405,5
AgentVC_proxy,Responder,Leca-VC,AgentVC,offline_reconstructed_runtime_expression_proxy,TMED9,0.9403106424508528,0.7996633078470867,-0.1406473346037662,0.1406473346037662,2
AgentVC_proxy,Responder,Leca-VC,AgentVC,offline_reconstructed_runtime_expression_proxy,TMEM109,1.047072429741761,1.1026685631248845,0.0555961333831231,0.0555961333831231,3
AgentVC_proxy,Responder,Leca-VC,AgentVC,offline_reconstructed_runtime_expression_proxy,TMEM123,1.1368421661261372,1.252155843406061,0.1153136772799237,0.1153136772799237,4
AgentVC_proxy,Responder,Leca-VC,AgentVC,offline_reconstructed_runtime_expression_proxy,TMEM179B,0.8312291553672594,0.96773664626933,0.1365074909020706,0.1365074909020706,1
AgentVC_proxy,Responder,Leca-VC,AgentVC,offline_reconstructed_runtime_expression_proxy,TMEM219,1.0505198468872536,1.146771555718879,0.0962517088316252,0.0962517088316252,3
AgentVC_proxy,Responder,Leca-VC,AgentVC,offline_reconstructed_runtime_expression_proxy,TMEM258,1.0590915870165016,1.115106118308719,0.0560145312922173,0.0560145312922173,3
AgentVC_proxy,Responder,Leca-VC,AgentVC,offline_reconstructed_runtime_expression_proxy,TMEM59,1.548649794441385,1.5617819179006276,0.0131321234592425,0.0131321234592425,8
AgentVC_proxy,Responder,Leca-VC,AgentVC,offline_reconstructed_runtime_expression_proxy,TNFAIP3,2.173837444394554,2.0358738962241665,-0.1379635481703873,0.1379635481703873,10
AgentVC_proxy,Responder,Leca-VC,AgentVC,offline_reconstructed_runtime_expression_proxy,TNFAIP8,1.002245803887544,1.2003395594934925,0.1980937556059483,0.1980937556059483,2
AgentVC_proxy,Responder,Leca-VC,AgentVC,offline_reconstructed_runtime_expression_proxy,TNFRSF1B,1.409363114523289,1.2725701405406495,-0.1367929739826394,0.1367929739826394,6
AgentVC_proxy,Responder,Leca-VC,AgentVC,offline_reconstructed_runtime_expression_proxy,TOB1,1.7821776793769442,1.8753367058068704,0.0931590264299262,0.0931590264299262,9
AgentVC_proxy,Responder,Leca-VC,AgentVC,offline_reconstructed_runtime_expression_proxy,TOMM7,1.628002315944674,1.595057002279556,-0.0329453136651178,0.0329453136651178,8
AgentVC_proxy,Responder,Leca-VC,AgentVC,offline_reconstructed_runtime_expression_proxy,TOX,0.9570262567258444,0.9154371924985408,-0.0415890642273033,0.0415890642273033,2
AgentVC_proxy,Responder,Leca-VC,AgentVC,offline_reconstructed_runtime_expression_proxy,TPI1,1.7374497235071569,1.7893419153650445,0.0518921918578878,0.0518921918578878,9
AgentVC_proxy,Responder,Leca-VC,AgentVC,offline_reconstructed_runtime_expression_proxy,TPM3,1.906231681815008,1.906673465793526,0.000441783978518,0.000441783978518,10
AgentVC_proxy,Responder,Leca-VC,AgentVC,offline_reconstructed_runtime_expression_proxy,TPM4,1.3236400583548165,1.4480694168897754,0.1244293585349589,0.1244293585349589,5
AgentVC_proxy,Responder,Leca-VC,AgentVC,offline_reconstructed_runtime_expression_proxy,TPP1,1.3767986390865627,1.5983819779739523,0.2215833388873898,0.2215833388873898,6
AgentVC_proxy,Responder,Leca-VC,AgentVC,offline_reconstructed_runtime_expression_proxy,TRA2B,1.4839066711089557,1.4858493885327988,0.0019427174238433,0.0019427174238433,7
AgentVC_proxy,Responder,Leca-VC,AgentVC,offline_reconstructed_runtime_expression_proxy,TRAC,1.9010084413230803,2.150888054181742,0.2498796128586615,0.2498796128586615,10
AgentVC_proxy,Responder,Leca-VC,AgentVC,offline_reconstructed_runtime_expression_proxy,TRAF3IP3,1.3164786115660396,1.6270613962506113,0.3105827846845717,0.3105827846845717,5
AgentVC_proxy,Responder,Leca-VC,AgentVC,offline_reconstructed_runtime_expression_proxy,TRAM1,1.30604700295709,1.460807027276748,0.1547600243196578,0.1547600243196578,5
AgentVC_proxy,Responder,Leca-VC,AgentVC,offline_reconstructed_runtime_expression_proxy,TRBC2,2.232452663418626,2.2986511124220166,0.0661984490033904,0.0661984490033904,10
AgentVC_proxy,Responder,Leca-VC,AgentVC,offline_reconstructed_runtime_expression_proxy,TRIM22,1.381383234701584,1.560478756635989,0.179095521934405,0.179095521934405,6
AgentVC_proxy,Responder,Leca-VC,AgentVC,offline_reconstructed_runtime_expression_proxy,TRMT112,1.439764247198723,1.4826193017547986,0.0428550545560753,0.0428550545560753,7
AgentVC_proxy,Responder,Leca-VC,AgentVC,offline_reconstructed_runtime_expression_proxy,TSC22D3,2.2640592788910405,2.063948983890706,-0.2001102950003344,0.2001102950003344,10
AgentVC_proxy,Responder,Leca-VC,AgentVC,offline_reconstructed_runtime_expression_proxy,TSPO,1.2525492176465802,1.386172474943222,0.1336232572966418,0.1336232572966418,5
AgentVC_proxy,Responder,Leca-VC,AgentVC,offline_reconstructed_runtime_expression_proxy,TSPYL2,1.6100491897098266,1.1010304242116813,-0.5090187654981453,0.5090187654981453,8
AgentVC_proxy,Responder,Leca-VC,AgentVC,offline_reconstructed_runtime_expression_proxy,TTC3,1.2685302851724614,1.1673396473787443,-0.101190637793717,0.101190637793717,5
AgentVC_proxy,Responder,Leca-VC,AgentVC,offline_reconstructed_runtime_expression_proxy,TUBA1A,1.5031255310072784,1.4931839031489904,-0.009941627858288,0.009941627858288,7
AgentVC_proxy,Responder,Leca-VC,AgentVC,offline_reconstructed_runtime_expression_proxy,TUBA1B,1.7373531056333449,1.428551784487736,-0.3088013211456089,0.3088013211456089,9
AgentVC_proxy,Responder,Leca-VC,AgentVC,offline_reconstructed_runtime_expression_proxy,TUBA4A,1.7170949649689575,1.3656464949312614,-0.3514484700376961,0.3514484700376961,9
AgentVC_proxy,Responder,Leca-VC,AgentVC,offline_reconstructed_runtime_expression_proxy,TUBB,1.2251374911223116,1.3472057003545297,0.122068209232218,0.122068209232218,4
AgentVC_proxy,Responder,Leca-VC,AgentVC,offline_reconstructed_runtime_expression_proxy,TUBB4B,1.5055232869887183,1.133003453659274,-0.3725198333294444,0.3725198333294444,7
AgentVC_proxy,Responder,Leca-VC,AgentVC,offline_reconstructed_runtime_expression_proxy,TWF2,0.8819616263026033,1.0555065109030828,0.1735448846004794,0.1735448846004794,1
AgentVC_proxy,Responder,Leca-VC,AgentVC,offline_reconstructed_runtime_expression_proxy,TXN,0.9223403437561194,0.9674123542705212,0.0450720105144017,0.0450720105144017,2
AgentVC_proxy,Responder,Leca-VC,AgentVC,offline_reconstructed_runtime_expression_proxy,TXNIP,1.796185125889916,1.7868112421009226,-0.0093738837889933,0.0093738837889933,9
AgentVC_proxy,Responder,Leca-VC,AgentVC,offline_reconstructed_runtime_expression_proxy,TYMP,0.7817564251135715,0.704586549457344,-0.0771698756562274,0.0771698756562274,1
AgentVC_proxy,Responder,Leca-VC,AgentVC,offline_reconstructed_runtime_expression_proxy,U2AF1,1.544058210231298,1.4816728734890618,-0.0623853367422362,0.0623853367422362,8
AgentVC_proxy,Responder,Leca-VC,AgentVC,offline_reconstructed_runtime_expression_proxy,UBB,2.1684508548717063,2.105091839820579,-0.0633590150511271,0.0633590150511271,10
AgentVC_proxy,Responder,Leca-VC,AgentVC,offline_reconstructed_runtime_expression_proxy,UBE2B,1.456204467484555,1.3605397967076946,-0.0956646707768602,0.0956646707768602,7
AgentVC_proxy,Responder,Leca-VC,AgentVC,offline_reconstructed_runtime_expression_proxy,UBE2D3,1.7967830549013404,1.819906698193327,0.0231236432919865,0.0231236432919865,9
AgentVC_proxy,Responder,Leca-VC,AgentVC,offline_reconstructed_runtime_expression_proxy,UBE2L6,1.2380251608465551,1.4188403498141715,0.1808151889676164,0.1808151889676164,5
AgentVC_proxy,Responder,Leca-VC,AgentVC,offline_reconstructed_runtime_expression_proxy,UBL5,1.383504204882358,1.3396939997306865,-0.0438102051516717,0.0438102051516717,6
AgentVC_proxy,Responder,Leca-VC,AgentVC,offline_reconstructed_runtime_expression_proxy,UBXN1,1.4569830098784933,1.4779937592576529,0.0210107493791595,0.0210107493791595,7
AgentVC_proxy,Responder,Leca-VC,AgentVC,offline_reconstructed_runtime_expression_proxy,UCP2,1.6052707950780547,1.7593542424042343,0.1540834473261796,0.1540834473261796,8
AgentVC_proxy,Responder,Leca-VC,AgentVC,offline_reconstructed_runtime_expression_proxy,UQCR11,1.1989272878955377,1.2938805528347448,0.094953264939207,0.094953264939207,4
AgentVC_proxy,Responder,Leca-VC,AgentVC,offline_reconstructed_runtime_expression_proxy,UQCRB,1.3688524824223849,1.416779182250064,0.0479266998276792,0.0479266998276792,6
AgentVC_proxy,Responder,Leca-VC,AgentVC,offline_reconstructed_runtime_expression_proxy,UQCRC1,1.1206614844364402,1.2371743786199751,0.1165128941835349,0.1165128941835349,3
AgentVC_proxy,Responder,Leca-VC,AgentVC,offline_reconstructed_runtime_expression_proxy,UQCRH,1.308780167163786,1.1687898886189274,-0.1399902785448585,0.1399902785448585,5
AgentVC_proxy,Responder,Leca-VC,AgentVC,offline_reconstructed_runtime_expression_proxy,UQCRQ,1.2753119638258943,1.279204143034941,0.0038921792090464,0.0038921792090464,5
AgentVC_proxy,Responder,Leca-VC,AgentVC,offline_reconstructed_runtime_expression_proxy,USP11,1.2963547496461616,1.2105204104417666,-0.0858343392043949,0.0858343392043949,5
AgentVC_proxy,Responder,Leca-VC,AgentVC,offline_reconstructed_runtime_expression_proxy,USP15,1.2449075045008713,1.3240224647550427,0.0791149602541714,0.0791149602541714,5
AgentVC_proxy,Responder,Leca-VC,AgentVC,offline_reconstructed_runtime_expression_proxy,USP36,1.448720832412166,1.2735709691921395,-0.1751498632200261,0.1751498632200261,7
AgentVC_proxy,Responder,Leca-VC,AgentVC,offline_reconstructed_runtime_expression_proxy,VAMP5,0.6673227054337105,0.7685757703131504,0.1012530648794398,0.1012530648794398,1
AgentVC_proxy,Responder,Leca-VC,AgentVC,offline_reconstructed_runtime_expression_proxy,VAMP8,1.1225800277917375,1.2408877153660105,0.1183076875742727,0.1183076875742727,3
AgentVC_proxy,Responder,Leca-VC,AgentVC,offline_reconstructed_runtime_expression_proxy,VAPA,1.282589040345251,1.4085233076421677,0.125934267296917,0.125934267296917,5
AgentVC_proxy,Responder,Leca-VC,AgentVC,offline_reconstructed_runtime_expression_proxy,VDAC2,1.1813447256661855,1.1824761244930857,0.0011313988268999,0.0011313988268999,4
AgentVC_proxy,Responder,Leca-VC,AgentVC,offline_reconstructed_runtime_expression_proxy,VIM,1.807517909909326,1.863604456103836,0.0560865461945099,0.0560865461945099,10
AgentVC_proxy,Responder,Leca-VC,AgentVC,offline_reconstructed_runtime_expression_proxy,VMP1,1.492287081346256,1.7273961136175149,0.2351090322712588,0.2351090322712588,7
AgentVC_proxy,Responder,Leca-VC,AgentVC,offline_reconstructed_runtime_expression_proxy,VPS29,1.1137614006427918,1.2002409477222102,0.0864795470794184,0.0864795470794184,3
AgentVC_proxy,Responder,Leca-VC,AgentVC,offline_reconstructed_runtime_expression_proxy,WDR1,1.316882689417871,1.3824015282703186,0.0655188388524479,0.0655188388524479,5
AgentVC_proxy,Responder,Leca-VC,AgentVC,offline_reconstructed_runtime_expression_proxy,WSB1,1.5101395591636346,1.472237297744983,-0.0379022614186517,0.0379022614186517,7
AgentVC_proxy,Responder,Leca-VC,AgentVC,offline_reconstructed_runtime_expression_proxy,XAF1,0.8439666426849446,1.1213497279578746,0.27738308527293,0.27738308527293,1
AgentVC_proxy,Responder,Leca-VC,AgentVC,offline_reconstructed_runtime_expression_proxy,XIST,0.77205377795371,0.0484621779008231,-0.7235916000528869,0.7235916000528869,1
AgentVC_proxy,Responder,Leca-VC,AgentVC,offline_reconstructed_runtime_expression_proxy,XRCC6,1.5534384747034164,1.661958669257958,0.1085201945545415,0.1085201945545415,8
AgentVC_proxy,Responder,Leca-VC,AgentVC,offline_reconstructed_runtime_expression_proxy,YPEL5,1.918162507813008,1.7306881960347942,-0.187474311778214,0.187474311778214,10
AgentVC_proxy,Responder,Leca-VC,AgentVC,offline_reconstructed_runtime_expression_proxy,YWHAB,1.7131996324106304,1.7643873492055089,0.0511877167948784,0.0511877167948784,9
AgentVC_proxy,Responder,Leca-VC,AgentVC,offline_reconstructed_runtime_expression_proxy,YWHAE,1.4850571379299706,1.4489938753210858,-0.0360632626088848,0.0360632626088848,7
AgentVC_proxy,Responder,Leca-VC,AgentVC,offline_reconstructed_runtime_expression_proxy,YWHAQ,1.2910701510133271,1.3366783505655098,0.0456081995521826,0.0456081995521826,5
AgentVC_proxy,Responder,Leca-VC,AgentVC,offline_reconstructed_runtime_expression_proxy,ZAP70,1.5034819939800124,1.4970151043881648,-0.0064668895918476,0.0064668895918476,7
AgentVC_proxy,Responder,Leca-VC,AgentVC,offline_reconstructed_runtime_expression_proxy,ZEB2,1.1665562950896606,0.9926905949198228,-0.1738657001698377,0.1738657001698377,4
AgentVC_proxy,Responder,Leca-VC,AgentVC,offline_reconstructed_runtime_expression_proxy,ZFAND5,1.4180386933231397,0.9559365253751888,-0.4621021679479508,0.4621021679479508,6
AgentVC_proxy,Responder,Leca-VC,AgentVC,offline_reconstructed_runtime_expression_proxy,ZFAS1,1.5164201824222778,1.377357622369553,-0.1390625600527248,0.1390625600527248,7
AgentVC_proxy,Responder,Leca-VC,AgentVC,offline_reconstructed_runtime_expression_proxy,ZFP36L1,1.951855280951169,2.1042006837527465,0.1523454028015778,0.1523454028015778,10
AgentVC_proxy,Responder,Leca-VC,AgentVC,offline_reconstructed_runtime_expression_proxy,ZFP36L2,1.898367914979016,1.6150138157133902,-0.2833540992656254,0.2833540992656254,10
AgentVC_proxy,Responder,Leca-VC,AgentVC,offline_reconstructed_runtime_expression_proxy,ZNF331,1.8281581879058355,1.586988617442037,-0.2411695704637988,0.2411695704637988,10
AgentVC_proxy,Responder,Leca-VC,AgentVC,offline_reconstructed_runtime_expression_proxy,ZNF706,1.2929761839633982,1.3848625809228527,0.0918863969594545,0.0918863969594545,5
AgentVC_proxy,Responder,Leca-VC,AgentVC,offline_reconstructed_runtime_expression_proxy,ZYX,0.9078187722200252,0.952443111003592,0.0446243387835669,0.0446243387835669,2
scGen,Non-responder,scGen,scGen,generated_expression_baseline,ACAA1,1.1016650389395786,0.4982300015885217,-0.6034350373510569,0.6034350373510569,1
scGen,Non-responder,scGen,scGen,generated_expression_baseline,ACADVL,1.3887688218002658,0.9360475061852086,-0.4527213156150572,0.4527213156150572,4
scGen,Non-responder,scGen,scGen,generated_expression_baseline,ACAP1,1.7364700094573626,1.0401760192059697,-0.6962939902513929,0.6962939902513929,8
scGen,Non-responder,scGen,scGen,generated_expression_baseline,ACTN4,1.4713959956249123,1.047673906364854,-0.4237220892600584,0.4237220892600584,5
scGen,Non-responder,scGen,scGen,generated_expression_baseline,ACTR3,1.829912535738756,1.5811325921903194,-0.2487799435484361,0.2487799435484361,9
scGen,Non-responder,scGen,scGen,generated_expression_baseline,ADAM19,1.2672733445583175,0.7950808032078319,-0.4721925413504858,0.4721925413504858,3
scGen,Non-responder,scGen,scGen,generated_expression_baseline,ADPGK,1.2925161812076948,0.907925740437267,-0.3845904407704278,0.3845904407704278,3
scGen,Non-responder,scGen,scGen,generated_expression_baseline,ADRM1,1.3217950928187738,1.0302724657389497,-0.2915226270798243,0.2915226270798243,3
scGen,Non-responder,scGen,scGen,generated_expression_baseline,AHNAK,1.73655951398942,1.359483449210238,-0.377076064779182,0.377076064779182,8
scGen,Non-responder,scGen,scGen,generated_expression_baseline,AHSA1,1.3324621108279897,0.9497601830896754,-0.3827019277383143,0.3827019277383143,3
scGen,Non-responder,scGen,scGen,generated_expression_baseline,AKAP13,1.842700503773664,1.2933415196422775,-0.5493589841313864,0.5493589841313864,9
scGen,Non-responder,scGen,scGen,generated_expression_baseline,AKAP9,1.453783249300532,0.979101370117445,-0.474681879183087,0.474681879183087,5
scGen,Non-responder,scGen,scGen,generated_expression_baseline,AKNA,1.6207989783902368,1.2746553427025955,-0.3461436356876413,0.3461436356876413,7
scGen,Non-responder,scGen,scGen,generated_expression_baseline,AKR1A1,1.0351582843507203,0.5813001904092491,-0.4538580939414715,0.4538580939414715,1
scGen,Non-responder,scGen,scGen,generated_expression_baseline,ALDOA,2.1919009431506207,1.9366046298661972,-0.2552963132844232,0.2552963132844232,10
scGen,Non-responder,scGen,scGen,generated_expression_baseline,ALOX5AP,1.629914559001148,1.0208993683144898,-0.6090151906866581,0.6090151906866581,7
scGen,Non-responder,scGen,scGen,generated_expression_baseline,ANAPC11,1.2542085893673742,0.945527519143988,-0.3086810702233862,0.3086810702233862,3
scGen,Non-responder,scGen,scGen,generated_expression_baseline,ANKRD36BP1,1.1618614779040712,0.7524602708589437,-0.4094012070451275,0.4094012070451275,2
scGen,Non-responder,scGen,scGen,generated_expression_baseline,ANXA1,1.705634932770936,1.211119245395065,-0.4945156873758711,0.4945156873758711,8
scGen,Non-responder,scGen,scGen,generated_expression_baseline,ANXA2,1.7109160029934125,1.555722009360302,-0.1551939936331103,0.1551939936331103,8
scGen,Non-responder,scGen,scGen,generated_expression_baseline,ANXA5,1.6183713577515224,1.3074639248448845,-0.3109074329066381,0.3109074329066381,7
scGen,Non-responder,scGen,scGen,generated_expression_baseline,ANXA6,1.766172199516792,1.440542267375042,-0.3256299321417502,0.3256299321417502,8
scGen,Non-responder,scGen,scGen,generated_expression_baseline,AOAH,1.3052695646961294,0.6100162374975876,-0.6952533271985418,0.6952533271985418,3
scGen,Non-responder,scGen,scGen,generated_expression_baseline,AP1G2,1.6166982232785372,1.1967153825280792,-0.419982840750458,0.419982840750458,7
scGen,Non-responder,scGen,scGen,generated_expression_baseline,AP2S1,1.2175142265556709,1.097155187913234,-0.1203590386424369,0.1203590386424369,2
scGen,Non-responder,scGen,scGen,generated_expression_baseline,APEX1,1.0581052798306785,0.8581033695841551,-0.2000019102465231,0.2000019102465231,1
scGen,Non-responder,scGen,scGen,generated_expression_baseline,APLP2,0.9985997107110632,0.618664288805879,-0.3799354219051842,0.3799354219051842,1
scGen,Non-responder,scGen,scGen,generated_expression_baseline,APMAP,1.357610551949113,0.9354219358598512,-0.4221886160892617,0.4221886160892617,4
scGen,Non-responder,scGen,scGen,generated_expression_baseline,APOBEC3G,1.8001732454363812,1.467877315296197,-0.3322959301401842,0.3322959301401842,8
scGen,Non-responder,scGen,scGen,generated_expression_baseline,APRT,1.6917390395289982,0.9037140156808086,-0.7880250238481896,0.7880250238481896,8
scGen,Non-responder,scGen,scGen,generated_expression_baseline,ARF1,1.9521339835321485,1.5679912076302998,-0.3841427759018485,0.3841427759018485,9
scGen,Non-responder,scGen,scGen,generated_expression_baseline,ARF4,1.1246274684918862,0.7725940626629866,-0.3520334058288996,0.3520334058288996,1
scGen,Non-responder,scGen,scGen,generated_expression_baseline,ARF5,1.5258577658441237,1.4264987173352397,-0.099359048508884,0.099359048508884,6
scGen,Non-responder,scGen,scGen,generated_expression_baseline,ARHGAP17,1.0338239675672165,0.4716446334861399,-0.5621793340810766,0.5621793340810766,1
scGen,Non-responder,scGen,scGen,generated_expression_baseline,ARHGAP4,1.5910922217161791,1.299267878771535,-0.2918243429446441,0.2918243429446441,6
scGen,Non-responder,scGen,scGen,generated_expression_baseline,ARHGAP9,1.7882603953183798,1.1079822687246237,-0.6802781265937563,0.6802781265937563,8
scGen,Non-responder,scGen,scGen,generated_expression_baseline,ARHGEF1,1.9052610373862544,1.496950262015144,-0.4083107753711106,0.4083107753711106,9
scGen,Non-responder,scGen,scGen,generated_expression_baseline,ARID4B,1.6271718629316505,1.2487636737308163,-0.3784081892008339,0.3784081892008339,7
scGen,Non-responder,scGen,scGen,generated_expression_baseline,ARID5A,1.3089100101733353,1.0476818374803802,-0.261228172692955,0.261228172692955,3
scGen,Non-responder,scGen,scGen,generated_expression_baseline,ARL4C,1.2563436905608898,0.5792475568731831,-0.6770961336877067,0.6770961336877067,3
scGen,Non-responder,scGen,scGen,generated_expression_baseline,ARL6IP1,1.701786966736445,1.5781111629973517,-0.1236758037390932,0.1236758037390932,8
scGen,Non-responder,scGen,scGen,generated_expression_baseline,ARL6IP4,1.5094202373258376,1.0569812895172854,-0.4524389478085522,0.4524389478085522,5
scGen,Non-responder,scGen,scGen,generated_expression_baseline,ARL6IP5,1.7791848836907027,1.2041330080796506,-0.5750518756110521,0.5750518756110521,8
scGen,Non-responder,scGen,scGen,generated_expression_baseline,ARL8B,1.14074066072878,0.7339752372978433,-0.4067654234309367,0.4067654234309367,2
scGen,Non-responder,scGen,scGen,generated_expression_baseline,ARPC1B,2.031187754290639,1.877924250119461,-0.1532635041711778,0.1532635041711778,10
scGen,Non-responder,scGen,scGen,generated_expression_baseline,ARPC3,2.0569011998749063,1.734480040854791,-0.3224211590201153,0.3224211590201153,10
scGen,Non-responder,scGen,scGen,generated_expression_baseline,ARPC4,1.9472142407038429,1.7646872839405716,-0.1825269567632712,0.1825269567632712,9
scGen,Non-responder,scGen,scGen,generated_expression_baseline,ARPC5,1.681109635125503,1.571871679844108,-0.1092379552813949,0.1092379552813949,7
scGen,Non-responder,scGen,scGen,generated_expression_baseline,ATF4,1.4416184621169892,1.0013383751697382,-0.4402800869472509,0.4402800869472509,5
scGen,Non-responder,scGen,scGen,generated_expression_baseline,ATG3,1.1242274682781526,0.6967573908376887,-0.4274700774404638,0.4274700774404638,1
scGen,Non-responder,scGen,scGen,generated_expression_baseline,ATP1B3,1.4751205290536242,1.3126723495938564,-0.1624481794597678,0.1624481794597678,5
scGen,Non-responder,scGen,scGen,generated_expression_baseline,ATP6AP1,1.1394456830885364,0.6192386443189103,-0.5202070387696262,0.5202070387696262,2
scGen,Non-responder,scGen,scGen,generated_expression_baseline,ATP6AP2,1.302069999035658,0.77613131785915,-0.5259386811765081,0.5259386811765081,3
scGen,Non-responder,scGen,scGen,generated_expression_baseline,ATP6V0B,1.364695554501295,0.9254182522321855,-0.4392773022691095,0.4392773022691095,4
scGen,Non-responder,scGen,scGen,generated_expression_baseline,ATP6V0D1,1.2125928500679477,1.041733129865025,-0.1708597202029225,0.1708597202029225,2
scGen,Non-responder,scGen,scGen,generated_expression_baseline,ATP6V0E1,1.677873403529884,1.0770510839252725,-0.6008223196046119,0.6008223196046119,7
scGen,Non-responder,scGen,scGen,generated_expression_baseline,ATP6V1B2,1.0295290325975464,0.6616364117649128,-0.3678926208326335,0.3678926208326335,1
scGen,Non-responder,scGen,scGen,generated_expression_baseline,ATP6V1F,1.301510719604511,0.917334947189912,-0.384175772414599,0.384175772414599,3
scGen,Non-responder,scGen,scGen,generated_expression_baseline,ATP6V1G1,1.550470203460892,1.2237398230248129,-0.3267303804360792,0.3267303804360792,6
scGen,Non-responder,scGen,scGen,generated_expression_baseline,ATRAID,1.1877556314337905,0.8437940856859689,-0.3439615457478215,0.3439615457478215,2
scGen,Non-responder,scGen,scGen,generated_expression_baseline,B4GALT1,1.684240230858732,1.475327312718682,-0.2089129181400499,0.2089129181400499,7
scGen,Non-responder,scGen,scGen,generated_expression_baseline,BCAP31,1.487600634826278,1.213299688229142,-0.274300946597136,0.274300946597136,5
scGen,Non-responder,scGen,scGen,generated_expression_baseline,BCL2L11,1.219334106688014,0.836661525259728,-0.3826725814282858,0.3826725814282858,2
scGen,Non-responder,scGen,scGen,generated_expression_baseline,BHLHE40,1.355077070961474,0.9687281035525848,-0.3863489674088892,0.3863489674088892,4
scGen,Non-responder,scGen,scGen,generated_expression_baseline,BIN2,1.4510177724108675,0.8038643215802054,-0.6471534508306623,0.6471534508306623,5
scGen,Non-responder,scGen,scGen,generated_expression_baseline,BIRC3,1.7147659507111312,1.134245762214111,-0.5805201884970201,0.5805201884970201,8
scGen,Non-responder,scGen,scGen,generated_expression_baseline,BRD2,1.7258079664303492,1.5219620239886538,-0.2038459424416954,0.2038459424416954,8
scGen,Non-responder,scGen,scGen,generated_expression_baseline,BRK1,1.630139140533604,1.558914548278891,-0.071224592254713,0.071224592254713,7
scGen,Non-responder,scGen,scGen,generated_expression_baseline,BST2,1.440676094275234,0.9833037213903972,-0.4573723728848368,0.4573723728848368,5
scGen,Non-responder,scGen,scGen,generated_expression_baseline,BTG1,1.6925270639014505,1.2491609680797506,-0.4433660958216998,0.4433660958216998,8
scGen,Non-responder,scGen,scGen,generated_expression_baseline,BTG2,1.6293974866202816,1.1373113635081842,-0.4920861231120974,0.4920861231120974,7
scGen,Non-responder,scGen,scGen,generated_expression_baseline,BTN3A2,1.628280067499362,1.0913269507273986,-0.5369531167719634,0.5369531167719634,7
scGen,Non-responder,scGen,scGen,generated_expression_baseline,BUD31,1.369555324103316,0.7323979191082678,-0.6371574049950482,0.6371574049950482,4
scGen,Non-responder,scGen,scGen,generated_expression_baseline,BZW1,1.5172659872533525,1.219677623312805,-0.2975883639405472,0.2975883639405472,6
scGen,Non-responder,scGen,scGen,generated_expression_baseline,C11orf58,1.7249138584256034,1.2940679675142992,-0.4308458909113042,0.4308458909113042,8
scGen,Non-responder,scGen,scGen,generated_expression_baseline,C17orf49,1.475795636223734,1.1194546080102374,-0.3563410282134964,0.3563410282134964,5
scGen,Non-responder,scGen,scGen,generated_expression_baseline,C19orf53,1.367075171689632,1.141493121328064,-0.2255820503615682,0.2255820503615682,4
scGen,Non-responder,scGen,scGen,generated_expression_baseline,C1QBP,1.2011159935364903,0.5641088167750943,-0.6370071767613961,0.6370071767613961,2
scGen,Non-responder,scGen,scGen,generated_expression_baseline,C1orf43,1.2785820419996017,0.9787072973964834,-0.2998747446031182,0.2998747446031182,3
scGen,Non-responder,scGen,scGen,generated_expression_baseline,CACYBP,1.4100243456740515,1.2969314307612716,-0.1130929149127799,0.1130929149127799,4
scGen,Non-responder,scGen,scGen,generated_expression_baseline,CALM2,2.0648020990246443,1.8290242088219169,-0.2357778902027276,0.2357778902027276,10
scGen,Non-responder,scGen,scGen,generated_expression_baseline,CANX,1.4886602251530374,1.0123684611807502,-0.4762917639722872,0.4762917639722872,5
scGen,Non-responder,scGen,scGen,generated_expression_baseline,CAP1,1.8958851077376937,1.5847574451005313,-0.3111276626371624,0.3111276626371624,9
scGen,Non-responder,scGen,scGen,generated_expression_baseline,CAPG,0.9478319597202302,0.635546776385128,-0.3122851833351021,0.3122851833351021,1
scGen,Non-responder,scGen,scGen,generated_expression_baseline,CAPZA2,1.3358862510667262,1.465025108131656,0.1291388570649299,0.1291388570649299,3
scGen,Non-responder,scGen,scGen,generated_expression_baseline,CAPZB,1.8962620320468977,1.646365304632778,-0.2498967274141197,0.2498967274141197,9
scGen,Non-responder,scGen,scGen,generated_expression_baseline,CBLB,1.7108101201762629,1.5966706300327498,-0.1141394901435128,0.1141394901435128,8
scGen,Non-responder,scGen,scGen,generated_expression_baseline,CBX6,1.3361200268525693,1.2964578289781643,-0.0396621978744047,0.0396621978744047,3
scGen,Non-responder,scGen,scGen,generated_expression_baseline,CCL3,1.1823179446170553,0.8023821335268319,-0.3799358110902234,0.3799358110902234,2
scGen,Non-responder,scGen,scGen,generated_expression_baseline,CCL4,1.755040156530982,1.411488576854994,-0.343551579675988,0.343551579675988,8
scGen,Non-responder,scGen,scGen,generated_expression_baseline,CCL4L2,1.1547670069273108,0.9598701000837478,-0.1948969068435629,0.1948969068435629,2
scGen,Non-responder,scGen,scGen,generated_expression_baseline,CCL5,2.1423843841127512,1.755010136911218,-0.3873742472015331,0.3873742472015331,10
scGen,Non-responder,scGen,scGen,generated_expression_baseline,CCND3,1.5951077365158737,1.288168939357903,-0.3069387971579704,0.3069387971579704,7
scGen,Non-responder,scGen,scGen,generated_expression_baseline,CCNH,1.4460047101661992,0.6388202400036903,-0.8071844701625089,0.8071844701625089,5
scGen,Non-responder,scGen,scGen,generated_expression_baseline,CCNL1,1.6419058325727378,1.1162580788110243,-0.5256477537617135,0.5256477537617135,7
scGen,Non-responder,scGen,scGen,generated_expression_baseline,CCNL2,1.4043165177553745,0.8291636157774717,-0.5751529019779028,0.5751529019779028,4
scGen,Non-responder,scGen,scGen,generated_expression_baseline,CCR7,0.666452015198954,0.2611203215426443,-0.4053316936563097,0.4053316936563097,1
scGen,Non-responder,scGen,scGen,generated_expression_baseline,CCT3,1.3805626312410335,0.9831012932537732,-0.3974613379872604,0.3974613379872604,4
scGen,Non-responder,scGen,scGen,generated_expression_baseline,CCT4,1.3597349673952952,0.7661079698602524,-0.5936269975350428,0.5936269975350428,4
scGen,Non-responder,scGen,scGen,generated_expression_baseline,CCT6A,1.3458660416320614,1.017719099584914,-0.3281469420471474,0.3281469420471474,4
scGen,Non-responder,scGen,scGen,generated_expression_baseline,CCT8,1.4153388598996155,1.0270343832105862,-0.3883044766890295,0.3883044766890295,4
scGen,Non-responder,scGen,scGen,generated_expression_baseline,CD164,1.6384338154422948,1.0600625279890885,-0.5783712874532065,0.5783712874532065,7
scGen,Non-responder,scGen,scGen,generated_expression_baseline,CD2,1.997464436885665,1.5680957103132274,-0.4293687265724379,0.4293687265724379,10
scGen,Non-responder,scGen,scGen,generated_expression_baseline,CD247,1.5462350437927852,1.0616883998761837,-0.4845466439166015,0.4845466439166015,6
scGen,Non-responder,scGen,scGen,generated_expression_baseline,CD27,1.5060720942401724,1.2428572420374673,-0.2632148522027051,0.2632148522027051,5
scGen,Non-responder,scGen,scGen,generated_expression_baseline,CD37,1.9448903434229063,1.5374243153781757,-0.4074660280447306,0.4074660280447306,9
scGen,Non-responder,scGen,scGen,generated_expression_baseline,CD38,1.3115023164984876,1.2880397482841228,-0.0234625682143647,0.0234625682143647,3
scGen,Non-responder,scGen,scGen,generated_expression_baseline,CD3D,2.0145771072202194,1.780493712970339,-0.2340833942498801,0.2340833942498801,10
scGen,Non-responder,scGen,scGen,generated_expression_baseline,CD3E,1.8123486996224765,1.7948803227320849,-0.0174683768903916,0.0174683768903916,9
scGen,Non-responder,scGen,scGen,generated_expression_baseline,CD3G,2.00909855661649,1.8560692042750369,-0.1530293523414532,0.1530293523414532,10
scGen,Non-responder,scGen,scGen,generated_expression_baseline,CD4,1.1888921100141594,0.7276844531566042,-0.4612076568575551,0.4612076568575551,2
scGen,Non-responder,scGen,scGen,generated_expression_baseline,CD47,1.7040542129678953,1.3120974588778438,-0.3919567540900515,0.3919567540900515,8
scGen,Non-responder,scGen,scGen,generated_expression_baseline,CD48,1.6472018018034684,1.023199949115413,-0.6240018526880555,0.6240018526880555,7
scGen,Non-responder,scGen,scGen,generated_expression_baseline,CD52,2.053707139947823,1.4727714300710362,-0.5809357098767867,0.5809357098767867,10
scGen,Non-responder,scGen,scGen,generated_expression_baseline,CD53,1.9644292321965893,1.5008089363202457,-0.463620295876344,0.463620295876344,10
scGen,Non-responder,scGen,scGen,generated_expression_baseline,CD55,1.3216714658642643,0.9350584982065988,-0.3866129676576654,0.3866129676576654,3
scGen,Non-responder,scGen,scGen,generated_expression_baseline,CD63,1.4273447076101873,0.8298931435083587,-0.5974515641018285,0.5974515641018285,4
scGen,Non-responder,scGen,scGen,generated_expression_baseline,CD69,1.8550006450727157,1.335397738051702,-0.5196029070210133,0.5196029070210133,9
scGen,Non-responder,scGen,scGen,generated_expression_baseline,CD82,1.3566428654105396,0.9921622256612492,-0.3644806397492904,0.3644806397492904,4
scGen,Non-responder,scGen,scGen,generated_expression_baseline,CD83,0.8353690072775737,0.3551308711535195,-0.4802381361240542,0.4802381361240542,1
scGen,Non-responder,scGen,scGen,generated_expression_baseline,CD8A,1.6634825563362845,1.2335612872165724,-0.429921269119712,0.429921269119712,7
scGen,Non-responder,scGen,scGen,generated_expression_baseline,CD96,1.700740566463524,1.2620362419061355,-0.4387043245573885,0.4387043245573885,8
scGen,Non-responder,scGen,scGen,generated_expression_baseline,CD99,1.8398592450278504,1.60368510055007,-0.2361741444777803,0.2361741444777803,9
scGen,Non-responder,scGen,scGen,generated_expression_baseline,CDC37,1.752387676716702,1.1370257796390064,-0.6153618970776955,0.6153618970776955,8
scGen,Non-responder,scGen,scGen,generated_expression_baseline,CDC42SE2,2.0287363122971565,1.674288226588062,-0.3544480857090943,0.3544480857090943,10
scGen,Non-responder,scGen,scGen,generated_expression_baseline,CDK2AP2,1.451348822936562,1.257453656020335,-0.1938951669162267,0.1938951669162267,5
scGen,Non-responder,scGen,scGen,generated_expression_baseline,CDKN1A,1.057546645749704,0.6337251735916821,-0.4238214721580219,0.4238214721580219,1
scGen,Non-responder,scGen,scGen,generated_expression_baseline,CFLAR,1.8168938568653248,1.3801456636616305,-0.4367481932036945,0.4367481932036945,9
scGen,Non-responder,scGen,scGen,generated_expression_baseline,CHCHD2,1.932069801378542,1.6597876206559203,-0.2722821807226216,0.2722821807226216,9
scGen,Non-responder,scGen,scGen,generated_expression_baseline,CHMP1B,1.0649349945911049,0.8721621980513174,-0.1927727965397874,0.1927727965397874,1
scGen,Non-responder,scGen,scGen,generated_expression_baseline,CHMP2A,1.27701890189647,0.977511242869712,-0.2995076590267579,0.2995076590267579,3
scGen,Non-responder,scGen,scGen,generated_expression_baseline,CHORDC1,1.1669691793738726,0.5645107704579391,-0.6024584089159335,0.6024584089159335,2
scGen,Non-responder,scGen,scGen,generated_expression_baseline,CIRBP,1.841281688035302,1.4442094248425157,-0.3970722631927863,0.3970722631927863,9
scGen,Non-responder,scGen,scGen,generated_expression_baseline,CKLF,1.3686946032872154,1.055951440691269,-0.3127431625959467,0.3127431625959467,4
scGen,Non-responder,scGen,scGen,generated_expression_baseline,CKS2,1.08746587336688,1.2788496808509042,0.1913838074840241,0.1913838074840241,1
scGen,Non-responder,scGen,scGen,generated_expression_baseline,CLDND1,1.3862890309839366,0.7788354629891399,-0.6074535679947968,0.6074535679947968,4
scGen,Non-responder,scGen,scGen,generated_expression_baseline,CLEC2D,1.85634539062619,1.4258190243846478,-0.4305263662415421,0.4305263662415421,9
scGen,Non-responder,scGen,scGen,generated_expression_baseline,CLIC1,2.102572083082861,1.6203353299305023,-0.4822367531523586,0.4822367531523586,10
scGen,Non-responder,scGen,scGen,generated_expression_baseline,CLK1,2.043576172421864,1.5917269771927556,-0.4518491952291081,0.4518491952291081,10
scGen,Non-responder,scGen,scGen,generated_expression_baseline,CLNS1A,1.278239828680334,0.9351553078183285,-0.3430845208620056,0.3430845208620056,3
scGen,Non-responder,scGen,scGen,generated_expression_baseline,CLTA,1.2603181496416838,0.9225386808294448,-0.3377794688122391,0.3377794688122391,3
scGen,Non-responder,scGen,scGen,generated_expression_baseline,CMTM6,1.293554151379218,0.8767897209420674,-0.4167644304371505,0.4167644304371505,3
scGen,Non-responder,scGen,scGen,generated_expression_baseline,CNBP,2.0607897302280964,1.7287221102219856,-0.3320676200061108,0.3320676200061108,10
scGen,Non-responder,scGen,scGen,generated_expression_baseline,CNDP2,1.1787797827145807,0.5740470352887078,-0.6047327474258729,0.6047327474258729,2
scGen,Non-responder,scGen,scGen,generated_expression_baseline,CNN2,1.862100174680196,1.318386562706387,-0.5437136119738084,0.5437136119738084,9
scGen,Non-responder,scGen,scGen,generated_expression_baseline,CNOT2,1.620626453369486,1.0524208100097592,-0.5682056433597267,0.5682056433597267,7
scGen,Non-responder,scGen,scGen,generated_expression_baseline,CNPY3,1.2934802259590257,1.199512407214718,-0.0939678187443076,0.0939678187443076,3
scGen,Non-responder,scGen,scGen,generated_expression_baseline,COMMD6,1.507015445465972,1.393917044806515,-0.1130984006594568,0.1130984006594568,5
scGen,Non-responder,scGen,scGen,generated_expression_baseline,COPE,1.7312144517967794,1.4761832180782768,-0.2550312337185025,0.2550312337185025,8
scGen,Non-responder,scGen,scGen,generated_expression_baseline,COPZ1,1.3437055507276312,0.8270961795584185,-0.5166093711692127,0.5166093711692127,4
scGen,Non-responder,scGen,scGen,generated_expression_baseline,CORO7,1.31489012101686,0.8794779851948572,-0.4354121358220028,0.4354121358220028,3
scGen,Non-responder,scGen,scGen,generated_expression_baseline,COTL1,2.0160072256480985,1.6503120689243065,-0.365695156723792,0.365695156723792,10
scGen,Non-responder,scGen,scGen,generated_expression_baseline,COX5A,1.5155037749102367,1.3036543638044515,-0.2118494111057851,0.2118494111057851,6
scGen,Non-responder,scGen,scGen,generated_expression_baseline,COX5B,1.564146113960141,1.0721485694256694,-0.4919975445344715,0.4919975445344715,6
scGen,Non-responder,scGen,scGen,generated_expression_baseline,COX6A1,1.6199614858479343,1.1010248838278007,-0.5189366020201336,0.5189366020201336,7
scGen,Non-responder,scGen,scGen,generated_expression_baseline,COX6B1,1.512738201218926,1.282317466320342,-0.230420734898584,0.230420734898584,6
scGen,Non-responder,scGen,scGen,generated_expression_baseline,COX6C,1.5428681936383966,1.467029813440693,-0.0758383801977036,0.0758383801977036,6
scGen,Non-responder,scGen,scGen,generated_expression_baseline,COX7A2,1.5972238243057455,1.3269111332940309,-0.2703126910117146,0.2703126910117146,7
scGen,Non-responder,scGen,scGen,generated_expression_baseline,COX7A2L,1.3488065187693203,1.0518079816800645,-0.2969985370892558,0.2969985370892558,4
scGen,Non-responder,scGen,scGen,generated_expression_baseline,COX7C,1.8022204295693256,1.2342323363961378,-0.567988093173188,0.567988093173188,8
scGen,Non-responder,scGen,scGen,generated_expression_baseline,COX8A,1.650076865766728,1.4269020214530617,-0.2231748443136663,0.2231748443136663,7
scGen,Non-responder,scGen,scGen,generated_expression_baseline,CREM,1.563685919151938,1.1402303215702336,-0.4234555975817042,0.4234555975817042,6
scGen,Non-responder,scGen,scGen,generated_expression_baseline,CRIP1,1.7998105464336385,1.5936185525516653,-0.2061919938819731,0.2061919938819731,8
scGen,Non-responder,scGen,scGen,generated_expression_baseline,CSNK1A1,1.6853028409174895,1.1416874243469144,-0.5436154165705753,0.5436154165705753,8
scGen,Non-responder,scGen,scGen,generated_expression_baseline,CSNK2B,1.5597480282157985,1.13913986176875,-0.4206081664470484,0.4206081664470484,6
scGen,Non-responder,scGen,scGen,generated_expression_baseline,CSRNP1,1.1314574089871292,0.8662554264167307,-0.2652019825703985,0.2652019825703985,1
scGen,Non-responder,scGen,scGen,generated_expression_baseline,CST7,1.954075691103336,1.3216737555796512,-0.6324019355236845,0.6324019355236845,9
scGen,Non-responder,scGen,scGen,generated_expression_baseline,CSTB,1.2488774499477393,0.5872079423685502,-0.6616695075791891,0.6616695075791891,3
scGen,Non-responder,scGen,scGen,generated_expression_baseline,CTC-425F1.4,1.8746919680171368,1.579846887448429,-0.2948450805687082,0.2948450805687082,9
scGen,Non-responder,scGen,scGen,generated_expression_baseline,CTSA,1.2111931137285028,0.5500828593515964,-0.6611102543769064,0.6611102543769064,2
scGen,Non-responder,scGen,scGen,generated_expression_baseline,CTSB,1.646555866306154,1.4411263549311428,-0.2054295113750113,0.2054295113750113,7
scGen,Non-responder,scGen,scGen,generated_expression_baseline,CTSC,1.5621875827115224,1.34712440680748,-0.2150631759040424,0.2150631759040424,6
scGen,Non-responder,scGen,scGen,generated_expression_baseline,CTSD,1.7399804004229904,1.2708754595527127,-0.4691049408702776,0.4691049408702776,8
scGen,Non-responder,scGen,scGen,generated_expression_baseline,CTSS,1.481400889265983,1.0031322325428835,-0.4782686567230994,0.4782686567230994,5
scGen,Non-responder,scGen,scGen,generated_expression_baseline,CTSW,1.5499455575721246,1.096225310680549,-0.4537202468915755,0.4537202468915755,6
scGen,Non-responder,scGen,scGen,generated_expression_baseline,CXCL13,0.981963848209469,0.6777603699127455,-0.3042034782967235,0.3042034782967235,1
scGen,Non-responder,scGen,scGen,generated_expression_baseline,CXCR3,1.3801612988981324,0.7594407583595378,-0.6207205405385946,0.6207205405385946,4
scGen,Non-responder,scGen,scGen,generated_expression_baseline,CYBA,1.318270684367877,0.727053335627538,-0.591217348740339,0.591217348740339,3
scGen,Non-responder,scGen,scGen,generated_expression_baseline,CYC1,1.1895542451716143,1.0338541678763324,-0.1557000772952819,0.1557000772952819,2
scGen,Non-responder,scGen,scGen,generated_expression_baseline,CYCS,1.5081391974122758,1.0456639587652157,-0.4624752386470601,0.4624752386470601,5
scGen,Non-responder,scGen,scGen,generated_expression_baseline,CYFIP2,1.516108930393088,0.950451481636757,-0.565657448756331,0.565657448756331,6
scGen,Non-responder,scGen,scGen,generated_expression_baseline,CYTH4,1.1642934524033048,0.6324943034254084,-0.5317991489778965,0.5317991489778965,2
scGen,Non-responder,scGen,scGen,generated_expression_baseline,CYTIP,1.8698081078577669,1.5016054275357174,-0.3682026803220495,0.3682026803220495,9
scGen,Non-responder,scGen,scGen,generated_expression_baseline,DAD1,1.4586080976598914,1.2638597620585188,-0.1947483356013726,0.1947483356013726,5
scGen,Non-responder,scGen,scGen,generated_expression_baseline,DAZAP2,2.0775360771016893,1.7726698753715944,-0.3048662017300949,0.3048662017300949,10
scGen,Non-responder,scGen,scGen,generated_expression_baseline,DBI,1.4143121864527393,1.1616740963851375,-0.2526380900676017,0.2526380900676017,4
scGen,Non-responder,scGen,scGen,generated_expression_baseline,DBNL,1.3953874502345396,0.9913822805971666,-0.404005169637373,0.404005169637373,4
scGen,Non-responder,scGen,scGen,generated_expression_baseline,DCXR,1.2878303218736251,1.0411366823669903,-0.2466936395066346,0.2466936395066346,3
scGen,Non-responder,scGen,scGen,generated_expression_baseline,DDIT3,0.9416234892218704,0.4133229459611359,-0.5283005432607346,0.5283005432607346,1
scGen,Non-responder,scGen,scGen,generated_expression_baseline,DDIT4,1.8780901366103668,1.1489115864650137,-0.7291785501453532,0.7291785501453532,9
scGen,Non-responder,scGen,scGen,generated_expression_baseline,DDOST,1.622080807475121,1.24508603926189,-0.3769947682132311,0.3769947682132311,7
scGen,Non-responder,scGen,scGen,generated_expression_baseline,DDX24,1.5433275130891628,1.2126885002998,-0.3306390127893628,0.3306390127893628,6
scGen,Non-responder,scGen,scGen,generated_expression_baseline,DDX3Y,0.8654989063827727,0.337695676601804,-0.5278032297809687,0.5278032297809687,1
scGen,Non-responder,scGen,scGen,generated_expression_baseline,DDX6,1.7223433986684438,1.5102189950609155,-0.2121244036075282,0.2121244036075282,8
scGen,Non-responder,scGen,scGen,generated_expression_baseline,DENND2D,1.5270736177676405,0.9775795206823872,-0.5494940970852532,0.5494940970852532,6
scGen,Non-responder,scGen,scGen,generated_expression_baseline,DHRS7,1.3246988319653472,0.6041699260692709,-0.7205289058960763,0.7205289058960763,3
scGen,Non-responder,scGen,scGen,generated_expression_baseline,DNAJA1,1.9058192481398013,1.7103540554259389,-0.1954651927138626,0.1954651927138626,9
scGen,Non-responder,scGen,scGen,generated_expression_baseline,DNAJB1,2.0637711442950364,1.8094037880341904,-0.2543673562608461,0.2543673562608461,10
scGen,Non-responder,scGen,scGen,generated_expression_baseline,DNAJB11,1.3690467782603268,0.839158842457118,-0.5298879358032088,0.5298879358032088,4
scGen,Non-responder,scGen,scGen,generated_expression_baseline,DNAJB6,1.5548222479572118,1.1242644729227156,-0.4305577750344962,0.4305577750344962,6
scGen,Non-responder,scGen,scGen,generated_expression_baseline,DNAJC4,0.9808468872081232,0.8357541291406586,-0.1450927580674644,0.1450927580674644,1
scGen,Non-responder,scGen,scGen,generated_expression_baseline,DNAJC7,1.2390304332209547,0.8606377885997447,-0.37839264462121,0.37839264462121,2
scGen,Non-responder,scGen,scGen,generated_expression_baseline,DOK2,1.453611658873144,0.906614761773631,-0.546996897099513,0.546996897099513,5
scGen,Non-responder,scGen,scGen,generated_expression_baseline,DPP7,1.4991280639092197,1.270265206693476,-0.2288628572157436,0.2288628572157436,5
scGen,Non-responder,scGen,scGen,generated_expression_baseline,DSTN,1.0283764914382425,0.5833924733591881,-0.4449840180790544,0.4449840180790544,1
scGen,Non-responder,scGen,scGen,generated_expression_baseline,DUSP1,2.1772901518455723,1.5109820207817366,-0.6663081310638357,0.6663081310638357,10
scGen,Non-responder,scGen,scGen,generated_expression_baseline,DUSP2,2.017237846397788,1.4859593882478574,-0.5312784581499301,0.5312784581499301,10
scGen,Non-responder,scGen,scGen,generated_expression_baseline,DUSP4,1.481217324303338,1.193117447757084,-0.2880998765462539,0.2880998765462539,5
scGen,Non-responder,scGen,scGen,generated_expression_baseline,DYNLL1,1.3635151145917908,1.071255837374473,-0.2922592772173178,0.2922592772173178,4
scGen,Non-responder,scGen,scGen,generated_expression_baseline,DYNLRB1,1.261933343932242,0.6941565062621775,-0.5677768376700645,0.5677768376700645,3
scGen,Non-responder,scGen,scGen,generated_expression_baseline,ECH1,1.5706334504613753,0.991180895409685,-0.5794525550516902,0.5794525550516902,6
scGen,Non-responder,scGen,scGen,generated_expression_baseline,EDEM1,1.165145820855401,1.0328303665367713,-0.1323154543186298,0.1323154543186298,2
scGen,Non-responder,scGen,scGen,generated_expression_baseline,EDF1,1.8472401959689129,1.4945918081882652,-0.3526483877806474,0.3526483877806474,9
scGen,Non-responder,scGen,scGen,generated_expression_baseline,EEF1B2,2.063970609153694,1.865417708514964,-0.1985529006387298,0.1985529006387298,10
scGen,Non-responder,scGen,scGen,generated_expression_baseline,EGR1,0.9971646102321962,0.6177260277884429,-0.3794385824437533,0.3794385824437533,1
scGen,Non-responder,scGen,scGen,generated_expression_baseline,EIF2A,1.181526135012323,0.7622166814401946,-0.4193094535721283,0.4193094535721283,2
scGen,Non-responder,scGen,scGen,generated_expression_baseline,EIF3C,1.5903059791268932,1.116673875535725,-0.4736321035911681,0.4736321035911681,6
scGen,Non-responder,scGen,scGen,generated_expression_baseline,EIF3D,1.531608955954758,0.9809774343933876,-0.5506315215613703,0.5506315215613703,6
scGen,Non-responder,scGen,scGen,generated_expression_baseline,EIF3E,1.7397054624441612,1.3249360861223096,-0.4147693763218516,0.4147693763218516,8
scGen,Non-responder,scGen,scGen,generated_expression_baseline,EIF3F,1.8072269167177424,1.5933919758683484,-0.2138349408493942,0.2138349408493942,9
scGen,Non-responder,scGen,scGen,generated_expression_baseline,EIF3G,1.7431693443549487,1.2891508859395395,-0.4540184584154092,0.4540184584154092,8
scGen,Non-responder,scGen,scGen,generated_expression_baseline,EIF3H,1.7443058972155572,1.2345589362643816,-0.5097469609511756,0.5097469609511756,8
scGen,Non-responder,scGen,scGen,generated_expression_baseline,EIF3K,1.819002148104692,1.383624924168944,-0.435377223935748,0.435377223935748,9
scGen,Non-responder,scGen,scGen,generated_expression_baseline,EIF3L,1.743044092552545,1.2495291974782992,-0.4935148950742458,0.4935148950742458,8
scGen,Non-responder,scGen,scGen,generated_expression_baseline,EIF3M,1.5284890973239624,1.1479088621186369,-0.3805802352053256,0.3805802352053256,6
scGen,Non-responder,scGen,scGen,generated_expression_baseline,EIF4A1,2.060025004329868,1.8027297971702685,-0.2572952071595991,0.2572952071595991,10
scGen,Non-responder,scGen,scGen,generated_expression_baseline,EIF4A2,2.0238893646203606,1.3990167396613475,-0.6248726249590131,0.6248726249590131,10
scGen,Non-responder,scGen,scGen,generated_expression_baseline,EIF4A3,1.335403788677184,1.008012088715409,-0.327391699961775,0.327391699961775,3
scGen,Non-responder,scGen,scGen,generated_expression_baseline,EIF4H,1.6277486178247598,1.348868581665524,-0.2788800361592358,0.2788800361592358,7
scGen,Non-responder,scGen,scGen,generated_expression_baseline,EIF5,1.6722909879471273,0.9412044282436424,-0.731086559703485,0.731086559703485,7
scGen,Non-responder,scGen,scGen,generated_expression_baseline,ELMO1,1.3930428060902829,0.8508997831364279,-0.542143022953855,0.542143022953855,4
scGen,Non-responder,scGen,scGen,generated_expression_baseline,EMB,1.652911582216781,1.0934632631044046,-0.5594483191123765,0.5594483191123765,7
scGen,Non-responder,scGen,scGen,generated_expression_baseline,EMC4,1.2715623530686,0.6078695094027888,-0.6636928436658112,0.6636928436658112,3
scGen,Non-responder,scGen,scGen,generated_expression_baseline,EMP3,1.691004263164145,1.22102804323739,-0.4699762199267554,0.4699762199267554,8
scGen,Non-responder,scGen,scGen,generated_expression_baseline,ENO1,2.0886770176108693,1.7967781904804594,-0.2918988271304099,0.2918988271304099,10
scGen,Non-responder,scGen,scGen,generated_expression_baseline,ENY2,1.0814118239316457,0.6727374749020149,-0.4086743490296308,0.4086743490296308,1
scGen,Non-responder,scGen,scGen,generated_expression_baseline,EPSTI1,1.2098591767723874,0.7349892651409734,-0.474869911631414,0.474869911631414,2
scGen,Non-responder,scGen,scGen,generated_expression_baseline,ERCC1,1.04458320066581,0.8449713695645849,-0.1996118311012251,0.1996118311012251,1
scGen,Non-responder,scGen,scGen,generated_expression_baseline,ERGIC3,1.3345046603891255,1.0006859220725373,-0.3338187383165882,0.3338187383165882,3
scGen,Non-responder,scGen,scGen,generated_expression_baseline,ERP29,1.4409965482270506,1.067862816387515,-0.3731337318395356,0.3731337318395356,5
scGen,Non-responder,scGen,scGen,generated_expression_baseline,ETF1,1.2611237872233592,0.800972455547388,-0.4601513316759711,0.4601513316759711,3
scGen,Non-responder,scGen,scGen,generated_expression_baseline,EVI2B,1.621382525928017,1.311102332268506,-0.310280193659511,0.310280193659511,7
scGen,Non-responder,scGen,scGen,generated_expression_baseline,EVL,1.7932996840101425,1.382925511857831,-0.4103741721523113,0.4103741721523113,8
scGen,Non-responder,scGen,scGen,generated_expression_baseline,EWSR1,1.731839683437365,1.5546642413682277,-0.1771754420691376,0.1771754420691376,8
scGen,Non-responder,scGen,scGen,generated_expression_baseline,EXOC4,1.2151545818785678,0.7234680042548035,-0.4916865776237643,0.4916865776237643,2
scGen,Non-responder,scGen,scGen,generated_expression_baseline,FAM177A1,1.1713230451764165,0.870726498171229,-0.3005965470051874,0.3005965470051874,2
scGen,Non-responder,scGen,scGen,generated_expression_baseline,FERMT3,1.4770571020949224,1.2311965999516818,-0.2458605021432405,0.2458605021432405,5
scGen,Non-responder,scGen,scGen,generated_expression_baseline,FKBP1A,1.7103482136340913,1.599484071387035,-0.1108641422470562,0.1108641422470562,8
scGen,Non-responder,scGen,scGen,generated_expression_baseline,FLII,1.4991561964133342,1.2263919600148696,-0.2727642363984646,0.2727642363984646,5
scGen,Non-responder,scGen,scGen,generated_expression_baseline,FLNA,1.800794137770035,1.5032908109536305,-0.2975033268164044,0.2975033268164044,8
scGen,Non-responder,scGen,scGen,generated_expression_baseline,FLOT1,1.014747447190247,0.4530898588119438,-0.561657588378303,0.561657588378303,1
scGen,Non-responder,scGen,scGen,generated_expression_baseline,FOS,2.069320156377489,1.4015202809461755,-0.6677998754313135,0.6677998754313135,10
scGen,Non-responder,scGen,scGen,generated_expression_baseline,FOSB,1.679846333624791,1.1965792760353418,-0.4832670575894493,0.4832670575894493,7
scGen,Non-responder,scGen,scGen,generated_expression_baseline,FOSL2,1.2311201076615683,0.7262072177429229,-0.5049128899186457,0.5049128899186457,2
scGen,Non-responder,scGen,scGen,generated_expression_baseline,FUS,1.8898582113411324,1.5735771364266824,-0.31628107491445,0.31628107491445,9
scGen,Non-responder,scGen,scGen,generated_expression_baseline,FXYD5,1.9118175967662052,1.3187451653772166,-0.5930724313889888,0.5930724313889888,9
scGen,Non-responder,scGen,scGen,generated_expression_baseline,FYN,1.858553601370063,1.5599114699166918,-0.2986421314533711,0.2986421314533711,9
scGen,Non-responder,scGen,scGen,generated_expression_baseline,FYTTD1,1.067684696370546,0.6022826004677185,-0.4654020959028274,0.4654020959028274,1
scGen,Non-responder,scGen,scGen,generated_expression_baseline,GABARAP,1.9510803854264245,1.7069183945020283,-0.2441619909243959,0.2441619909243959,9
scGen,Non-responder,scGen,scGen,generated_expression_baseline,GABARAPL2,1.3905394186342503,1.20833070182393,-0.1822087168103203,0.1822087168103203,4
scGen,Non-responder,scGen,scGen,generated_expression_baseline,GADD45B,1.2111901412957673,0.679968051496247,-0.5312220897995203,0.5312220897995203,2
scGen,Non-responder,scGen,scGen,generated_expression_baseline,GAS5,1.8855006397662264,1.2578921636301266,-0.6276084761360998,0.6276084761360998,9
scGen,Non-responder,scGen,scGen,generated_expression_baseline,GBP2,1.686571163683213,1.3507116590914328,-0.3358595045917802,0.3358595045917802,8
scGen,Non-responder,scGen,scGen,generated_expression_baseline,GDI2,1.5433584851813384,0.9252328421574836,-0.6181256430238548,0.6181256430238548,6
scGen,Non-responder,scGen,scGen,generated_expression_baseline,GHITM,1.4786631913669033,0.855295846945121,-0.6233673444217823,0.6233673444217823,5
scGen,Non-responder,scGen,scGen,generated_expression_baseline,GIMAP4,1.5718944812497169,1.0972446177739392,-0.4746498634757776,0.4746498634757776,6
scGen,Non-responder,scGen,scGen,generated_expression_baseline,GIMAP5,1.345448738307522,0.90276595902877,-0.4426827792787519,0.4426827792787519,4
scGen,Non-responder,scGen,scGen,generated_expression_baseline,GIMAP7,1.4896832183014994,1.21743140469051,-0.2722518136109892,0.2722518136109892,5
scGen,Non-responder,scGen,scGen,generated_expression_baseline,GLIPR1,1.278164134614248,0.536256206606449,-0.741907928007799,0.741907928007799,3
scGen,Non-responder,scGen,scGen,generated_expression_baseline,GMFG,1.6045539622515703,1.3623277544558483,-0.2422262077957218,0.2422262077957218,7
scGen,Non-responder,scGen,scGen,generated_expression_baseline,GNAS,1.9677959773449727,1.4983992187795367,-0.4693967585654364,0.4693967585654364,10
scGen,Non-responder,scGen,scGen,generated_expression_baseline,GNG2,1.6502519232334072,1.5290673040877332,-0.121184619145674,0.121184619145674,7
scGen,Non-responder,scGen,scGen,generated_expression_baseline,GNG5,1.555155859972189,1.3220390181716368,-0.2331168418005522,0.2331168418005522,6
scGen,Non-responder,scGen,scGen,generated_expression_baseline,GNLY,0.941058428015562,0.4962307662253186,-0.4448276617902434,0.4448276617902434,1
scGen,Non-responder,scGen,scGen,generated_expression_baseline,GPI,1.7736383911748996,1.3958381559389703,-0.3778002352359291,0.3778002352359291,8
scGen,Non-responder,scGen,scGen,generated_expression_baseline,GPR183,1.1233237228716648,0.5664042312994514,-0.5569194915722134,0.5569194915722134,1
scGen,Non-responder,scGen,scGen,generated_expression_baseline,GPR65,1.0069835419412123,0.3662262260449377,-0.6407573158962745,0.6407573158962745,1
scGen,Non-responder,scGen,scGen,generated_expression_baseline,GPX1,1.252552301453222,0.8655879993263539,-0.3869643021268681,0.3869643021268681,3
scGen,Non-responder,scGen,scGen,generated_expression_baseline,GPX4,1.5333080154767638,1.2152779801359548,-0.318030035340809,0.318030035340809,6
scGen,Non-responder,scGen,scGen,generated_expression_baseline,GRB2,1.6003504580586958,1.1930926477933348,-0.407257810265361,0.407257810265361,7
scGen,Non-responder,scGen,scGen,generated_expression_baseline,GRN,1.078302639111799,0.8429308936783716,-0.2353717454334273,0.2353717454334273,1
scGen,Non-responder,scGen,scGen,generated_expression_baseline,GRSF1,1.0806466645585944,0.727817585016549,-0.3528290795420453,0.3528290795420453,1
scGen,Non-responder,scGen,scGen,generated_expression_baseline,GSTK1,1.866875430247939,1.4088961068983057,-0.457979323349633,0.457979323349633,9
scGen,Non-responder,scGen,scGen,generated_expression_baseline,GSTO1,1.1948635501761418,0.8881349450784256,-0.3067286050977161,0.3067286050977161,2
scGen,Non-responder,scGen,scGen,generated_expression_baseline,GSTP1,1.5760898211912795,1.3577856227447171,-0.2183041984465623,0.2183041984465623,6
scGen,Non-responder,scGen,scGen,generated_expression_baseline,GTF3A,1.567552601831058,0.981788539034854,-0.585764062796204,0.585764062796204,6
scGen,Non-responder,scGen,scGen,generated_expression_baseline,GUK1,1.9014084308259904,1.23995507647605,-0.6614533543499401,0.6614533543499401,9
scGen,Non-responder,scGen,scGen,generated_expression_baseline,GZMA,1.81379691427784,1.4509743717628094,-0.3628225425150304,0.3628225425150304,9
scGen,Non-responder,scGen,scGen,generated_expression_baseline,GZMB,1.4901658463350955,0.9163320737204564,-0.5738337726146393,0.5738337726146393,5
scGen,Non-responder,scGen,scGen,generated_expression_baseline,GZMH,1.4638494653005345,0.7686924365377976,-0.6951570287627369,0.6951570287627369,5
scGen,Non-responder,scGen,scGen,generated_expression_baseline,GZMK,1.494481653236881,1.0927185220516862,-0.4017631311851948,0.4017631311851948,5
scGen,Non-responder,scGen,scGen,generated_expression_baseline,HAVCR2,1.2830593478158958,1.383271013251897,0.1002116654360012,0.1002116654360012,3
scGen,Non-responder,scGen,scGen,generated_expression_baseline,HCLS1,1.9475310515545508,1.3698459184826792,-0.5776851330718715,0.5776851330718715,9
scGen,Non-responder,scGen,scGen,generated_expression_baseline,HCST,1.7875108634647074,1.2106423692240431,-0.5768684942406643,0.5768684942406643,8
scGen,Non-responder,scGen,scGen,generated_expression_baseline,HDLBP,1.1824039254966685,0.7708645112009215,-0.411539414295747,0.411539414295747,2
scGen,Non-responder,scGen,scGen,generated_expression_baseline,HERPUD1,1.7541562803153927,1.1631163628224992,-0.5910399174928935,0.5910399174928935,8
scGen,Non-responder,scGen,scGen,generated_expression_baseline,HEXB,1.0706771174505731,0.6858288093554412,-0.3848483080951319,0.3848483080951319,1
scGen,Non-responder,scGen,scGen,generated_expression_baseline,HIF1A,1.536919370646142,1.202013660357646,-0.334905710288496,0.334905710288496,6
scGen,Non-responder,scGen,scGen,generated_expression_baseline,HIGD1A,1.076010720697798,0.7881330972980397,-0.2878776233997583,0.2878776233997583,1
scGen,Non-responder,scGen,scGen,generated_expression_baseline,HIGD2A,1.5355919718721316,1.2332872700381214,-0.3023047018340101,0.3023047018340101,6
scGen,Non-responder,scGen,scGen,generated_expression_baseline,HINT1,1.8075058330657088,1.707105146615742,-0.1004006864499669,0.1004006864499669,9
scGen,Non-responder,scGen,scGen,generated_expression_baseline,HLA-DMA,1.5309544619721434,1.315005147786975,-0.2159493141851682,0.2159493141851682,6
scGen,Non-responder,scGen,scGen,generated_expression_baseline,HLA-DMB,1.025415502612047,0.5796232541141035,-0.4457922484979435,0.4457922484979435,1
scGen,Non-responder,scGen,scGen,generated_expression_baseline,HLA-DPA1,2.0173012341745697,1.874182627446377,-0.1431186067281922,0.1431186067281922,10
scGen,Non-responder,scGen,scGen,generated_expression_baseline,HLA-DPB1,1.9704926722729152,1.2385893363685467,-0.7319033359043685,0.7319033359043685,10
scGen,Non-responder,scGen,scGen,generated_expression_baseline,HLA-DQA1,1.3355810108197437,1.042400528501997,-0.2931804823177466,0.2931804823177466,3
scGen,Non-responder,scGen,scGen,generated_expression_baseline,HLA-DQB1,1.49945018553349,1.3274105811361692,-0.1720396043973209,0.1720396043973209,5
scGen,Non-responder,scGen,scGen,generated_expression_baseline,HLA-DRA,1.8743925797894287,1.823932172839152,-0.0504604069502772,0.0504604069502772,9
scGen,Non-responder,scGen,scGen,generated_expression_baseline,HLA-DRB1,1.9220021143117625,1.7163785954887685,-0.205623518822994,0.205623518822994,9
scGen,Non-responder,scGen,scGen,generated_expression_baseline,HLA-DRB5,1.6983039290274644,1.3134208688929143,-0.3848830601345498,0.3848830601345498,8
scGen,Non-responder,scGen,scGen,generated_expression_baseline,HLA-DRB6,1.3855206555685082,1.116467286510857,-0.2690533690576513,0.2690533690576513,4
scGen,Non-responder,scGen,scGen,generated_expression_baseline,HM13,1.418334598433084,0.790953365298558,-0.627381233134526,0.627381233134526,4
scGen,Non-responder,scGen,scGen,generated_expression_baseline,HMGB2,1.5246963538616187,1.251147665545463,-0.2735486883161557,0.2735486883161557,6
scGen,Non-responder,scGen,scGen,generated_expression_baseline,HMGN1,1.8206862849657504,1.6060768093509827,-0.2146094756147678,0.2146094756147678,9
scGen,Non-responder,scGen,scGen,generated_expression_baseline,HMGN2,2.051802798359116,1.9188777631847689,-0.1329250351743467,0.1329250351743467,10
scGen,Non-responder,scGen,scGen,generated_expression_baseline,HMGN3,1.1862174197770965,1.1941308077760486,0.0079133879989521,0.0079133879989521,2
scGen,Non-responder,scGen,scGen,generated_expression_baseline,HNRNPDL,1.966898682169602,1.510018573972723,-0.4568801081968789,0.4568801081968789,10
scGen,Non-responder,scGen,scGen,generated_expression_baseline,HNRNPF,1.6720376268706951,1.420993037772644,-0.2510445890980515,0.2510445890980515,7
scGen,Non-responder,scGen,scGen,generated_expression_baseline,HNRNPM,1.623586484036139,1.483653814702235,-0.139932669333904,0.139932669333904,7
scGen,Non-responder,scGen,scGen,generated_expression_baseline,HSP90AA1,2.1560681733636264,1.7890213012841,-0.3670468720795263,0.3670468720795263,10
scGen,Non-responder,scGen,scGen,generated_expression_baseline,HSP90AB1,2.0504463321724136,1.8708473400637449,-0.1795989921086687,0.1795989921086687,10
scGen,Non-responder,scGen,scGen,generated_expression_baseline,HSP90B1,1.6992859402568603,0.944465968345385,-0.7548199719114753,0.7548199719114753,8
scGen,Non-responder,scGen,scGen,generated_expression_baseline,HSPA1A,1.396930740415672,0.9015189219684706,-0.4954118184472013,0.4954118184472013,4
scGen,Non-responder,scGen,scGen,generated_expression_baseline,HSPA1B,1.3584277691759037,0.8209752799601177,-0.537452489215786,0.537452489215786,4
scGen,Non-responder,scGen,scGen,generated_expression_baseline,HSPA5,1.686586332319573,1.2861081586455485,-0.4004781736740244,0.4004781736740244,8
scGen,Non-responder,scGen,scGen,generated_expression_baseline,HSPA9,1.6182981043213165,1.4244716688110708,-0.1938264355102457,0.1938264355102457,7
scGen,Non-responder,scGen,scGen,generated_expression_baseline,HSPB1,1.216065575329035,1.131038783881346,-0.0850267914476889,0.0850267914476889,2
scGen,Non-responder,scGen,scGen,generated_expression_baseline,HSPD1,1.538438130466661,1.4498038149484176,-0.0886343155182434,0.0886343155182434,6
scGen,Non-responder,scGen,scGen,generated_expression_baseline,HSPE1,1.5991564991125322,1.3099541902468912,-0.289202308865641,0.289202308865641,7
scGen,Non-responder,scGen,scGen,generated_expression_baseline,HSPH1,1.173771337679919,1.0543666910943028,-0.1194046465856162,0.1194046465856162,2
scGen,Non-responder,scGen,scGen,generated_expression_baseline,ID2,1.8668690325661983,1.2221979003763936,-0.6446711321898047,0.6446711321898047,9
scGen,Non-responder,scGen,scGen,generated_expression_baseline,IDH2,1.4354444252824738,1.3836489609786675,-0.0517954643038063,0.0517954643038063,5
scGen,Non-responder,scGen,scGen,generated_expression_baseline,IDI1,1.2843791251048964,0.8371252841352024,-0.447253840969694,0.447253840969694,3
scGen,Non-responder,scGen,scGen,generated_expression_baseline,IER2,1.8266192198870612,1.182968889787549,-0.6436503300995124,0.6436503300995124,9
scGen,Non-responder,scGen,scGen,generated_expression_baseline,IFI16,1.7930914396951936,1.5616582164288983,-0.2314332232662952,0.2314332232662952,8
scGen,Non-responder,scGen,scGen,generated_expression_baseline,IFI30,0.9747718614090982,0.5802840001563027,-0.3944878612527955,0.3944878612527955,1
scGen,Non-responder,scGen,scGen,generated_expression_baseline,IFI35,0.9893217528439858,0.8182204045905953,-0.1711013482533905,0.1711013482533905,1
scGen,Non-responder,scGen,scGen,generated_expression_baseline,IFI44L,0.7698873025274712,0.3289394880909357,-0.4409478144365354,0.4409478144365354,1
scGen,Non-responder,scGen,scGen,generated_expression_baseline,IFI6,1.5320338096889157,1.2461341334269616,-0.2858996762619541,0.2858996762619541,6
scGen,Non-responder,scGen,scGen,generated_expression_baseline,IFITM1,2.1060765400342585,1.539706977273699,-0.5663695627605594,0.5663695627605594,10
scGen,Non-responder,scGen,scGen,generated_expression_baseline,IFITM3,1.170551401013392,0.6591298842444325,-0.5114215167689594,0.5114215167689594,2
scGen,Non-responder,scGen,scGen,generated_expression_baseline,IFNG,1.3199421110429057,0.8825908196707958,-0.4373512913721099,0.4373512913721099,3
scGen,Non-responder,scGen,scGen,generated_expression_baseline,IFNGR1,0.969291159597372,0.6337367922668105,-0.3355543673305614,0.3355543673305614,1
scGen,Non-responder,scGen,scGen,generated_expression_baseline,IFRD1,1.4625851894942998,0.9771343115142628,-0.4854508779800369,0.4854508779800369,5
scGen,Non-responder,scGen,scGen,generated_expression_baseline,IGFLR1,1.3599288327387562,0.9276389582918888,-0.4322898744468674,0.4322898744468674,4
scGen,Non-responder,scGen,scGen,generated_expression_baseline,IK,1.4580062926854294,1.1307315185612448,-0.3272747741241846,0.3272747741241846,5
scGen,Non-responder,scGen,scGen,generated_expression_baseline,IL10RA,1.6401493100625653,0.9527904715276352,-0.68735883853493,0.68735883853493,7
scGen,Non-responder,scGen,scGen,generated_expression_baseline,IL16,1.3189951292006563,0.8847469589763369,-0.4342481702243194,0.4342481702243194,3
scGen,Non-responder,scGen,scGen,generated_expression_baseline,IL2RB,1.6778292686935925,1.188347736722683,-0.4894815319709096,0.4894815319709096,7
scGen,Non-responder,scGen,scGen,generated_expression_baseline,IL2RG,2.155963289320985,1.5628316844549754,-0.5931316048660094,0.5931316048660094,10
scGen,Non-responder,scGen,scGen,generated_expression_baseline,IL32,2.191311405886088,2.016206509214707,-0.1751048966713813,0.1751048966713813,10
scGen,Non-responder,scGen,scGen,generated_expression_baseline,IL7R,1.15787298029141,0.6273004643613638,-0.5305725159300463,0.5305725159300463,2
scGen,Non-responder,scGen,scGen,generated_expression_baseline,ILF2,1.377736425018692,1.3867832744931334,0.0090468494744415,0.0090468494744415,4
scGen,Non-responder,scGen,scGen,generated_expression_baseline,INPP5D,1.633086456602063,1.2689188839103018,-0.3641675726917612,0.3641675726917612,7
scGen,Non-responder,scGen,scGen,generated_expression_baseline,INSIG1,0.9926075203929112,0.5151524902728356,-0.4774550301200755,0.4774550301200755,1
scGen,Non-responder,scGen,scGen,generated_expression_baseline,IRF4,1.0502101392365508,0.642244911631821,-0.4079652276047298,0.4079652276047298,1
scGen,Non-responder,scGen,scGen,generated_expression_baseline,IRF7,1.1195327594805469,0.7087557449132693,-0.4107770145672775,0.4107770145672775,1
scGen,Non-responder,scGen,scGen,generated_expression_baseline,IRF8,0.9453285579783682,0.5531945696956654,-0.3921339882827028,0.3921339882827028,1
scGen,Non-responder,scGen,scGen,generated_expression_baseline,IRF9,1.613312539044874,1.1300498776856722,-0.4832626613592017,0.4832626613592017,7
scGen,Non-responder,scGen,scGen,generated_expression_baseline,ISG15,1.6309208108462443,1.106834725964936,-0.5240860848813085,0.5240860848813085,7
scGen,Non-responder,scGen,scGen,generated_expression_baseline,ISG20,1.7368878877904137,1.3260400591574308,-0.4108478286329826,0.4108478286329826,8
scGen,Non-responder,scGen,scGen,generated_expression_baseline,ITGAL,1.7518017127117176,1.4437292006321223,-0.3080725120795951,0.3080725120795951,8
scGen,Non-responder,scGen,scGen,generated_expression_baseline,ITGB1,1.4040752934892204,1.0733475240298849,-0.3307277694593356,0.3307277694593356,4
scGen,Non-responder,scGen,scGen,generated_expression_baseline,ITGB2,2.0375272550913306,1.7204379565191068,-0.3170892985722238,0.3170892985722238,10
scGen,Non-responder,scGen,scGen,generated_expression_baseline,ITK,1.5271082599927603,1.2095766449114882,-0.3175316150812721,0.3175316150812721,6
scGen,Non-responder,scGen,scGen,generated_expression_baseline,ITM2A,1.6182939798737537,1.4445079449872529,-0.173786034886501,0.173786034886501,7
scGen,Non-responder,scGen,scGen,generated_expression_baseline,ITM2B,2.016668515113499,1.6993723295650136,-0.3172961855484855,0.3172961855484855,10
scGen,Non-responder,scGen,scGen,generated_expression_baseline,IVNS1ABP,1.4557136759307807,1.0793909819907923,-0.3763226939399882,0.3763226939399882,5
scGen,Non-responder,scGen,scGen,generated_expression_baseline,JUN,1.4233967681735074,1.128495301410143,-0.2949014667633642,0.2949014667633642,4
scGen,Non-responder,scGen,scGen,generated_expression_baseline,KDELR2,1.1650956416104956,0.8493212434370322,-0.3157743981734634,0.3157743981734634,2
scGen,Non-responder,scGen,scGen,generated_expression_baseline,KLRD1,1.1759275777091538,0.641480639717042,-0.5344469379921118,0.5344469379921118,2
scGen,Non-responder,scGen,scGen,generated_expression_baseline,KLRK1,1.7636913739179836,1.600781056949278,-0.1629103169687056,0.1629103169687056,8
scGen,Non-responder,scGen,scGen,generated_expression_baseline,KRTCAP2,1.4973872920399458,1.0788507008191026,-0.4185365912208432,0.4185365912208432,5
scGen,Non-responder,scGen,scGen,generated_expression_baseline,LAMP2,1.0932932107259286,0.5936450370618995,-0.499648173664029,0.499648173664029,1
scGen,Non-responder,scGen,scGen,generated_expression_baseline,LAMTOR4,1.4058518426170648,0.9291027448213032,-0.4767490977957617,0.4767490977957617,4
scGen,Non-responder,scGen,scGen,generated_expression_baseline,LAMTOR5,1.245055223779439,0.7010996970390941,-0.5439555267403449,0.5439555267403449,2
scGen,Non-responder,scGen,scGen,generated_expression_baseline,LAP3,1.2652338686323246,1.0406928269762885,-0.224541041656036,0.224541041656036,3
scGen,Non-responder,scGen,scGen,generated_expression_baseline,LAPTM4A,1.159606154021275,0.8898268205641561,-0.2697793334571189,0.2697793334571189,2
scGen,Non-responder,scGen,scGen,generated_expression_baseline,LAT,1.5753525819763612,1.1769736992914102,-0.398378882684951,0.398378882684951,6
scGen,Non-responder,scGen,scGen,generated_expression_baseline,LBH,1.596867950382115,1.3504051469236524,-0.2464628034584626,0.2464628034584626,7
scGen,Non-responder,scGen,scGen,generated_expression_baseline,LCK,1.9063376341942408,1.5814285094262477,-0.3249091247679934,0.3249091247679934,9
scGen,Non-responder,scGen,scGen,generated_expression_baseline,LCP2,1.7371588996093583,1.36049000785595,-0.3766688917534087,0.3766688917534087,8
scGen,Non-responder,scGen,scGen,generated_expression_baseline,LDHA,2.0894353790149047,1.6813475562536324,-0.4080878227612723,0.4080878227612723,10
scGen,Non-responder,scGen,scGen,generated_expression_baseline,LDHB,1.9601875936280184,1.67695473624089,-0.2832328573871283,0.2832328573871283,9
scGen,Non-responder,scGen,scGen,generated_expression_baseline,LEPROTL1,1.6346134835294392,1.3055134490460654,-0.3291000344833739,0.3291000344833739,7
scGen,Non-responder,scGen,scGen,generated_expression_baseline,LGALS1,1.3570044536750576,0.9194546140671274,-0.4375498396079302,0.4375498396079302,4
scGen,Non-responder,scGen,scGen,generated_expression_baseline,LGALS3,1.158686425567251,0.7738423449189331,-0.3848440806483182,0.3848440806483182,2
scGen,Non-responder,scGen,scGen,generated_expression_baseline,LGALS9,1.0725555400481186,0.5185624911778922,-0.5539930488702264,0.5539930488702264,1
scGen,Non-responder,scGen,scGen,generated_expression_baseline,LIMD2,1.8427515694578336,1.6139682252891216,-0.2287833441687121,0.2287833441687121,9
scGen,Non-responder,scGen,scGen,generated_expression_baseline,LIME1,1.4078146942120822,0.9919712466270528,-0.4158434475850293,0.4158434475850293,4
scGen,Non-responder,scGen,scGen,generated_expression_baseline,LITAF,1.777563595152977,1.5566481908673502,-0.2209154042856267,0.2209154042856267,8
scGen,Non-responder,scGen,scGen,generated_expression_baseline,LMAN2,1.551279026357506,1.294394007393814,-0.256885018963692,0.256885018963692,6
scGen,Non-responder,scGen,scGen,generated_expression_baseline,LMNA,0.8938664738897961,0.5939861770616713,-0.2998802968281248,0.2998802968281248,1
scGen,Non-responder,scGen,scGen,generated_expression_baseline,LPXN,1.5583024976419009,1.0954697802476436,-0.4628327173942572,0.4628327173942572,6
scGen,Non-responder,scGen,scGen,generated_expression_baseline,LSM4,1.1348853011947468,0.9357793067685456,-0.1991059944262011,0.1991059944262011,1
scGen,Non-responder,scGen,scGen,generated_expression_baseline,LSP1,1.9908813090063,1.4298970020699793,-0.560984306936321,0.560984306936321,10
scGen,Non-responder,scGen,scGen,generated_expression_baseline,LTB,1.167894537532923,0.4910795406970236,-0.6768149968358994,0.6768149968358994,2
scGen,Non-responder,scGen,scGen,generated_expression_baseline,LUC7L3,1.5768602904532305,1.0844338529719617,-0.4924264374812688,0.4924264374812688,6
scGen,Non-responder,scGen,scGen,generated_expression_baseline,LY6E,1.7143155763266211,1.4075087793419498,-0.3068067969846713,0.3068067969846713,8
scGen,Non-responder,scGen,scGen,generated_expression_baseline,LY9,1.0710096970328502,0.4755092042478968,-0.5955004927849534,0.5955004927849534,1
scGen,Non-responder,scGen,scGen,generated_expression_baseline,LYST,1.596810945489273,1.7615303429747833,0.1647193974855103,0.1647193974855103,7
scGen,Non-responder,scGen,scGen,generated_expression_baseline,M6PR,1.500079683901821,1.012362057861706,-0.4877176260401148,0.4877176260401148,5
scGen,Non-responder,scGen,scGen,generated_expression_baseline,MAN2B1,1.1390479840943144,0.8915101059600085,-0.2475378781343059,0.2475378781343059,2
scGen,Non-responder,scGen,scGen,generated_expression_baseline,MAP1LC3B,1.531168921131802,1.1121717185210669,-0.4189972026107351,0.4189972026107351,6
scGen,Non-responder,scGen,scGen,generated_expression_baseline,MAP2K3,1.247485739342392,1.0818837565775243,-0.1656019827648676,0.1656019827648676,2
scGen,Non-responder,scGen,scGen,generated_expression_baseline,MAP4K1,1.609582142702078,1.4447273732782164,-0.1648547694238615,0.1648547694238615,7
scGen,Non-responder,scGen,scGen,generated_expression_baseline,MAPK1IP1L,1.7513285829289011,1.5095803854380854,-0.2417481974908157,0.2417481974908157,8
scGen,Non-responder,scGen,scGen,generated_expression_baseline,MAT2A,1.494636496544855,1.0399271825760883,-0.4547093139687668,0.4547093139687668,5
scGen,Non-responder,scGen,scGen,generated_expression_baseline,MCL1,1.6221509702711556,1.344852577035882,-0.2772983932352737,0.2772983932352737,7
scGen,Non-responder,scGen,scGen,generated_expression_baseline,MDH1,1.3903220364356714,1.1331766950877116,-0.2571453413479598,0.2571453413479598,4
scGen,Non-responder,scGen,scGen,generated_expression_baseline,MDH2,1.3821794442049078,1.0837557845101524,-0.2984236596947553,0.2984236596947553,4
scGen,Non-responder,scGen,scGen,generated_expression_baseline,MGAT1,1.2570537580463883,0.7981869604312951,-0.4588667976150932,0.4588667976150932,3
scGen,Non-responder,scGen,scGen,generated_expression_baseline,MIF,1.83424522698726,1.5336297767862253,-0.300615450201035,0.300615450201035,9
scGen,Non-responder,scGen,scGen,generated_expression_baseline,MIR24-2,1.4613277541964182,0.8740065817159791,-0.5873211724804391,0.5873211724804391,5
scGen,Non-responder,scGen,scGen,generated_expression_baseline,MLF2,1.3806009606920329,0.8694026835397395,-0.5111982771522934,0.5111982771522934,4
scGen,Non-responder,scGen,scGen,generated_expression_baseline,MOB1A,1.6188823479306655,1.148727124138622,-0.4701552237920436,0.4701552237920436,7
scGen,Non-responder,scGen,scGen,generated_expression_baseline,MORF4L2,1.2871460253548104,0.7820509693952133,-0.505095055959597,0.505095055959597,3
scGen,Non-responder,scGen,scGen,generated_expression_baseline,MRPL20,1.0734148135877577,0.9138492030056332,-0.1595656105821242,0.1595656105821242,1
scGen,Non-responder,scGen,scGen,generated_expression_baseline,MRPS24,1.0237452436642835,0.5260885359944772,-0.4976567076698063,0.4976567076698063,1
scGen,Non-responder,scGen,scGen,generated_expression_baseline,MSN,1.913387047101225,1.5196023460873924,-0.3937847010138329,0.3937847010138329,9
scGen,Non-responder,scGen,scGen,generated_expression_baseline,MT-ND3,2.248851759148613,1.8623901393017936,-0.3864616198468187,0.3864616198468187,10
scGen,Non-responder,scGen,scGen,generated_expression_baseline,MT2A,1.5203322908243404,1.39980362306543,-0.1205286677589103,0.1205286677589103,6
scGen,Non-responder,scGen,scGen,generated_expression_baseline,MTHFD2,1.315302198260455,1.025800528498811,-0.2895016697616439,0.2895016697616439,3
scGen,Non-responder,scGen,scGen,generated_expression_baseline,MVP,1.5109202853405412,0.9578895066143864,-0.5530307787261547,0.5530307787261547,6
scGen,Non-responder,scGen,scGen,generated_expression_baseline,MX1,1.0630894390244814,0.5005451146848019,-0.5625443243396795,0.5625443243396795,1
scGen,Non-responder,scGen,scGen,generated_expression_baseline,MX2,0.9393365251028174,0.4044204407888364,-0.5349160843139811,0.5349160843139811,1
scGen,Non-responder,scGen,scGen,generated_expression_baseline,MYADM,1.5219275308299771,0.9784348508673744,-0.5434926799626029,0.5434926799626029,6
scGen,Non-responder,scGen,scGen,generated_expression_baseline,MYD88,1.1765969446603723,0.5640369026267604,-0.6125600420336119,0.6125600420336119,2
scGen,Non-responder,scGen,scGen,generated_expression_baseline,MYL12A,2.2438138345126912,1.872454664494838,-0.3713591700178531,0.3713591700178531,10
scGen,Non-responder,scGen,scGen,generated_expression_baseline,MYL12B,2.0084660303951134,1.8002842060829722,-0.2081818243121411,0.2081818243121411,10
scGen,Non-responder,scGen,scGen,generated_expression_baseline,MYO1F,1.405114166186837,0.871052722102997,-0.5340614440838399,0.5340614440838399,4
scGen,Non-responder,scGen,scGen,generated_expression_baseline,NABP1,1.2746771733512243,0.4785874647649076,-0.796089708586317,0.796089708586317,3
scGen,Non-responder,scGen,scGen,generated_expression_baseline,NAMPT,1.409098340121561,1.1438772941061903,-0.2652210460153705,0.2652210460153705,4
scGen,Non-responder,scGen,scGen,generated_expression_baseline,NAP1L1,1.8746740556965384,1.6447423338086546,-0.2299317218878835,0.2299317218878835,9
scGen,Non-responder,scGen,scGen,generated_expression_baseline,NAPA,1.4755589229191353,1.2794741821682358,-0.1960847407508994,0.1960847407508994,5
scGen,Non-responder,scGen,scGen,generated_expression_baseline,NASP,1.3777315251825697,1.1634366490648085,-0.2142948761177614,0.2142948761177614,4
scGen,Non-responder,scGen,scGen,generated_expression_baseline,NCOA4,1.158074577372059,1.159651848969376,0.0015772715973167,0.0015772715973167,2
scGen,Non-responder,scGen,scGen,generated_expression_baseline,NCOR1,1.8388006601195372,1.359108773479479,-0.4796918866400586,0.4796918866400586,9
scGen,Non-responder,scGen,scGen,generated_expression_baseline,NDUFA1,1.4120940760453575,1.2084882392620353,-0.2036058367833224,0.2036058367833224,4
scGen,Non-responder,scGen,scGen,generated_expression_baseline,NDUFA11,1.4779392177385438,1.3723584514867768,-0.1055807662517669,0.1055807662517669,5
scGen,Non-responder,scGen,scGen,generated_expression_baseline,NDUFA13,1.6785197304080617,1.0713234941834078,-0.6071962362246539,0.6071962362246539,7
scGen,Non-responder,scGen,scGen,generated_expression_baseline,NDUFB2,1.3527440529646213,0.9987328540758867,-0.3540111988887345,0.3540111988887345,4
scGen,Non-responder,scGen,scGen,generated_expression_baseline,NDUFB4,1.2985563989257052,0.6837018722479411,-0.6148545266777641,0.6148545266777641,3
scGen,Non-responder,scGen,scGen,generated_expression_baseline,NDUFB7,1.1806731546346845,0.6996400022403435,-0.4810331523943409,0.4810331523943409,2
scGen,Non-responder,scGen,scGen,generated_expression_baseline,NDUFC2,1.35778976102019,0.919378645774743,-0.4384111152454468,0.4384111152454468,4
scGen,Non-responder,scGen,scGen,generated_expression_baseline,NDUFS5,1.43331335416326,0.8169556572245322,-0.6163576969387279,0.6163576969387279,4
scGen,Non-responder,scGen,scGen,generated_expression_baseline,NDUFS7,1.3715007663928138,0.992738245516182,-0.3787625208766317,0.3787625208766317,4
scGen,Non-responder,scGen,scGen,generated_expression_baseline,NDUFV1,1.4214846480525205,0.9283614667480756,-0.493123181304445,0.493123181304445,4
scGen,Non-responder,scGen,scGen,generated_expression_baseline,NDUFV2,1.5322262261931765,1.3566845220840484,-0.175541704109128,0.175541704109128,6
scGen,Non-responder,scGen,scGen,generated_expression_baseline,NEDD8,1.4421875724102533,0.999937010127608,-0.4422505622826452,0.4422505622826452,5
scGen,Non-responder,scGen,scGen,generated_expression_baseline,NFE2L2,1.224470445919159,0.656946314647104,-0.5675241312720551,0.5675241312720551,2
scGen,Non-responder,scGen,scGen,generated_expression_baseline,NFKBIA,1.955758493587153,1.3955849590883167,-0.5601735344988363,0.5601735344988363,9
scGen,Non-responder,scGen,scGen,generated_expression_baseline,NFKBID,0.9582859047448732,0.4830794911263845,-0.4752064136184886,0.4752064136184886,1
scGen,Non-responder,scGen,scGen,generated_expression_baseline,NFKBIZ,1.6338082756967145,1.0306554674067316,-0.6031528082899829,0.6031528082899829,7
scGen,Non-responder,scGen,scGen,generated_expression_baseline,NGLY1,1.1517994627251869,0.5197610173740893,-0.6320384453510975,0.6320384453510975,2
scGen,Non-responder,scGen,scGen,generated_expression_baseline,NKG7,2.0211145653305542,1.5144302444090438,-0.5066843209215104,0.5066843209215104,10
scGen,Non-responder,scGen,scGen,generated_expression_baseline,NLRC5,2.0054684862278065,1.6900683032065744,-0.3154001830212321,0.3154001830212321,10
scGen,Non-responder,scGen,scGen,generated_expression_baseline,NME1-NME2,1.523702943934038,1.132871737150657,-0.390831206783381,0.390831206783381,6
scGen,Non-responder,scGen,scGen,generated_expression_baseline,NMT1,1.1919793871084536,0.7437209484388617,-0.4482584386695919,0.4482584386695919,2
scGen,Non-responder,scGen,scGen,generated_expression_baseline,NONO,1.8198088436361617,1.6358094222707793,-0.1839994213653824,0.1839994213653824,9
scGen,Non-responder,scGen,scGen,generated_expression_baseline,NOP10,1.2435050931024,0.8911853330580874,-0.3523197600443126,0.3523197600443126,2
scGen,Non-responder,scGen,scGen,generated_expression_baseline,NOP58,1.7319770971433517,1.4028354989848817,-0.32914159815847,0.32914159815847,8
scGen,Non-responder,scGen,scGen,generated_expression_baseline,NPC1,1.1172266546797995,0.7848072546780305,-0.332419400001769,0.332419400001769,1
scGen,Non-responder,scGen,scGen,generated_expression_baseline,NPC2,1.034368806288803,0.6771113485120835,-0.3572574577767194,0.3572574577767194,1
scGen,Non-responder,scGen,scGen,generated_expression_baseline,NR3C1,1.2090218021084107,0.7715709266928873,-0.4374508754155234,0.4374508754155234,2
scGen,Non-responder,scGen,scGen,generated_expression_baseline,NR4A1,1.2258433065407557,0.6814327635850361,-0.5444105429557196,0.5444105429557196,2
scGen,Non-responder,scGen,scGen,generated_expression_baseline,NR4A2,1.797606912959876,1.285757236931875,-0.5118496760280009,0.5118496760280009,8
scGen,Non-responder,scGen,scGen,generated_expression_baseline,NUCB2,1.1161753174629423,1.1413475596319242,0.0251722421689817,0.0251722421689817,1
scGen,Non-responder,scGen,scGen,generated_expression_baseline,NXF1,1.359193812863551,0.7776727923759817,-0.5815210204875693,0.5815210204875693,4
scGen,Non-responder,scGen,scGen,generated_expression_baseline,OFD1,1.0568600754128992,0.406160513230291,-0.6506995621826082,0.6506995621826082,1
scGen,Non-responder,scGen,scGen,generated_expression_baseline,OGT,1.716756825379225,1.290656083034886,-0.426100742344339,0.426100742344339,8
scGen,Non-responder,scGen,scGen,generated_expression_baseline,OS9,1.3171533645395974,0.5719693284286924,-0.745184036110905,0.745184036110905,3
scGen,Non-responder,scGen,scGen,generated_expression_baseline,OST4,1.8150204968500097,1.332309525630789,-0.4827109712192206,0.4827109712192206,9
scGen,Non-responder,scGen,scGen,generated_expression_baseline,OSTC,1.1707759540234086,0.8621021466086766,-0.308673807414732,0.308673807414732,2
scGen,Non-responder,scGen,scGen,generated_expression_baseline,P4HB,1.5612252028923388,1.2266315443859637,-0.3345936585063751,0.3345936585063751,6
scGen,Non-responder,scGen,scGen,generated_expression_baseline,PAIP2,1.766075753991367,1.388515529575626,-0.377560224415741,0.377560224415741,8
scGen,Non-responder,scGen,scGen,generated_expression_baseline,PARK7,1.8065313142481525,1.7621010742795924,-0.0444302399685598,0.0444302399685598,8
scGen,Non-responder,scGen,scGen,generated_expression_baseline,PARP15,0.9957741786247484,0.4703978728119498,-0.5253763058127985,0.5253763058127985,1
scGen,Non-responder,scGen,scGen,generated_expression_baseline,PARP8,1.5222237078869112,0.99527895796539,-0.5269447499215211,0.5269447499215211,6
scGen,Non-responder,scGen,scGen,generated_expression_baseline,PARP9,1.3179289183359115,0.9059847338858846,-0.4119441844500269,0.4119441844500269,3
scGen,Non-responder,scGen,scGen,generated_expression_baseline,PARVG,1.4206490800359075,1.0813248735464318,-0.3393242064894757,0.3393242064894757,4
scGen,Non-responder,scGen,scGen,generated_expression_baseline,PCBP2,1.7219730293444064,1.5597806043890898,-0.1621924249553166,0.1621924249553166,8
scGen,Non-responder,scGen,scGen,generated_expression_baseline,PCED1B-AS1,1.69235645255673,0.9927774071834295,-0.6995790453733005,0.6995790453733005,8
scGen,Non-responder,scGen,scGen,generated_expression_baseline,PDCD1,1.3451595240499024,1.0298114411674713,-0.3153480828824311,0.3153480828824311,4
scGen,Non-responder,scGen,scGen,generated_expression_baseline,PDCD4,1.9448133884368064,1.5117747022417731,-0.433038686195033,0.433038686195033,9
scGen,Non-responder,scGen,scGen,generated_expression_baseline,PDCD6IP,1.3166946594855646,0.8999232834763619,-0.4167713760092028,0.4167713760092028,3
scGen,Non-responder,scGen,scGen,generated_expression_baseline,PDE4B,1.490460310863082,0.8379371571376565,-0.6525231537254256,0.6525231537254256,5
scGen,Non-responder,scGen,scGen,generated_expression_baseline,PDIA3,1.8135001677200604,1.69952482476112,-0.1139753429589405,0.1139753429589405,9
scGen,Non-responder,scGen,scGen,generated_expression_baseline,PDIA4,1.091928963545035,0.8532134178068246,-0.2387155457382107,0.2387155457382107,1
scGen,Non-responder,scGen,scGen,generated_expression_baseline,PDIA6,1.4022305720500534,1.064931708538909,-0.3372988635111444,0.3372988635111444,4
scGen,Non-responder,scGen,scGen,generated_expression_baseline,PEBP1,1.391178438028892,1.1709581947340302,-0.2202202432948619,0.2202202432948619,4
scGen,Non-responder,scGen,scGen,generated_expression_baseline,PER1,1.3005572526791462,0.7347507018470477,-0.5658065508320985,0.5658065508320985,3
scGen,Non-responder,scGen,scGen,generated_expression_baseline,PFDN5,2.072742402790426,1.4986537796484551,-0.5740886231419711,0.5740886231419711,10
scGen,Non-responder,scGen,scGen,generated_expression_baseline,PFKFB3,1.1007372303694174,0.590419449753047,-0.5103177806163703,0.5103177806163703,1
scGen,Non-responder,scGen,scGen,generated_expression_baseline,PGAM1,1.7638799960589404,1.5183452843694496,-0.2455347116894908,0.2455347116894908,8
scGen,Non-responder,scGen,scGen,generated_expression_baseline,PGK1,2.0746391686402155,1.6992573548190908,-0.3753818138211247,0.3753818138211247,10
scGen,Non-responder,scGen,scGen,generated_expression_baseline,PHB,1.0911290385355328,0.7314141429499683,-0.3597148955855644,0.3597148955855644,1
scGen,Non-responder,scGen,scGen,generated_expression_baseline,PHB2,1.3210041027839057,1.0947122016768025,-0.2262919011071029,0.2262919011071029,3
scGen,Non-responder,scGen,scGen,generated_expression_baseline,PHC3,1.5088279184184603,0.8229966821934559,-0.6858312362250046,0.6858312362250046,5
scGen,Non-responder,scGen,scGen,generated_expression_baseline,PIK3IP1,1.4094797305103115,1.0317450135214463,-0.3777347169888654,0.3777347169888654,4
scGen,Non-responder,scGen,scGen,generated_expression_baseline,PIM1,1.3370991358769162,0.9263827272243504,-0.4107164086525658,0.4107164086525658,3
scGen,Non-responder,scGen,scGen,generated_expression_baseline,PIM2,1.719461544088572,1.3878941578708135,-0.3315673862177581,0.3315673862177581,8
scGen,Non-responder,scGen,scGen,generated_expression_baseline,PIP4K2A,1.892877007077972,1.533574427823891,-0.3593025792540807,0.3593025792540807,9
scGen,Non-responder,scGen,scGen,generated_expression_baseline,PKM,1.8284319775540097,1.7583855509084685,-0.0700464266455411,0.0700464266455411,9
scGen,Non-responder,scGen,scGen,generated_expression_baseline,PLAC8,0.8984905124239612,0.4507597638463592,-0.447730748577602,0.447730748577602,1
scGen,Non-responder,scGen,scGen,generated_expression_baseline,PLCB2,1.138422608975552,0.7270863163118086,-0.4113362926637434,0.4113362926637434,2
scGen,Non-responder,scGen,scGen,generated_expression_baseline,PLEK,1.0253305869206262,0.6180336416142858,-0.4072969453063404,0.4072969453063404,1
scGen,Non-responder,scGen,scGen,generated_expression_baseline,PLIN2,1.182331695007661,0.7148257854756759,-0.4675059095319851,0.4675059095319851,2
scGen,Non-responder,scGen,scGen,generated_expression_baseline,PLP2,1.4481205183139216,1.0912809104933994,-0.3568396078205222,0.3568396078205222,5
scGen,Non-responder,scGen,scGen,generated_expression_baseline,PLSCR1,1.0192959599927165,0.7753534144461479,-0.2439425455465685,0.2439425455465685,1
scGen,Non-responder,scGen,scGen,generated_expression_baseline,PMAIP1,1.2206242524191575,0.7763831472413573,-0.4442411051778004,0.4442411051778004,2
scGen,Non-responder,scGen,scGen,generated_expression_baseline,POLD4,1.4120125281287934,1.2183260878319804,-0.193686440296813,0.193686440296813,4
scGen,Non-responder,scGen,scGen,generated_expression_baseline,POLR2A,1.5826010441695273,1.47417859417902,-0.1084224499905073,0.1084224499905073,6
scGen,Non-responder,scGen,scGen,generated_expression_baseline,POLR2E,1.397984925566682,0.8630861836332935,-0.5348987419333886,0.5348987419333886,4
scGen,Non-responder,scGen,scGen,generated_expression_baseline,POLR2G,1.226747860246785,1.1578137341688477,-0.0689341260779372,0.0689341260779372,2
scGen,Non-responder,scGen,scGen,generated_expression_baseline,POMP,1.45431475864821,1.0180252888625034,-0.4362894697857067,0.4362894697857067,5
scGen,Non-responder,scGen,scGen,generated_expression_baseline,PPIB,1.9452667340771204,1.2694855848855524,-0.675781149191568,0.675781149191568,9
scGen,Non-responder,scGen,scGen,generated_expression_baseline,PPP1CA,1.80843916601174,1.4778229951776325,-0.3306161708341071,0.3306161708341071,9
scGen,Non-responder,scGen,scGen,generated_expression_baseline,PPP1CB,1.8690231661698689,1.6411768638032356,-0.227846302366633,0.227846302366633,9
scGen,Non-responder,scGen,scGen,generated_expression_baseline,PPP1R15A,1.9776919985363952,1.4017970108169835,-0.5758949877194115,0.5758949877194115,10
scGen,Non-responder,scGen,scGen,generated_expression_baseline,PPP1R2,1.6594755208241765,1.4306924714557407,-0.2287830493684355,0.2287830493684355,7
scGen,Non-responder,scGen,scGen,generated_expression_baseline,PPT1,1.1258533075499386,0.7177469520750588,-0.4081063554748798,0.4081063554748798,1
scGen,Non-responder,scGen,scGen,generated_expression_baseline,PRDM1,1.6710751824978791,1.2860358477335463,-0.385039334764333,0.385039334764333,7
scGen,Non-responder,scGen,scGen,generated_expression_baseline,PRDX1,1.6737882255951797,1.0451359221669323,-0.628652303428247,0.628652303428247,7
scGen,Non-responder,scGen,scGen,generated_expression_baseline,PRDX3,1.2449217419071958,1.3421933793635248,0.0972716374563289,0.0972716374563289,2
scGen,Non-responder,scGen,scGen,generated_expression_baseline,PRDX5,1.4962257258797602,0.8511219258162752,-0.645103800063485,0.645103800063485,5
scGen,Non-responder,scGen,scGen,generated_expression_baseline,PRDX6,1.4246417362395445,1.2603936896534411,-0.1642480465861031,0.1642480465861031,4
scGen,Non-responder,scGen,scGen,generated_expression_baseline,PRELID1,1.6070617287977822,1.000199601173904,-0.6068621276238781,0.6068621276238781,7
scGen,Non-responder,scGen,scGen,generated_expression_baseline,PRF1,1.699662211648315,1.290236154209402,-0.4094260574389134,0.4094260574389134,8
scGen,Non-responder,scGen,scGen,generated_expression_baseline,PRKAR1A,1.5601157158935643,1.3040748449380457,-0.2560408709555188,0.2560408709555188,6
scGen,Non-responder,scGen,scGen,generated_expression_baseline,PRKCH,1.774633044976338,1.7596842890011075,-0.0149487559752301,0.0149487559752301,8
scGen,Non-responder,scGen,scGen,generated_expression_baseline,PRMT2,1.3564071690344788,1.1207238783962816,-0.2356832906381971,0.2356832906381971,4
scGen,Non-responder,scGen,scGen,generated_expression_baseline,PRPF40B,1.0419899608400796,0.2736656953385014,-0.7683242655015781,0.7683242655015781,1
scGen,Non-responder,scGen,scGen,generated_expression_baseline,PRR13,1.789811141427376,1.2762665354335303,-0.5135446059938453,0.5135446059938453,8
scGen,Non-responder,scGen,scGen,generated_expression_baseline,PSAP,1.7173637402993096,1.170478176266067,-0.5468855640332426,0.5468855640332426,8
scGen,Non-responder,scGen,scGen,generated_expression_baseline,PSMA1,1.5683748648527986,1.0716282746261518,-0.4967465902266468,0.4967465902266468,6
scGen,Non-responder,scGen,scGen,generated_expression_baseline,PSMA2,1.561326180468721,1.4479380961399808,-0.1133880843287402,0.1133880843287402,6
scGen,Non-responder,scGen,scGen,generated_expression_baseline,PSMA3,1.575218330601044,1.3320540032999189,-0.2431643273011252,0.2431643273011252,6
scGen,Non-responder,scGen,scGen,generated_expression_baseline,PSMA4,1.4276594236776552,0.7902535652161048,-0.6374058584615504,0.6374058584615504,4
scGen,Non-responder,scGen,scGen,generated_expression_baseline,PSMA5,1.5562726146190875,0.9052577096111531,-0.6510149050079346,0.6510149050079346,6
scGen,Non-responder,scGen,scGen,generated_expression_baseline,PSMA6,1.6052969783783853,1.2681501130695982,-0.337146865308787,0.337146865308787,7
scGen,Non-responder,scGen,scGen,generated_expression_baseline,PSMA7,1.9753164847034328,1.7361662160128246,-0.2391502686906086,0.2391502686906086,10
scGen,Non-responder,scGen,scGen,generated_expression_baseline,PSMB1,1.6811332192980306,1.389561696980682,-0.2915715223173487,0.2915715223173487,7
scGen,Non-responder,scGen,scGen,generated_expression_baseline,PSMB10,1.7658090246712084,1.4113783646184528,-0.3544306600527556,0.3544306600527556,8
scGen,Non-responder,scGen,scGen,generated_expression_baseline,PSMB3,1.616837326321122,1.4861431961615634,-0.1306941301595585,0.1306941301595585,7
scGen,Non-responder,scGen,scGen,generated_expression_baseline,PSMB4,1.701693580639888,1.3544653949864067,-0.3472281856534813,0.3472281856534813,8
scGen,Non-responder,scGen,scGen,generated_expression_baseline,PSMB6,1.5324585787984557,1.2744122551243324,-0.258046323674123,0.258046323674123,6
scGen,Non-responder,scGen,scGen,generated_expression_baseline,PSMB7,1.3272864656011036,1.018582535985889,-0.3087039296152143,0.3087039296152143,3
scGen,Non-responder,scGen,scGen,generated_expression_baseline,PSMB8,1.9107025052781828,1.5830432145942328,-0.3276592906839499,0.3276592906839499,9
scGen,Non-responder,scGen,scGen,generated_expression_baseline,PSMB9,1.907598106730264,1.6531688517887242,-0.2544292549415399,0.2544292549415399,9
scGen,Non-responder,scGen,scGen,generated_expression_baseline,PSMC4,1.066569436677176,0.6374709135217832,-0.4290985231553926,0.4290985231553926,1
scGen,Non-responder,scGen,scGen,generated_expression_baseline,PSMD13,1.3666896513159277,1.3165325974888735,-0.0501570538270537,0.0501570538270537,4
scGen,Non-responder,scGen,scGen,generated_expression_baseline,PSMD7,1.2010374446814402,0.9478016283615496,-0.2532358163198906,0.2532358163198906,2
scGen,Non-responder,scGen,scGen,generated_expression_baseline,PSMD8,1.5676253892834222,1.4094030591823028,-0.1582223301011194,0.1582223301011194,6
scGen,Non-responder,scGen,scGen,generated_expression_baseline,PSME2,2.003021809336848,1.6598954077618338,-0.3431264015750144,0.3431264015750144,10
scGen,Non-responder,scGen,scGen,generated_expression_baseline,PSMF1,1.4687805975683457,1.0517575850234226,-0.417023012544923,0.417023012544923,5
scGen,Non-responder,scGen,scGen,generated_expression_baseline,PSTPIP1,1.5001325335740752,1.3145820853701695,-0.1855504482039056,0.1855504482039056,5
scGen,Non-responder,scGen,scGen,generated_expression_baseline,PTGES3,1.658278384709987,1.377937207855074,-0.2803411768549126,0.2803411768549126,7
scGen,Non-responder,scGen,scGen,generated_expression_baseline,PTP4A1,1.398107149766047,0.8853868671504648,-0.5127202826155823,0.5127202826155823,4
scGen,Non-responder,scGen,scGen,generated_expression_baseline,PTPN6,1.5512069769354586,1.1089639070313253,-0.4422430699041333,0.4422430699041333,6
scGen,Non-responder,scGen,scGen,generated_expression_baseline,PTPRCAP,2.121472044466993,1.8278553648866505,-0.2936166795803421,0.2936166795803421,10
scGen,Non-responder,scGen,scGen,generated_expression_baseline,PYCARD,1.2127197182457656,0.8480137009876808,-0.3647060172580848,0.3647060172580848,2
scGen,Non-responder,scGen,scGen,generated_expression_baseline,PYHIN1,1.4479024510645035,0.8732747774470889,-0.5746276736174146,0.5746276736174146,5
scGen,Non-responder,scGen,scGen,generated_expression_baseline,RAB10,1.2267168330659448,1.0695020414518386,-0.1572147916141062,0.1572147916141062,2
scGen,Non-responder,scGen,scGen,generated_expression_baseline,RAB11FIP1,1.0131449068359573,0.8529703918343179,-0.1601745150016393,0.1601745150016393,1
scGen,Non-responder,scGen,scGen,generated_expression_baseline,RAB1A,1.228240098285966,0.7231496447096101,-0.505090453576356,0.505090453576356,2
scGen,Non-responder,scGen,scGen,generated_expression_baseline,RAB5C,1.3903412083544713,0.8917925521900076,-0.4985486561644636,0.4985486561644636,4
scGen,Non-responder,scGen,scGen,generated_expression_baseline,RAB7A,1.6322550951731507,1.4936467445949997,-0.138608350578151,0.138608350578151,7
scGen,Non-responder,scGen,scGen,generated_expression_baseline,RAB8A,1.3423223989637982,1.0624953392409289,-0.2798270597228693,0.2798270597228693,4
scGen,Non-responder,scGen,scGen,generated_expression_baseline,RABAC1,1.5033872135723767,0.8659217863961355,-0.6374654271762412,0.6374654271762412,5
scGen,Non-responder,scGen,scGen,generated_expression_baseline,RABGAP1L,1.4894106288480662,0.9263568815698998,-0.5630537472781664,0.5630537472781664,5
scGen,Non-responder,scGen,scGen,generated_expression_baseline,RAC2,2.1613329450902845,1.7466073792461432,-0.4147255658441413,0.4147255658441413,10
scGen,Non-responder,scGen,scGen,generated_expression_baseline,RAN,1.882091233403853,1.53857383073494,-0.3435174026689132,0.3435174026689132,9
scGen,Non-responder,scGen,scGen,generated_expression_baseline,RANBP2,1.3392671366209816,1.019597239348691,-0.3196698972722906,0.3196698972722906,3
scGen,Non-responder,scGen,scGen,generated_expression_baseline,RAP1B,1.610296603901601,1.263662358417731,-0.34663424548387,0.34663424548387,7
scGen,Non-responder,scGen,scGen,generated_expression_baseline,RASGEF1B,1.291359394953175,1.0316971716523538,-0.2596622233008212,0.2596622233008212,3
scGen,Non-responder,scGen,scGen,generated_expression_baseline,RBBP4,1.458754343667052,1.0827838516536283,-0.3759704920134237,0.3759704920134237,5
scGen,Non-responder,scGen,scGen,generated_expression_baseline,RBBP7,1.1400048903593831,1.246412075239217,0.1064071848798338,0.1064071848798338,2
scGen,Non-responder,scGen,scGen,generated_expression_baseline,RBM17,1.3154255347263986,1.1178836190124557,-0.197541915713943,0.197541915713943,3
scGen,Non-responder,scGen,scGen,generated_expression_baseline,RBM3,1.8116021266337892,1.5209576791856358,-0.2906444474481535,0.2906444474481535,9
scGen,Non-responder,scGen,scGen,generated_expression_baseline,RBM6,1.838469365690012,1.6607411253902795,-0.1777282402997326,0.1777282402997326,9
scGen,Non-responder,scGen,scGen,generated_expression_baseline,RBM8A,1.6759969344293222,1.164282154355177,-0.5117147800741453,0.5117147800741453,7
scGen,Non-responder,scGen,scGen,generated_expression_baseline,RBMX,1.6675806015225454,1.4565766267272278,-0.2110039747953176,0.2110039747953176,7
scGen,Non-responder,scGen,scGen,generated_expression_baseline,RBPJ,1.5249494822003211,1.378364989701897,-0.1465844924984241,0.1465844924984241,6
scGen,Non-responder,scGen,scGen,generated_expression_baseline,RBX1,1.3099758045366765,1.0741554843239465,-0.23582032021273,0.23582032021273,3
scGen,Non-responder,scGen,scGen,generated_expression_baseline,REEP5,1.488671127514336,1.0698626906445252,-0.4188084368698108,0.4188084368698108,5
scGen,Non-responder,scGen,scGen,generated_expression_baseline,REL,1.1776179325380547,0.8140646661324852,-0.3635532664055695,0.3635532664055695,2
scGen,Non-responder,scGen,scGen,generated_expression_baseline,RGPD5,1.4956944446198832,0.9876430670207124,-0.5080513775991707,0.5080513775991707,5
scGen,Non-responder,scGen,scGen,generated_expression_baseline,RGS1,2.2301503991743403,2.1313803396349518,-0.098770059539389,0.098770059539389,10
scGen,Non-responder,scGen,scGen,generated_expression_baseline,RGS10,1.2885029735144,1.3288939352695914,0.0403909617551914,0.0403909617551914,3
scGen,Non-responder,scGen,scGen,generated_expression_baseline,RGS19,1.0608616544905136,0.8974933384659239,-0.1633683160245896,0.1633683160245896,1
scGen,Non-responder,scGen,scGen,generated_expression_baseline,RGS2,1.7548963657046877,1.3609299851761307,-0.3939663805285569,0.3939663805285569,8
scGen,Non-responder,scGen,scGen,generated_expression_baseline,RHOA,2.086600811544792,1.84120317066804,-0.2453976408767524,0.2453976408767524,10
scGen,Non-responder,scGen,scGen,generated_expression_baseline,RHOC,1.1700803525548409,0.9297832355658496,-0.2402971169889912,0.2402971169889912,2
scGen,Non-responder,scGen,scGen,generated_expression_baseline,RHOG,1.3345846726375703,0.7208076044601109,-0.6137770681774596,0.6137770681774596,3
scGen,Non-responder,scGen,scGen,generated_expression_baseline,RHOH,1.7672319112203294,1.344645240288572,-0.4225866709317574,0.4225866709317574,8
scGen,Non-responder,scGen,scGen,generated_expression_baseline,RNASEK,1.8969065945660897,1.706231590359062,-0.1906750042070275,0.1906750042070275,9
scGen,Non-responder,scGen,scGen,generated_expression_baseline,RNASET2,1.1899224734712175,0.7785533289033696,-0.4113691445678481,0.4113691445678481,2
scGen,Non-responder,scGen,scGen,generated_expression_baseline,RNF149,1.636352810635482,0.9924366522685752,-0.6439161583669067,0.6439161583669067,7
scGen,Non-responder,scGen,scGen,generated_expression_baseline,RNF181,1.0920729850366873,0.677444609208448,-0.4146283758282393,0.4146283758282393,1
scGen,Non-responder,scGen,scGen,generated_expression_baseline,RNF19A,1.8068617662499429,1.6696719501157844,-0.1371898161341584,0.1371898161341584,8
scGen,Non-responder,scGen,scGen,generated_expression_baseline,RNH1,1.2533977599584174,0.9838706273937052,-0.2695271325647123,0.2695271325647123,3
scGen,Non-responder,scGen,scGen,generated_expression_baseline,RNU2-2P,1.071333570694485,0.554527419374227,-0.5168061513202583,0.5168061513202583,1
scGen,Non-responder,scGen,scGen,generated_expression_baseline,RP11-138A9.1,1.269976289994502,0.5948868967098854,-0.6750893932846166,0.6750893932846166,3
scGen,Non-responder,scGen,scGen,generated_expression_baseline,RP11-138A9.2,1.497175721346979,0.8121701644875609,-0.6850055568594181,0.6850055568594181,5
scGen,Non-responder,scGen,scGen,generated_expression_baseline,RP11-138I1.4,2.005356783335875,1.550139143786809,-0.4552176395490661,0.4552176395490661,10
scGen,Non-responder,scGen,scGen,generated_expression_baseline,RP11-16E23.4,1.3824193207691045,0.661701354007945,-0.7207179667611594,0.7207179667611594,4
scGen,Non-responder,scGen,scGen,generated_expression_baseline,RP11-345J4.6,1.9886715244814144,1.5465505953360503,-0.442120929145364,0.442120929145364,10
scGen,Non-responder,scGen,scGen,generated_expression_baseline,RP11-386G11.10,1.544453686768799,1.384503544600891,-0.1599501421679079,0.1599501421679079,6
scGen,Non-responder,scGen,scGen,generated_expression_baseline,RP11-466H18.1,1.8111325746364129,1.4231702250737908,-0.3879623495626221,0.3879623495626221,9
scGen,Non-responder,scGen,scGen,generated_expression_baseline,RP11-543P15.1,1.3910775569119231,0.7193192028900688,-0.6717583540218544,0.6717583540218544,4
scGen,Non-responder,scGen,scGen,generated_expression_baseline,RP4-583P15.14,1.2668516217546726,0.7580463592210842,-0.5088052625335884,0.5088052625335884,3
scGen,Non-responder,scGen,scGen,generated_expression_baseline,RPL24,2.0999832665510447,1.637070488501311,-0.4629127780497337,0.4629127780497337,10
scGen,Non-responder,scGen,scGen,generated_expression_baseline,RPL27,2.2303316042407952,1.9081431923485093,-0.3221884118922857,0.3221884118922857,10
scGen,Non-responder,scGen,scGen,generated_expression_baseline,RPL35,2.120873117044243,1.7065263434482605,-0.4143467735959829,0.4143467735959829,10
scGen,Non-responder,scGen,scGen,generated_expression_baseline,RPL36A,2.094308143718976,1.6291372109115023,-0.4651709328074735,0.4651709328074735,10
scGen,Non-responder,scGen,scGen,generated_expression_baseline,RPL36AL,1.868255861855731,1.359315320598874,-0.5089405412568571,0.5089405412568571,9
scGen,Non-responder,scGen,scGen,generated_expression_baseline,RPL37,2.042499186982106,1.5954567222028644,-0.4470424647792417,0.4470424647792417,10
scGen,Non-responder,scGen,scGen,generated_expression_baseline,RPL37A,2.2641739641950185,1.8112669718089536,-0.4529069923860647,0.4529069923860647,10
scGen,Non-responder,scGen,scGen,generated_expression_baseline,RPL38,2.1420378448425925,1.6995757674155778,-0.4424620774270147,0.4424620774270147,10
scGen,Non-responder,scGen,scGen,generated_expression_baseline,RPN1,1.610773666819702,1.4139859835276305,-0.1967876832920714,0.1967876832920714,7
scGen,Non-responder,scGen,scGen,generated_expression_baseline,RPN2,1.5606295625781357,1.1905119033301472,-0.3701176592479882,0.3701176592479882,6
scGen,Non-responder,scGen,scGen,generated_expression_baseline,RPS10,2.205368897129236,1.8100887935285808,-0.3952801036006546,0.3952801036006546,10
scGen,Non-responder,scGen,scGen,generated_expression_baseline,RPS2,2.226057902299497,1.7243097838951202,-0.5017481184043766,0.5017481184043766,10
scGen,Non-responder,scGen,scGen,generated_expression_baseline,RPS21,1.9939930472018943,1.657820062941435,-0.3361729842604595,0.3361729842604595,10
scGen,Non-responder,scGen,scGen,generated_expression_baseline,RPS4Y1,1.2913908209825904,0.8799916390316896,-0.4113991819509007,0.4113991819509007,3
scGen,Non-responder,scGen,scGen,generated_expression_baseline,RPS5,2.2778379035558998,1.878960911637416,-0.3988769919184831,0.3988769919184831,10
scGen,Non-responder,scGen,scGen,generated_expression_baseline,RSL1D1,1.4127613525681697,1.1621266167126338,-0.2506347358555356,0.2506347358555356,4
scGen,Non-responder,scGen,scGen,generated_expression_baseline,S100A10,1.6719057003402802,1.2310510947187092,-0.4408546056215709,0.4408546056215709,7
scGen,Non-responder,scGen,scGen,generated_expression_baseline,S100A11,1.7130085445936087,1.40537068765828,-0.3076378569353288,0.3076378569353288,8
scGen,Non-responder,scGen,scGen,generated_expression_baseline,S100A4,1.9507280999091596,1.4294562414950798,-0.5212718584140796,0.5212718584140796,9
scGen,Non-responder,scGen,scGen,generated_expression_baseline,S100A6,1.8505238233871335,1.476235350197028,-0.3742884731901057,0.3742884731901057,9
scGen,Non-responder,scGen,scGen,generated_expression_baseline,SAMD3,1.1483200075470794,0.7625490900276777,-0.3857709175194017,0.3857709175194017,2
scGen,Non-responder,scGen,scGen,generated_expression_baseline,SAMHD1,1.2132807222527302,0.5641881235536167,-0.6490925986991135,0.6490925986991135,2
scGen,Non-responder,scGen,scGen,generated_expression_baseline,SAMSN1,1.497982189691635,1.1167478807003737,-0.3812343089912615,0.3812343089912615,5
scGen,Non-responder,scGen,scGen,generated_expression_baseline,SAP18,1.5762600924715164,1.2893518337768244,-0.286908258694692,0.286908258694692,6
scGen,Non-responder,scGen,scGen,generated_expression_baseline,SAP30BP,1.2028333809300908,0.7175042420644497,-0.4853291388656411,0.4853291388656411,2
scGen,Non-responder,scGen,scGen,generated_expression_baseline,SAR1A,1.6157752041446378,1.2645376938010038,-0.351237510343634,0.351237510343634,7
scGen,Non-responder,scGen,scGen,generated_expression_baseline,SASH3,1.6101857085191356,1.122573245590672,-0.4876124629284635,0.4876124629284635,7
scGen,Non-responder,scGen,scGen,generated_expression_baseline,SAT1,2.1826318253939494,1.6547688265474978,-0.5278629988464516,0.5278629988464516,10
scGen,Non-responder,scGen,scGen,generated_expression_baseline,SDCBP,1.435852160780179,1.3868136787823293,-0.0490384819978497,0.0490384819978497,5
scGen,Non-responder,scGen,scGen,generated_expression_baseline,SDHB,1.152433268439906,0.9605996763659552,-0.191833592073951,0.191833592073951,2
scGen,Non-responder,scGen,scGen,generated_expression_baseline,SDHC,1.07112781686099,0.6711487892042444,-0.3999790276567457,0.3999790276567457,1
scGen,Non-responder,scGen,scGen,generated_expression_baseline,SEC11C,1.218659904121232,0.882288645943382,-0.3363712581778501,0.3363712581778501,2
scGen,Non-responder,scGen,scGen,generated_expression_baseline,SEC13,1.187052120655114,0.702982869061009,-0.4840692515941051,0.4840692515941051,2
scGen,Non-responder,scGen,scGen,generated_expression_baseline,SEC61A1,1.4762917084121774,0.743858239196411,-0.7324334692157664,0.7324334692157664,5
scGen,Non-responder,scGen,scGen,generated_expression_baseline,SEC61B,1.500393621110091,1.082614905694584,-0.417778715415507,0.417778715415507,5
scGen,Non-responder,scGen,scGen,generated_expression_baseline,SEC61G,1.2030021764368892,0.8574954557290996,-0.3455067207077896,0.3455067207077896,2
scGen,Non-responder,scGen,scGen,generated_expression_baseline,SEC62,1.5303673252487626,0.890385495199071,-0.6399818300496917,0.6399818300496917,6
scGen,Non-responder,scGen,scGen,generated_expression_baseline,SEL1L3,1.0758285145427644,0.6335138611048357,-0.4423146534379287,0.4423146534379287,1
scGen,Non-responder,scGen,scGen,generated_expression_baseline,SELL,1.0711846412691053,0.3561058403926204,-0.7150788008764848,0.7150788008764848,1
scGen,Non-responder,scGen,scGen,generated_expression_baseline,SELPLG,1.6892496325653228,0.9882505551480198,-0.7009990774173029,0.7009990774173029,8
scGen,Non-responder,scGen,scGen,generated_expression_baseline,SERBP1,1.5210517761073905,1.2713963088378597,-0.2496554672695308,0.2496554672695308,6
scGen,Non-responder,scGen,scGen,generated_expression_baseline,SERF2,2.161982724571524,1.9355517444273629,-0.2264309801441613,0.2264309801441613,10
scGen,Non-responder,scGen,scGen,generated_expression_baseline,SERP1,1.605038947282993,0.9539520249504756,-0.6510869223325172,0.6510869223325172,7
scGen,Non-responder,scGen,scGen,generated_expression_baseline,SERPINB1,1.330647043347304,0.8979031570722295,-0.4327438862750744,0.4327438862750744,3
scGen,Non-responder,scGen,scGen,generated_expression_baseline,SERPINB9,1.8011125099960203,1.2865845400074505,-0.5145279699885701,0.5145279699885701,8
scGen,Non-responder,scGen,scGen,generated_expression_baseline,SF1,1.5327568643627312,1.2182996682342788,-0.3144571961284523,0.3144571961284523,6
scGen,Non-responder,scGen,scGen,generated_expression_baseline,SF3B5,1.1798863651431952,0.8248516808246616,-0.3550346843185336,0.3550346843185336,2
scGen,Non-responder,scGen,scGen,generated_expression_baseline,SFPQ,1.4176526999346757,1.1316001590557572,-0.2860525408789183,0.2860525408789183,4
scGen,Non-responder,scGen,scGen,generated_expression_baseline,SFT2D1,1.1500587433415228,0.7961994473707876,-0.3538592959707352,0.3538592959707352,2
scGen,Non-responder,scGen,scGen,generated_expression_baseline,SFT2D2,1.1876692847879875,0.8256661719516353,-0.3620031128363524,0.3620031128363524,2
scGen,Non-responder,scGen,scGen,generated_expression_baseline,SGSM3,1.0307969996305442,0.734296741079822,-0.2965002585507221,0.2965002585507221,1
scGen,Non-responder,scGen,scGen,generated_expression_baseline,SH2D2A,1.5480121243645866,1.1390268068310194,-0.4089853175335671,0.4089853175335671,6
scGen,Non-responder,scGen,scGen,generated_expression_baseline,SH3BGRL,1.4920255443852797,1.2366426753895752,-0.2553828689957043,0.2553828689957043,5
scGen,Non-responder,scGen,scGen,generated_expression_baseline,SIVA1,1.200313576846786,0.9776470964625738,-0.2226664803842121,0.2226664803842121,2
scGen,Non-responder,scGen,scGen,generated_expression_baseline,SKAP1,1.487931324064995,1.0485892069198564,-0.4393421171451386,0.4393421171451386,5
scGen,Non-responder,scGen,scGen,generated_expression_baseline,SKIL,1.1933719170759889,0.7120827384478109,-0.4812891786281777,0.4812891786281777,2
scGen,Non-responder,scGen,scGen,generated_expression_baseline,SKP1,2.0012313781943,1.5037405985742358,-0.4974907796200638,0.4974907796200638,10
scGen,Non-responder,scGen,scGen,generated_expression_baseline,SLA,1.7749704680730494,1.4000641483720628,-0.3749063197009865,0.3749063197009865,8
scGen,Non-responder,scGen,scGen,generated_expression_baseline,SLA2,1.2098751161488384,1.0072154321659414,-0.2026596839828969,0.2026596839828969,2
scGen,Non-responder,scGen,scGen,generated_expression_baseline,SLAMF7,1.404564658738482,1.0086117779757668,-0.3959528807627153,0.3959528807627153,4
scGen,Non-responder,scGen,scGen,generated_expression_baseline,SLC20A1,1.488753932508761,1.1026421086190936,-0.3861118238896674,0.3861118238896674,5
scGen,Non-responder,scGen,scGen,generated_expression_baseline,SLC25A3,1.91648922432294,1.6469493046616208,-0.2695399196613193,0.2695399196613193,9
scGen,Non-responder,scGen,scGen,generated_expression_baseline,SLC25A5,1.874434020684296,1.6376211018842617,-0.2368129188000347,0.2368129188000347,9
scGen,Non-responder,scGen,scGen,generated_expression_baseline,SLC2A3,1.912401886838476,1.0585107177666486,-0.8538911690718272,0.8538911690718272,9
scGen,Non-responder,scGen,scGen,generated_expression_baseline,SLC38A1,1.6576965245869535,1.3263652253656453,-0.3313312992213082,0.3313312992213082,7
scGen,Non-responder,scGen,scGen,generated_expression_baseline,SLC38A2,1.4474234542923856,1.2570356331524486,-0.190387821139937,0.190387821139937,5
scGen,Non-responder,scGen,scGen,generated_expression_baseline,SLC3A2,1.4282514734733285,1.1564829778909231,-0.2717684955824053,0.2717684955824053,4
scGen,Non-responder,scGen,scGen,generated_expression_baseline,SLC44A2,1.2752524315540072,0.7882212890572508,-0.4870311424967565,0.4870311424967565,3
scGen,Non-responder,scGen,scGen,generated_expression_baseline,SNAP23,1.1791879504284146,0.5915469220801687,-0.5876410283482459,0.5876410283482459,2
scGen,Non-responder,scGen,scGen,generated_expression_baseline,SND1,1.324904862342973,0.8913706351400948,-0.4335342272028782,0.4335342272028782,3
scGen,Non-responder,scGen,scGen,generated_expression_baseline,SNHG1,1.4803034199126897,0.8518389344284144,-0.6284644854842752,0.6284644854842752,5
scGen,Non-responder,scGen,scGen,generated_expression_baseline,SNHG12,1.3496394804454768,0.7248952878294993,-0.6247441926159775,0.6247441926159775,4
scGen,Non-responder,scGen,scGen,generated_expression_baseline,SNHG15,1.0776236708136466,0.5083721465973379,-0.5692515242163088,0.5692515242163088,1
scGen,Non-responder,scGen,scGen,generated_expression_baseline,SNHG5,1.6834713102078709,1.1891009188962205,-0.4943703913116501,0.4943703913116501,7
scGen,Non-responder,scGen,scGen,generated_expression_baseline,SNHG8,1.2564308608606982,0.940014582237932,-0.3164162786227663,0.3164162786227663,3
scGen,Non-responder,scGen,scGen,generated_expression_baseline,SNORD3A,1.075000198925166,0.622915637420232,-0.4520845615049338,0.4520845615049338,1
scGen,Non-responder,scGen,scGen,generated_expression_baseline,SNRPB,1.677873403464237,1.618109895226746,-0.0597635082374912,0.0597635082374912,7
scGen,Non-responder,scGen,scGen,generated_expression_baseline,SNRPD2,1.6005972252346472,1.36570390308404,-0.2348933221506071,0.2348933221506071,7
scGen,Non-responder,scGen,scGen,generated_expression_baseline,SNRPG,1.2815709455009576,1.078411571103733,-0.2031593743972246,0.2031593743972246,3
scGen,Non-responder,scGen,scGen,generated_expression_baseline,SNX17,1.3641083893674684,1.0670477512905594,-0.2970606380769089,0.2970606380769089,4
scGen,Non-responder,scGen,scGen,generated_expression_baseline,SNX2,0.9745429577984134,0.5344234157909556,-0.4401195420074577,0.4401195420074577,1
scGen,Non-responder,scGen,scGen,generated_expression_baseline,SOD1,1.85912142088202,1.5044541917162988,-0.3546672291657211,0.3546672291657211,9
scGen,Non-responder,scGen,scGen,generated_expression_baseline,SOD2,1.0466241850162057,0.694439536647712,-0.3521846483684937,0.3521846483684937,1
scGen,Non-responder,scGen,scGen,generated_expression_baseline,SP100,1.8779258086693675,1.100002895020676,-0.7779229136486914,0.7779229136486914,9
scGen,Non-responder,scGen,scGen,generated_expression_baseline,SP110,1.5740281622833656,1.066646845178111,-0.5073813171052546,0.5073813171052546,6
scGen,Non-responder,scGen,scGen,generated_expression_baseline,SPCS1,1.5757665205368514,1.1119180366798067,-0.4638484838570447,0.4638484838570447,6
scGen,Non-responder,scGen,scGen,generated_expression_baseline,SPCS2,1.4504920960527334,0.7201042919389726,-0.7303878041137608,0.7303878041137608,5
scGen,Non-responder,scGen,scGen,generated_expression_baseline,SPCS2P4,1.2836383978233972,0.7397098997052968,-0.5439284981181004,0.5439284981181004,3
scGen,Non-responder,scGen,scGen,generated_expression_baseline,SPCS3,1.3530179190999505,0.7400296498087685,-0.6129882692911818,0.6129882692911818,4
scGen,Non-responder,scGen,scGen,generated_expression_baseline,SPN,1.2584319108519402,0.7637444639821931,-0.4946874468697471,0.4946874468697471,3
scGen,Non-responder,scGen,scGen,generated_expression_baseline,SPOCK2,1.544945407036577,1.0662672056185174,-0.4786782014180593,0.4786782014180593,6
scGen,Non-responder,scGen,scGen,generated_expression_baseline,SQSTM1,1.549298564968254,1.0035302697254709,-0.5457682952427834,0.5457682952427834,6
scGen,Non-responder,scGen,scGen,generated_expression_baseline,SRGN,2.279263505383077,2.133953956874856,-0.1453095485082212,0.1453095485082212,10
scGen,Non-responder,scGen,scGen,generated_expression_baseline,SRI,1.3820471872960858,1.011523738508665,-0.3705234487874207,0.3705234487874207,4
scGen,Non-responder,scGen,scGen,generated_expression_baseline,SRP14,2.033735378423165,1.7573196327398315,-0.2764157456833331,0.2764157456833331,10
scGen,Non-responder,scGen,scGen,generated_expression_baseline,SRP9,1.5928800341450915,1.2891594931607078,-0.3037205409843839,0.3037205409843839,7
scGen,Non-responder,scGen,scGen,generated_expression_baseline,SRSF1,1.4458808331593802,1.494360181014482,0.0484793478551017,0.0484793478551017,5
scGen,Non-responder,scGen,scGen,generated_expression_baseline,SRSF2,1.8842327192498705,1.6287821758723124,-0.2554505433775578,0.2554505433775578,9
scGen,Non-responder,scGen,scGen,generated_expression_baseline,SRSF5,2.0833302439508112,1.833901430221524,-0.249428813729287,0.249428813729287,10
scGen,Non-responder,scGen,scGen,generated_expression_baseline,SRSF7,1.9289005890443844,1.5134673779902477,-0.4154332110541368,0.4154332110541368,9
scGen,Non-responder,scGen,scGen,generated_expression_baseline,SSB,1.3021927279691523,1.401705656808044,0.0995129288388914,0.0995129288388914,3
scGen,Non-responder,scGen,scGen,generated_expression_baseline,SSR1,1.4485680677659136,1.3526996806357967,-0.0958683871301169,0.0958683871301169,5
scGen,Non-responder,scGen,scGen,generated_expression_baseline,SSR2,1.8144062693061904,1.3279873699830145,-0.4864188993231757,0.4864188993231757,9
scGen,Non-responder,scGen,scGen,generated_expression_baseline,SSR3,1.4347433908735658,1.0224655575676649,-0.4122778333059012,0.4122778333059012,5
scGen,Non-responder,scGen,scGen,generated_expression_baseline,SSR4,1.7523440921331148,1.392485649583132,-0.3598584425499826,0.3598584425499826,8
scGen,Non-responder,scGen,scGen,generated_expression_baseline,ST13,1.4121801734129875,1.0865973154294049,-0.3255828579835826,0.3255828579835826,4
scGen,Non-responder,scGen,scGen,generated_expression_baseline,ST6GAL1,1.2572876017135917,0.877135406431873,-0.3801521952817186,0.3801521952817186,3
scGen,Non-responder,scGen,scGen,generated_expression_baseline,STAT1,1.7935507235699124,1.6931684289645934,-0.100382294605319,0.100382294605319,8
scGen,Non-responder,scGen,scGen,generated_expression_baseline,STAT2,1.2558108687522405,0.8080123251829024,-0.447798543569338,0.447798543569338,3
scGen,Non-responder,scGen,scGen,generated_expression_baseline,STAT4,1.6082994277116864,0.9659645888860904,-0.6423348388255962,0.6423348388255962,7
scGen,Non-responder,scGen,scGen,generated_expression_baseline,STAT6,1.2728839831513548,0.8399032739621407,-0.432980709189214,0.432980709189214,3
scGen,Non-responder,scGen,scGen,generated_expression_baseline,STIP1,1.3620464998446962,1.0661650609857014,-0.2958814388589947,0.2958814388589947,4
scGen,Non-responder,scGen,scGen,generated_expression_baseline,STOM,1.471727749003631,0.8850421542229951,-0.5866855947806355,0.5866855947806355,5
scGen,Non-responder,scGen,scGen,generated_expression_baseline,STRAP,1.3813191658666897,1.0227196489646115,-0.3585995169020781,0.3585995169020781,4
scGen,Non-responder,scGen,scGen,generated_expression_baseline,STT3A,1.236484867426107,1.1624611362543085,-0.0740237311717986,0.0740237311717986,2
scGen,Non-responder,scGen,scGen,generated_expression_baseline,SUB1,1.9312376266623792,1.723012213715095,-0.2082254129472842,0.2082254129472842,9
scGen,Non-responder,scGen,scGen,generated_expression_baseline,SUMO2,1.9324160009267013,1.6346527077868829,-0.2977632931398188,0.2977632931398188,9
scGen,Non-responder,scGen,scGen,generated_expression_baseline,SUPT5H,1.3418992750654126,0.7858784238571316,-0.556020851208281,0.556020851208281,3
scGen,Non-responder,scGen,scGen,generated_expression_baseline,SURF4,1.5563792852992044,1.234829869199243,-0.3215494160999614,0.3215494160999614,6
scGen,Non-responder,scGen,scGen,generated_expression_baseline,SYNE2,1.664370907814244,1.297157322022362,-0.3672135857918819,0.3672135857918819,7
scGen,Non-responder,scGen,scGen,generated_expression_baseline,SYNGR2,1.6223281676522894,1.011981177118973,-0.6103469905333163,0.6103469905333163,7
scGen,Non-responder,scGen,scGen,generated_expression_baseline,SYTL3,1.195177776934374,0.6783513660705301,-0.5168264108638437,0.5168264108638437,2
scGen,Non-responder,scGen,scGen,generated_expression_baseline,TAGAP,1.5782911643677908,0.9827915166905868,-0.595499647677204,0.595499647677204,6
scGen,Non-responder,scGen,scGen,generated_expression_baseline,TAGLN2,1.966614947080634,1.5989707932944015,-0.3676441537862325,0.3676441537862325,10
scGen,Non-responder,scGen,scGen,generated_expression_baseline,TALDO1,1.352315701921072,1.320376926248195,-0.0319387756728768,0.0319387756728768,4
scGen,Non-responder,scGen,scGen,generated_expression_baseline,TANK,1.5288105199209805,1.4344480059743665,-0.0943625139466137,0.0943625139466137,6
scGen,Non-responder,scGen,scGen,generated_expression_baseline,TAOK3,1.1407358815968889,0.6508402729576407,-0.4898956086392482,0.4898956086392482,2
scGen,Non-responder,scGen,scGen,generated_expression_baseline,TAP1,1.8677098496701805,1.336848752909188,-0.5308610967609926,0.5308610967609926,9
scGen,Non-responder,scGen,scGen,generated_expression_baseline,TBCB,1.4695203425001933,1.2819503627622604,-0.1875699797379328,0.1875699797379328,5
scGen,Non-responder,scGen,scGen,generated_expression_baseline,TBCD,1.2789913348049493,0.6643838038185489,-0.6146075309864004,0.6146075309864004,3
scGen,Non-responder,scGen,scGen,generated_expression_baseline,TCF25,1.5317112389883116,1.1906808792242758,-0.3410303597640358,0.3410303597640358,6
scGen,Non-responder,scGen,scGen,generated_expression_baseline,TCIRG1,1.5694961755832812,1.1133834329929604,-0.4561127425903208,0.4561127425903208,6
scGen,Non-responder,scGen,scGen,generated_expression_baseline,TCP1,1.4187811813988924,1.0403670931870777,-0.3784140882118147,0.3784140882118147,4
scGen,Non-responder,scGen,scGen,generated_expression_baseline,TECR,1.4834695298779357,1.291858774124342,-0.1916107557535935,0.1916107557535935,5
scGen,Non-responder,scGen,scGen,generated_expression_baseline,TFRC,1.5026143484528314,1.285618140920963,-0.2169962075318683,0.2169962075318683,5
scGen,Non-responder,scGen,scGen,generated_expression_baseline,TGIF1,1.0313811260847183,0.5876248117927542,-0.4437563142919641,0.4437563142919641,1
scGen,Non-responder,scGen,scGen,generated_expression_baseline,TIGIT,1.510462437687445,1.0885602967336487,-0.4219021409537962,0.4219021409537962,6
scGen,Non-responder,scGen,scGen,generated_expression_baseline,TKT,1.1800173920223027,0.8171382808584694,-0.3628791111638333,0.3628791111638333,2
scGen,Non-responder,scGen,scGen,generated_expression_baseline,TM9SF2,1.331074126401988,1.0343773932254514,-0.2966967331765364,0.2966967331765364,3
scGen,Non-responder,scGen,scGen,generated_expression_baseline,TMA7,1.9143117781089272,1.6252418919135596,-0.2890698861953675,0.2890698861953675,9
scGen,Non-responder,scGen,scGen,generated_expression_baseline,TMBIM6,1.957779518762298,1.564962439275316,-0.3928170794869818,0.3928170794869818,9
scGen,Non-responder,scGen,scGen,generated_expression_baseline,TMC6,1.649633852555313,0.940709408642877,-0.7089244439124359,0.7089244439124359,7
scGen,Non-responder,scGen,scGen,generated_expression_baseline,TMED10,1.4843113240815784,1.1378229555416075,-0.3464883685399706,0.3464883685399706,5
scGen,Non-responder,scGen,scGen,generated_expression_baseline,TMED2,1.4846971491772445,1.2822186500009096,-0.2024784991763348,0.2024784991763348,5
scGen,Non-responder,scGen,scGen,generated_expression_baseline,TMED9,1.13491279911134,0.7057358449107133,-0.4291769542006266,0.4291769542006266,1
scGen,Non-responder,scGen,scGen,generated_expression_baseline,TMEM109,1.2336895894907165,0.8880452715216397,-0.3456443179690768,0.3456443179690768,2
scGen,Non-responder,scGen,scGen,generated_expression_baseline,TMEM123,1.2745963748554074,0.5794426066715085,-0.695153768183899,0.695153768183899,3
scGen,Non-responder,scGen,scGen,generated_expression_baseline,TMEM179B,1.1540936237492287,0.6013088696524385,-0.5527847540967903,0.5527847540967903,2
scGen,Non-responder,scGen,scGen,generated_expression_baseline,TMEM219,1.1861525124981276,0.6257593693650879,-0.5603931431330397,0.5603931431330397,2
scGen,Non-responder,scGen,scGen,generated_expression_baseline,TMEM258,1.2880190540249437,1.0747221732013117,-0.2132968808236319,0.2132968808236319,3
scGen,Non-responder,scGen,scGen,generated_expression_baseline,TMEM59,1.7063203220673435,1.2540407900523571,-0.4522795320149866,0.4522795320149866,8
scGen,Non-responder,scGen,scGen,generated_expression_baseline,TNFAIP3,2.1967357667117566,1.6256145510965831,-0.5711212156151735,0.5711212156151735,10
scGen,Non-responder,scGen,scGen,generated_expression_baseline,TNFAIP8,1.1715382112121149,0.3892965343303653,-0.7822416768817495,0.7822416768817495,2
scGen,Non-responder,scGen,scGen,generated_expression_baseline,TNFRSF1B,1.573945911621474,1.09834949725466,-0.4755964143668139,0.4755964143668139,6
scGen,Non-responder,scGen,scGen,generated_expression_baseline,TOB1,1.903604479119635,1.1791604798579824,-0.7244439992616525,0.7244439992616525,9
scGen,Non-responder,scGen,scGen,generated_expression_baseline,TOMM7,1.6817270019373844,1.262449010481702,-0.4192779914556823,0.4192779914556823,7
scGen,Non-responder,scGen,scGen,generated_expression_baseline,TOX,1.049335485956118,0.9049704248179148,-0.1443650611382034,0.1443650611382034,1
scGen,Non-responder,scGen,scGen,generated_expression_baseline,TPI1,1.986862158957996,1.655373386555951,-0.3314887724020448,0.3314887724020448,10
scGen,Non-responder,scGen,scGen,generated_expression_baseline,TPM3,2.138612487252244,1.792061859071883,-0.346550628180361,0.346550628180361,10
scGen,Non-responder,scGen,scGen,generated_expression_baseline,TPM4,1.592501508567296,1.446558399413637,-0.1459431091536589,0.1459431091536589,6
scGen,Non-responder,scGen,scGen,generated_expression_baseline,TPP1,1.6493625333604975,1.349713934897192,-0.2996485984633055,0.2996485984633055,7
scGen,Non-responder,scGen,scGen,generated_expression_baseline,TRA2B,1.5624685766965871,1.1691325397942218,-0.3933360369023655,0.3933360369023655,6
scGen,Non-responder,scGen,scGen,generated_expression_baseline,TRAC,2.145886996221853,1.8853321954576157,-0.2605548007642375,0.2605548007642375,10
scGen,Non-responder,scGen,scGen,generated_expression_baseline,TRAF3IP3,1.5906680399061937,1.039918038069197,-0.5507500018369966,0.5507500018369966,6
scGen,Non-responder,scGen,scGen,generated_expression_baseline,TRAM1,1.4672264644306665,0.9324871467665292,-0.5347393176641372,0.5347393176641372,5
scGen,Non-responder,scGen,scGen,generated_expression_baseline,TRBC2,2.334709259531225,2.236602086854933,-0.0981071726762925,0.0981071726762925,10
scGen,Non-responder,scGen,scGen,generated_expression_baseline,TRIM22,1.6908531317701407,1.159506908339292,-0.5313462234308488,0.5313462234308488,8
scGen,Non-responder,scGen,scGen,generated_expression_baseline,TRMT112,1.5974689089215577,1.3412569793984048,-0.2562119295231526,0.2562119295231526,7
scGen,Non-responder,scGen,scGen,generated_expression_baseline,TSC22D3,2.130575793847824,1.7139614801893484,-0.416614313658475,0.416614313658475,10
scGen,Non-responder,scGen,scGen,generated_expression_baseline,TSPO,1.6039220136306929,1.2244594065295924,-0.3794626071011004,0.3794626071011004,7
scGen,Non-responder,scGen,scGen,generated_expression_baseline,TSPYL2,1.2629600903011928,0.7979751473749812,-0.4649849429262116,0.4649849429262116,3
scGen,Non-responder,scGen,scGen,generated_expression_baseline,TTC3,1.1037240545361742,0.625093329599037,-0.4786307249371372,0.4786307249371372,1
scGen,Non-responder,scGen,scGen,generated_expression_baseline,TUBA1A,1.574833309569189,1.3763174942852068,-0.1985158152839823,0.1985158152839823,6
scGen,Non-responder,scGen,scGen,generated_expression_baseline,TUBA1B,1.7339856467627006,1.4875552327409378,-0.2464304140217628,0.2464304140217628,8
scGen,Non-responder,scGen,scGen,generated_expression_baseline,TUBA4A,1.667454131881617,1.1495056993197597,-0.5179484325618573,0.5179484325618573,7
scGen,Non-responder,scGen,scGen,generated_expression_baseline,TUBB,1.5497436844663204,1.390119703306435,-0.1596239811598854,0.1596239811598854,6
scGen,Non-responder,scGen,scGen,generated_expression_baseline,TUBB4B,1.4290930578490595,1.1429637101842849,-0.2861293476647748,0.2861293476647748,4
scGen,Non-responder,scGen,scGen,generated_expression_baseline,TWF2,1.3510822500540798,1.151346059331006,-0.1997361907230737,0.1997361907230737,4
scGen,Non-responder,scGen,scGen,generated_expression_baseline,TXN,1.2677271152355636,0.8061425110707684,-0.4615846041647952,0.4615846041647952,3
scGen,Non-responder,scGen,scGen,generated_expression_baseline,TXNIP,1.8333092753242548,1.0293840959553024,-0.8039251793689524,0.8039251793689524,9
scGen,Non-responder,scGen,scGen,generated_expression_baseline,TYMP,0.981939347159859,0.6023499918222065,-0.3795893553376525,0.3795893553376525,1
scGen,Non-responder,scGen,scGen,generated_expression_baseline,U2AF1,1.619555185016356,1.477856966744974,-0.1416982182713819,0.1416982182713819,7
scGen,Non-responder,scGen,scGen,generated_expression_baseline,UBB,2.274883758424001,1.903707713177497,-0.3711760452465034,0.3711760452465034,10
scGen,Non-responder,scGen,scGen,generated_expression_baseline,UBE2B,1.4563988818049087,1.342110753509462,-0.1142881282954466,0.1142881282954466,5
scGen,Non-responder,scGen,scGen,generated_expression_baseline,UBE2D3,1.9626695903160585,1.5746386649336916,-0.3880309253823666,0.3880309253823666,9
scGen,Non-responder,scGen,scGen,generated_expression_baseline,UBE2L6,1.7195357649898364,1.1587752860043912,-0.5607604789854452,0.5607604789854452,8
scGen,Non-responder,scGen,scGen,generated_expression_baseline,UBL5,1.5428536243249773,0.9410580724662216,-0.6017955518587558,0.6017955518587558,6
scGen,Non-responder,scGen,scGen,generated_expression_baseline,UBXN1,1.6623102521777773,1.131618137677128,-0.5306921145006493,0.5306921145006493,7
scGen,Non-responder,scGen,scGen,generated_expression_baseline,UCP2,1.9721615339785583,1.908389461342024,-0.0637720726365342,0.0637720726365342,10
scGen,Non-responder,scGen,scGen,generated_expression_baseline,UQCR11,1.4746187042455596,0.972596447837262,-0.5020222564082976,0.5020222564082976,5
scGen,Non-responder,scGen,scGen,generated_expression_baseline,UQCRB,1.5729444638838852,1.1030793656977964,-0.4698650981860888,0.4698650981860888,6
scGen,Non-responder,scGen,scGen,generated_expression_baseline,UQCRC1,1.411905100570623,0.968862522233214,-0.4430425783374089,0.4430425783374089,4
scGen,Non-responder,scGen,scGen,generated_expression_baseline,UQCRH,1.459675023669026,1.301072789472496,-0.1586022341965298,0.1586022341965298,5
scGen,Non-responder,scGen,scGen,generated_expression_baseline,UQCRQ,1.513957753984973,1.1917285873468495,-0.3222291666381229,0.3222291666381229,6
scGen,Non-responder,scGen,scGen,generated_expression_baseline,USP11,1.2480516157940018,0.7867804871154164,-0.4612711286785854,0.4612711286785854,3
scGen,Non-responder,scGen,scGen,generated_expression_baseline,USP15,1.4394234695289276,0.9039839437378818,-0.5354395257910458,0.5354395257910458,5
scGen,Non-responder,scGen,scGen,generated_expression_baseline,USP36,1.348503573370058,0.6392907978429448,-0.709212775527113,0.709212775527113,4
scGen,Non-responder,scGen,scGen,generated_expression_baseline,VAMP5,1.1296104390328847,0.6593793282659924,-0.4702311107668923,0.4702311107668923,1
scGen,Non-responder,scGen,scGen,generated_expression_baseline,VAMP8,1.4684994826393636,0.8937390509648724,-0.5747604316744912,0.5747604316744912,5
scGen,Non-responder,scGen,scGen,generated_expression_baseline,VAPA,1.497084966574128,1.1605119577935574,-0.3365730087805705,0.3365730087805705,5
scGen,Non-responder,scGen,scGen,generated_expression_baseline,VDAC2,1.4088850383929028,1.2475889966722724,-0.1612960417206304,0.1612960417206304,4
scGen,Non-responder,scGen,scGen,generated_expression_baseline,VIM,2.062203722677421,1.6908051760377738,-0.3713985466396474,0.3713985466396474,10
scGen,Non-responder,scGen,scGen,generated_expression_baseline,VMP1,1.819574450813064,1.3627198266809308,-0.4568546241321332,0.4568546241321332,9
scGen,Non-responder,scGen,scGen,generated_expression_baseline,VPS29,1.3351002286749822,1.0968887078950431,-0.2382115207799391,0.2382115207799391,3
scGen,Non-responder,scGen,scGen,generated_expression_baseline,WDR1,1.6962083837793542,1.467869411482183,-0.2283389722971711,0.2283389722971711,8
scGen,Non-responder,scGen,scGen,generated_expression_baseline,WSB1,1.5035609440232325,1.0600874940503515,-0.4434734499728807,0.4434734499728807,5
scGen,Non-responder,scGen,scGen,generated_expression_baseline,XAF1,1.3177291304000711,1.0411128724242016,-0.2766162579758697,0.2766162579758697,3
scGen,Non-responder,scGen,scGen,generated_expression_baseline,XIST,0.6269107650126272,0.665875323639462,0.0389645586268347,0.0389645586268347,1
scGen,Non-responder,scGen,scGen,generated_expression_baseline,XRCC6,1.7440516195749995,1.692476400025739,-0.0515752195492604,0.0515752195492604,8
scGen,Non-responder,scGen,scGen,generated_expression_baseline,YPEL5,1.6942685297737865,1.2815769888056183,-0.4126915409681679,0.4126915409681679,8
scGen,Non-responder,scGen,scGen,generated_expression_baseline,YWHAB,1.9690254559413567,1.3441162284047208,-0.6249092275366364,0.6249092275366364,10
scGen,Non-responder,scGen,scGen,generated_expression_baseline,YWHAE,1.6092768529071722,1.4608822996419868,-0.1483945532651853,0.1483945532651853,7
scGen,Non-responder,scGen,scGen,generated_expression_baseline,YWHAQ,1.5444802740462356,1.2819271677494657,-0.2625531062967698,0.2625531062967698,6
scGen,Non-responder,scGen,scGen,generated_expression_baseline,ZAP70,1.719198161524158,1.4436654797185169,-0.2755326818056414,0.2755326818056414,8
scGen,Non-responder,scGen,scGen,generated_expression_baseline,ZEB2,1.2578821975141457,0.7686629004943998,-0.4892192970197458,0.4892192970197458,3
scGen,Non-responder,scGen,scGen,generated_expression_baseline,ZFAND5,1.3012499531577193,0.8539374906999848,-0.4473124624577345,0.4473124624577345,3
scGen,Non-responder,scGen,scGen,generated_expression_baseline,ZFAS1,1.4807799754164666,0.8296051845610171,-0.6511747908554495,0.6511747908554495,5
scGen,Non-responder,scGen,scGen,generated_expression_baseline,ZFP36L1,2.075762259191002,1.4723164296369138,-0.6034458295540883,0.6034458295540883,10
scGen,Non-responder,scGen,scGen,generated_expression_baseline,ZFP36L2,1.6882151768098568,1.0893528765484468,-0.59886230026141,0.59886230026141,8
scGen,Non-responder,scGen,scGen,generated_expression_baseline,ZNF331,1.739849171467073,1.4869574827183871,-0.2528916887486858,0.2528916887486858,8
scGen,Non-responder,scGen,scGen,generated_expression_baseline,ZNF706,1.4670120737614611,1.0977288694865546,-0.3692832042749066,0.3692832042749066,5
scGen,Non-responder,scGen,scGen,generated_expression_baseline,ZYX,1.2670036103873357,1.1130822325222274,-0.1539213778651083,0.1539213778651083,3
CellRank_terminal_proxy,Non-responder,CellRank,CellRank†,pre_only_fate_weighted_terminal_state_expression_proxy,ACAA1,1.1016650389395786,1.2085073800152215,0.1068423410756431,0.1068423410756431,1
CellRank_terminal_proxy,Non-responder,CellRank,CellRank†,pre_only_fate_weighted_terminal_state_expression_proxy,ACADVL,1.3887688218002658,1.8046146396892144,0.4158458178889486,0.4158458178889486,4
CellRank_terminal_proxy,Non-responder,CellRank,CellRank†,pre_only_fate_weighted_terminal_state_expression_proxy,ACAP1,1.7364700094573626,1.25282230677708,-0.4836477026802825,0.4836477026802825,8
CellRank_terminal_proxy,Non-responder,CellRank,CellRank†,pre_only_fate_weighted_terminal_state_expression_proxy,ACTN4,1.4713959956249123,0.8589402627988338,-0.6124557328260787,0.6124557328260787,5
CellRank_terminal_proxy,Non-responder,CellRank,CellRank†,pre_only_fate_weighted_terminal_state_expression_proxy,ACTR3,1.829912535738756,1.527537083965867,-0.3023754517728885,0.3023754517728885,9
CellRank_terminal_proxy,Non-responder,CellRank,CellRank†,pre_only_fate_weighted_terminal_state_expression_proxy,ADAM19,1.2672733445583175,1.422620405994655,0.1553470614363372,0.1553470614363372,3
CellRank_terminal_proxy,Non-responder,CellRank,CellRank†,pre_only_fate_weighted_terminal_state_expression_proxy,ADPGK,1.2925161812076948,1.5562763663433976,0.2637601851357027,0.2637601851357027,3
CellRank_terminal_proxy,Non-responder,CellRank,CellRank†,pre_only_fate_weighted_terminal_state_expression_proxy,ADRM1,1.3217950928187738,1.5554855217140189,0.2336904288952448,0.2336904288952448,3
CellRank_terminal_proxy,Non-responder,CellRank,CellRank†,pre_only_fate_weighted_terminal_state_expression_proxy,AHNAK,1.73655951398942,1.4034079332164655,-0.3331515807729546,0.3331515807729546,8
CellRank_terminal_proxy,Non-responder,CellRank,CellRank†,pre_only_fate_weighted_terminal_state_expression_proxy,AHSA1,1.3324621108279897,1.2555039917270554,-0.0769581191009343,0.0769581191009343,3
CellRank_terminal_proxy,Non-responder,CellRank,CellRank†,pre_only_fate_weighted_terminal_state_expression_proxy,AKAP13,1.842700503773664,1.6834143196932996,-0.1592861840803643,0.1592861840803643,9
CellRank_terminal_proxy,Non-responder,CellRank,CellRank†,pre_only_fate_weighted_terminal_state_expression_proxy,AKAP9,1.453783249300532,1.2895504009413588,-0.1642328483591733,0.1642328483591733,5
CellRank_terminal_proxy,Non-responder,CellRank,CellRank†,pre_only_fate_weighted_terminal_state_expression_proxy,AKNA,1.6207989783902368,0.7715449775593473,-0.8492540008308895,0.8492540008308895,7
CellRank_terminal_proxy,Non-responder,CellRank,CellRank†,pre_only_fate_weighted_terminal_state_expression_proxy,AKR1A1,1.0351582843507203,1.3189401187741836,0.283781834423463,0.283781834423463,1
CellRank_terminal_proxy,Non-responder,CellRank,CellRank†,pre_only_fate_weighted_terminal_state_expression_proxy,ALDOA,2.1919009431506207,2.1958979071418407,0.00399696399122,0.00399696399122,10
CellRank_terminal_proxy,Non-responder,CellRank,CellRank†,pre_only_fate_weighted_terminal_state_expression_proxy,ALOX5AP,1.629914559001148,1.9740006204283176,0.3440860614271697,0.3440860614271697,7
CellRank_terminal_proxy,Non-responder,CellRank,CellRank†,pre_only_fate_weighted_terminal_state_expression_proxy,ANAPC11,1.2542085893673742,1.1842691029527377,-0.0699394864146367,0.0699394864146367,3
CellRank_terminal_proxy,Non-responder,CellRank,CellRank†,pre_only_fate_weighted_terminal_state_expression_proxy,ANKRD36BP1,1.1618614779040712,0.8044805353912051,-0.3573809425128661,0.3573809425128661,2
CellRank_terminal_proxy,Non-responder,CellRank,CellRank†,pre_only_fate_weighted_terminal_state_expression_proxy,ANXA1,1.705634932770936,1.5550030369484846,-0.1506318958224515,0.1506318958224515,8
CellRank_terminal_proxy,Non-responder,CellRank,CellRank†,pre_only_fate_weighted_terminal_state_expression_proxy,ANXA2,1.7109160029934125,1.801494004309416,0.0905780013160031,0.0905780013160031,8
CellRank_terminal_proxy,Non-responder,CellRank,CellRank†,pre_only_fate_weighted_terminal_state_expression_proxy,ANXA5,1.6183713577515224,1.862409154762192,0.2440377970106695,0.2440377970106695,7
CellRank_terminal_proxy,Non-responder,CellRank,CellRank†,pre_only_fate_weighted_terminal_state_expression_proxy,ANXA6,1.766172199516792,1.551396228427898,-0.2147759710888939,0.2147759710888939,8
CellRank_terminal_proxy,Non-responder,CellRank,CellRank†,pre_only_fate_weighted_terminal_state_expression_proxy,AOAH,1.3052695646961294,0.8580591668609062,-0.4472103978352232,0.4472103978352232,3
CellRank_terminal_proxy,Non-responder,CellRank,CellRank†,pre_only_fate_weighted_terminal_state_expression_proxy,AP1G2,1.6166982232785372,1.306503343608379,-0.3101948796701581,0.3101948796701581,7
CellRank_terminal_proxy,Non-responder,CellRank,CellRank†,pre_only_fate_weighted_terminal_state_expression_proxy,AP2S1,1.2175142265556709,1.581547400046907,0.3640331734912361,0.3640331734912361,2
CellRank_terminal_proxy,Non-responder,CellRank,CellRank†,pre_only_fate_weighted_terminal_state_expression_proxy,APEX1,1.0581052798306785,0.9613581990202832,-0.096747080810395,0.096747080810395,1
CellRank_terminal_proxy,Non-responder,CellRank,CellRank†,pre_only_fate_weighted_terminal_state_expression_proxy,APLP2,0.9985997107110632,1.9295204976863627,0.9309207869752996,0.9309207869752996,1
CellRank_terminal_proxy,Non-responder,CellRank,CellRank†,pre_only_fate_weighted_terminal_state_expression_proxy,APMAP,1.357610551949113,1.033038746181953,-0.32457180576716,0.32457180576716,4
CellRank_terminal_proxy,Non-responder,CellRank,CellRank†,pre_only_fate_weighted_terminal_state_expression_proxy,APOBEC3G,1.8001732454363812,0.7005159439637471,-1.099657301472634,1.099657301472634,8
CellRank_terminal_proxy,Non-responder,CellRank,CellRank†,pre_only_fate_weighted_terminal_state_expression_proxy,APRT,1.6917390395289982,1.2544189350942048,-0.4373201044347934,0.4373201044347934,8
CellRank_terminal_proxy,Non-responder,CellRank,CellRank†,pre_only_fate_weighted_terminal_state_expression_proxy,ARF1,1.9521339835321485,2.0291411135766597,0.0770071300445109,0.0770071300445109,9
CellRank_terminal_proxy,Non-responder,CellRank,CellRank†,pre_only_fate_weighted_terminal_state_expression_proxy,ARF4,1.1246274684918862,1.4432278686842217,0.3186004001923352,0.3186004001923352,1
CellRank_terminal_proxy,Non-responder,CellRank,CellRank†,pre_only_fate_weighted_terminal_state_expression_proxy,ARF5,1.5258577658441237,1.0183991248226263,-0.5074586410214972,0.5074586410214972,6
CellRank_terminal_proxy,Non-responder,CellRank,CellRank†,pre_only_fate_weighted_terminal_state_expression_proxy,ARHGAP17,1.0338239675672165,1.1414425695314168,0.1076186019642002,0.1076186019642002,1
CellRank_terminal_proxy,Non-responder,CellRank,CellRank†,pre_only_fate_weighted_terminal_state_expression_proxy,ARHGAP4,1.5910922217161791,1.2195578092977912,-0.3715344124183879,0.3715344124183879,6
CellRank_terminal_proxy,Non-responder,CellRank,CellRank†,pre_only_fate_weighted_terminal_state_expression_proxy,ARHGAP9,1.7882603953183798,1.2243120809055412,-0.5639483144128385,0.5639483144128385,8
CellRank_terminal_proxy,Non-responder,CellRank,CellRank†,pre_only_fate_weighted_terminal_state_expression_proxy,ARHGEF1,1.9052610373862544,1.470986932106108,-0.4342741052801466,0.4342741052801466,9
CellRank_terminal_proxy,Non-responder,CellRank,CellRank†,pre_only_fate_weighted_terminal_state_expression_proxy,ARID4B,1.6271718629316505,1.3007538289652851,-0.3264180339663654,0.3264180339663654,7
CellRank_terminal_proxy,Non-responder,CellRank,CellRank†,pre_only_fate_weighted_terminal_state_expression_proxy,ARID5A,1.3089100101733353,1.409262591729127,0.1003525815557917,0.1003525815557917,3
CellRank_terminal_proxy,Non-responder,CellRank,CellRank†,pre_only_fate_weighted_terminal_state_expression_proxy,ARL4C,1.2563436905608898,0.7078596388741825,-0.5484840516867073,0.5484840516867073,3
CellRank_terminal_proxy,Non-responder,CellRank,CellRank†,pre_only_fate_weighted_terminal_state_expression_proxy,ARL6IP1,1.701786966736445,1.7201007815381455,0.0183138148017005,0.0183138148017005,8
CellRank_terminal_proxy,Non-responder,CellRank,CellRank†,pre_only_fate_weighted_terminal_state_expression_proxy,ARL6IP4,1.5094202373258376,1.2562785348778944,-0.2531417024479432,0.2531417024479432,5
CellRank_terminal_proxy,Non-responder,CellRank,CellRank†,pre_only_fate_weighted_terminal_state_expression_proxy,ARL6IP5,1.7791848836907027,1.2454328072954963,-0.5337520763952062,0.5337520763952062,8
CellRank_terminal_proxy,Non-responder,CellRank,CellRank†,pre_only_fate_weighted_terminal_state_expression_proxy,ARL8B,1.14074066072878,1.2976030524039095,0.1568623916751297,0.1568623916751297,2
CellRank_terminal_proxy,Non-responder,CellRank,CellRank†,pre_only_fate_weighted_terminal_state_expression_proxy,ARPC1B,2.031187754290639,1.912862013360997,-0.1183257409296418,0.1183257409296418,10
CellRank_terminal_proxy,Non-responder,CellRank,CellRank†,pre_only_fate_weighted_terminal_state_expression_proxy,ARPC3,2.0569011998749063,2.0884103825343288,0.0315091826594224,0.0315091826594224,10
CellRank_terminal_proxy,Non-responder,CellRank,CellRank†,pre_only_fate_weighted_terminal_state_expression_proxy,ARPC4,1.9472142407038429,1.9070093093503813,-0.0402049313534613,0.0402049313534613,9
CellRank_terminal_proxy,Non-responder,CellRank,CellRank†,pre_only_fate_weighted_terminal_state_expression_proxy,ARPC5,1.681109635125503,1.674267500938986,-0.006842134186517,0.006842134186517,7
CellRank_terminal_proxy,Non-responder,CellRank,CellRank†,pre_only_fate_weighted_terminal_state_expression_proxy,ATF4,1.4416184621169892,1.3289376683741747,-0.1126807937428144,0.1126807937428144,5
CellRank_terminal_proxy,Non-responder,CellRank,CellRank†,pre_only_fate_weighted_terminal_state_expression_proxy,ATG3,1.1242274682781526,1.494799546027825,0.3705720777496724,0.3705720777496724,1
CellRank_terminal_proxy,Non-responder,CellRank,CellRank†,pre_only_fate_weighted_terminal_state_expression_proxy,ATP1B3,1.4751205290536242,1.5794335147550569,0.1043129857014326,0.1043129857014326,5
CellRank_terminal_proxy,Non-responder,CellRank,CellRank†,pre_only_fate_weighted_terminal_state_expression_proxy,ATP6AP1,1.1394456830885364,1.60640807817757,0.4669623950890336,0.4669623950890336,2
CellRank_terminal_proxy,Non-responder,CellRank,CellRank†,pre_only_fate_weighted_terminal_state_expression_proxy,ATP6AP2,1.302069999035658,1.611383964640136,0.3093139656044779,0.3093139656044779,3
CellRank_terminal_proxy,Non-responder,CellRank,CellRank†,pre_only_fate_weighted_terminal_state_expression_proxy,ATP6V0B,1.364695554501295,1.8669597298409293,0.5022641753396342,0.5022641753396342,4
CellRank_terminal_proxy,Non-responder,CellRank,CellRank†,pre_only_fate_weighted_terminal_state_expression_proxy,ATP6V0D1,1.2125928500679477,1.565746518974018,0.3531536689060706,0.3531536689060706,2
CellRank_terminal_proxy,Non-responder,CellRank,CellRank†,pre_only_fate_weighted_terminal_state_expression_proxy,ATP6V0E1,1.677873403529884,1.951553727153323,0.2736803236234388,0.2736803236234388,7
CellRank_terminal_proxy,Non-responder,CellRank,CellRank†,pre_only_fate_weighted_terminal_state_expression_proxy,ATP6V1B2,1.0295290325975464,1.3786507835958488,0.3491217509983024,0.3491217509983024,1
CellRank_terminal_proxy,Non-responder,CellRank,CellRank†,pre_only_fate_weighted_terminal_state_expression_proxy,ATP6V1F,1.301510719604511,1.5604178564132145,0.2589071368087035,0.2589071368087035,3
CellRank_terminal_proxy,Non-responder,CellRank,CellRank†,pre_only_fate_weighted_terminal_state_expression_proxy,ATP6V1G1,1.550470203460892,1.6010476392529498,0.0505774357920576,0.0505774357920576,6
CellRank_terminal_proxy,Non-responder,CellRank,CellRank†,pre_only_fate_weighted_terminal_state_expression_proxy,ATRAID,1.1877556314337905,0.8349627230640233,-0.3527929083697672,0.3527929083697672,2
CellRank_terminal_proxy,Non-responder,CellRank,CellRank†,pre_only_fate_weighted_terminal_state_expression_proxy,B4GALT1,1.684240230858732,1.834406318634049,0.1501660877753172,0.1501660877753172,7
CellRank_terminal_proxy,Non-responder,CellRank,CellRank†,pre_only_fate_weighted_terminal_state_expression_proxy,BCAP31,1.487600634826278,1.694530926665414,0.206930291839136,0.206930291839136,5
CellRank_terminal_proxy,Non-responder,CellRank,CellRank†,pre_only_fate_weighted_terminal_state_expression_proxy,BCL2L11,1.219334106688014,1.2147479137243269,-0.0045861929636872,0.0045861929636872,2
CellRank_terminal_proxy,Non-responder,CellRank,CellRank†,pre_only_fate_weighted_terminal_state_expression_proxy,BHLHE40,1.355077070961474,1.2313583144001656,-0.1237187565613084,0.1237187565613084,4
CellRank_terminal_proxy,Non-responder,CellRank,CellRank†,pre_only_fate_weighted_terminal_state_expression_proxy,BIN2,1.4510177724108675,1.177893035989534,-0.2731247364213338,0.2731247364213338,5
CellRank_terminal_proxy,Non-responder,CellRank,CellRank†,pre_only_fate_weighted_terminal_state_expression_proxy,BIRC3,1.7147659507111312,1.390516470137701,-0.3242494805734301,0.3242494805734301,8
CellRank_terminal_proxy,Non-responder,CellRank,CellRank†,pre_only_fate_weighted_terminal_state_expression_proxy,BRD2,1.7258079664303492,1.657733949677029,-0.0680740167533202,0.0680740167533202,8
CellRank_terminal_proxy,Non-responder,CellRank,CellRank†,pre_only_fate_weighted_terminal_state_expression_proxy,BRK1,1.630139140533604,1.4201752508448104,-0.2099638896887936,0.2099638896887936,7
CellRank_terminal_proxy,Non-responder,CellRank,CellRank†,pre_only_fate_weighted_terminal_state_expression_proxy,BST2,1.440676094275234,1.618996647052241,0.1783205527770071,0.1783205527770071,5
CellRank_terminal_proxy,Non-responder,CellRank,CellRank†,pre_only_fate_weighted_terminal_state_expression_proxy,BTG1,1.6925270639014505,1.805011235918306,0.1124841720168554,0.1124841720168554,8
CellRank_terminal_proxy,Non-responder,CellRank,CellRank†,pre_only_fate_weighted_terminal_state_expression_proxy,BTG2,1.6293974866202816,1.8685376014053776,0.2391401147850962,0.2391401147850962,7
CellRank_terminal_proxy,Non-responder,CellRank,CellRank†,pre_only_fate_weighted_terminal_state_expression_proxy,BTN3A2,1.628280067499362,0.8824118320020138,-0.7458682354973483,0.7458682354973483,7
CellRank_terminal_proxy,Non-responder,CellRank,CellRank†,pre_only_fate_weighted_terminal_state_expression_proxy,BUD31,1.369555324103316,1.6106838596668596,0.2411285355635435,0.2411285355635435,4
CellRank_terminal_proxy,Non-responder,CellRank,CellRank†,pre_only_fate_weighted_terminal_state_expression_proxy,BZW1,1.5172659872533525,1.538147142586025,0.0208811553326726,0.0208811553326726,6
CellRank_terminal_proxy,Non-responder,CellRank,CellRank†,pre_only_fate_weighted_terminal_state_expression_proxy,C11orf58,1.7249138584256034,1.753381351410382,0.0284674929847785,0.0284674929847785,8
CellRank_terminal_proxy,Non-responder,CellRank,CellRank†,pre_only_fate_weighted_terminal_state_expression_proxy,C17orf49,1.475795636223734,1.2929482995725965,-0.1828473366511376,0.1828473366511376,5
CellRank_terminal_proxy,Non-responder,CellRank,CellRank†,pre_only_fate_weighted_terminal_state_expression_proxy,C19orf53,1.367075171689632,1.2115346821859567,-0.1555404895036753,0.1555404895036753,4
CellRank_terminal_proxy,Non-responder,CellRank,CellRank†,pre_only_fate_weighted_terminal_state_expression_proxy,C1QBP,1.2011159935364903,0.9472111168587318,-0.2539048766777585,0.2539048766777585,2
CellRank_terminal_proxy,Non-responder,CellRank,CellRank†,pre_only_fate_weighted_terminal_state_expression_proxy,C1orf43,1.2785820419996017,1.2003695273098964,-0.0782125146897052,0.0782125146897052,3
CellRank_terminal_proxy,Non-responder,CellRank,CellRank†,pre_only_fate_weighted_terminal_state_expression_proxy,CACYBP,1.4100243456740515,1.1243717225280063,-0.285652623146045,0.285652623146045,4
CellRank_terminal_proxy,Non-responder,CellRank,CellRank†,pre_only_fate_weighted_terminal_state_expression_proxy,CALM2,2.0648020990246443,2.065978573506721,0.0011764744820768,0.0011764744820768,10
CellRank_terminal_proxy,Non-responder,CellRank,CellRank†,pre_only_fate_weighted_terminal_state_expression_proxy,CANX,1.4886602251530374,1.6772721797075858,0.1886119545545483,0.1886119545545483,5
CellRank_terminal_proxy,Non-responder,CellRank,CellRank†,pre_only_fate_weighted_terminal_state_expression_proxy,CAP1,1.8958851077376937,1.6690978093612536,-0.22678729837644,0.22678729837644,9
CellRank_terminal_proxy,Non-responder,CellRank,CellRank†,pre_only_fate_weighted_terminal_state_expression_proxy,CAPG,0.9478319597202302,1.8664862983506951,0.918654338630465,0.918654338630465,1
CellRank_terminal_proxy,Non-responder,CellRank,CellRank†,pre_only_fate_weighted_terminal_state_expression_proxy,CAPZA2,1.3358862510667262,1.646607517901306,0.3107212668345798,0.3107212668345798,3
CellRank_terminal_proxy,Non-responder,CellRank,CellRank†,pre_only_fate_weighted_terminal_state_expression_proxy,CAPZB,1.8962620320468977,1.5748591635706344,-0.3214028684762633,0.3214028684762633,9
CellRank_terminal_proxy,Non-responder,CellRank,CellRank†,pre_only_fate_weighted_terminal_state_expression_proxy,CBLB,1.7108101201762629,0.6648209747180664,-1.0459891454581962,1.0459891454581962,8
CellRank_terminal_proxy,Non-responder,CellRank,CellRank†,pre_only_fate_weighted_terminal_state_expression_proxy,CBX6,1.3361200268525693,0.9044170775314704,-0.431702949321099,0.431702949321099,3
CellRank_terminal_proxy,Non-responder,CellRank,CellRank†,pre_only_fate_weighted_terminal_state_expression_proxy,CCL3,1.1823179446170553,1.7974480920500284,0.6151301474329731,0.6151301474329731,2
CellRank_terminal_proxy,Non-responder,CellRank,CellRank†,pre_only_fate_weighted_terminal_state_expression_proxy,CCL4,1.755040156530982,1.2987234099138485,-0.4563167466171338,0.4563167466171338,8
CellRank_terminal_proxy,Non-responder,CellRank,CellRank†,pre_only_fate_weighted_terminal_state_expression_proxy,CCL4L2,1.1547670069273108,0.8660886221760972,-0.2886783847512136,0.2886783847512136,2
CellRank_terminal_proxy,Non-responder,CellRank,CellRank†,pre_only_fate_weighted_terminal_state_expression_proxy,CCL5,2.1423843841127512,0.1185982506711347,-2.0237861334416163,2.0237861334416163,10
CellRank_terminal_proxy,Non-responder,CellRank,CellRank†,pre_only_fate_weighted_terminal_state_expression_proxy,CCND3,1.5951077365158737,1.04137834149361,-0.5537293950222635,0.5537293950222635,7
CellRank_terminal_proxy,Non-responder,CellRank,CellRank†,pre_only_fate_weighted_terminal_state_expression_proxy,CCNH,1.4460047101661992,1.163620346729327,-0.2823843634368725,0.2823843634368725,5
CellRank_terminal_proxy,Non-responder,CellRank,CellRank†,pre_only_fate_weighted_terminal_state_expression_proxy,CCNL1,1.6419058325727378,1.6468125148290305,0.0049066822562926,0.0049066822562926,7
CellRank_terminal_proxy,Non-responder,CellRank,CellRank†,pre_only_fate_weighted_terminal_state_expression_proxy,CCNL2,1.4043165177553745,1.2176620272087169,-0.1866544905466576,0.1866544905466576,4
CellRank_terminal_proxy,Non-responder,CellRank,CellRank†,pre_only_fate_weighted_terminal_state_expression_proxy,CCR7,0.666452015198954,1.071669041657726,0.4052170264587721,0.4052170264587721,1
CellRank_terminal_proxy,Non-responder,CellRank,CellRank†,pre_only_fate_weighted_terminal_state_expression_proxy,CCT3,1.3805626312410335,1.241141494259267,-0.1394211369817668,0.1394211369817668,4
CellRank_terminal_proxy,Non-responder,CellRank,CellRank†,pre_only_fate_weighted_terminal_state_expression_proxy,CCT4,1.3597349673952952,1.3061236703306842,-0.0536112970646109,0.0536112970646109,4
CellRank_terminal_proxy,Non-responder,CellRank,CellRank†,pre_only_fate_weighted_terminal_state_expression_proxy,CCT6A,1.3458660416320614,1.1501929071100567,-0.1956731345220046,0.1956731345220046,4
CellRank_terminal_proxy,Non-responder,CellRank,CellRank†,pre_only_fate_weighted_terminal_state_expression_proxy,CCT8,1.4153388598996155,1.3045163964183233,-0.1108224634812924,0.1108224634812924,4
CellRank_terminal_proxy,Non-responder,CellRank,CellRank†,pre_only_fate_weighted_terminal_state_expression_proxy,CD164,1.6384338154422948,1.765985839850604,0.1275520244083092,0.1275520244083092,7
CellRank_terminal_proxy,Non-responder,CellRank,CellRank†,pre_only_fate_weighted_terminal_state_expression_proxy,CD2,1.997464436885665,0.0838380566855844,-1.9136263802000808,1.9136263802000808,10
CellRank_terminal_proxy,Non-responder,CellRank,CellRank†,pre_only_fate_weighted_terminal_state_expression_proxy,CD247,1.5462350437927852,0.0122102203883035,-1.5340248234044818,1.5340248234044818,6
CellRank_terminal_proxy,Non-responder,CellRank,CellRank†,pre_only_fate_weighted_terminal_state_expression_proxy,CD27,1.5060720942401724,0.4458558212117334,-1.060216273028439,1.060216273028439,5
CellRank_terminal_proxy,Non-responder,CellRank,CellRank†,pre_only_fate_weighted_terminal_state_expression_proxy,CD37,1.9448903434229063,1.95449660264576,0.0096062592228534,0.0096062592228534,9
CellRank_terminal_proxy,Non-responder,CellRank,CellRank†,pre_only_fate_weighted_terminal_state_expression_proxy,CD38,1.3115023164984876,0.6545679661499485,-0.6569343503485391,0.6569343503485391,3
CellRank_terminal_proxy,Non-responder,CellRank,CellRank†,pre_only_fate_weighted_terminal_state_expression_proxy,CD3D,2.0145771072202194,0.0994412064650969,-1.9151359007551223,1.9151359007551223,10
CellRank_terminal_proxy,Non-responder,CellRank,CellRank†,pre_only_fate_weighted_terminal_state_expression_proxy,CD3E,1.8123486996224765,0.0717045058650146,-1.7406441937574617,1.7406441937574617,9
CellRank_terminal_proxy,Non-responder,CellRank,CellRank†,pre_only_fate_weighted_terminal_state_expression_proxy,CD3G,2.00909855661649,0.0112920807311204,-1.9978064758853693,1.9978064758853693,10
CellRank_terminal_proxy,Non-responder,CellRank,CellRank†,pre_only_fate_weighted_terminal_state_expression_proxy,CD4,1.1888921100141594,0.9962241289637102,-0.1926679810504492,0.1926679810504492,2
CellRank_terminal_proxy,Non-responder,CellRank,CellRank†,pre_only_fate_weighted_terminal_state_expression_proxy,CD47,1.7040542129678953,1.7549736405023708,0.0509194275344755,0.0509194275344755,8
CellRank_terminal_proxy,Non-responder,CellRank,CellRank†,pre_only_fate_weighted_terminal_state_expression_proxy,CD48,1.6472018018034684,1.361972242153204,-0.2852295596502645,0.2852295596502645,7
CellRank_terminal_proxy,Non-responder,CellRank,CellRank†,pre_only_fate_weighted_terminal_state_expression_proxy,CD52,2.053707139947823,1.6066259734303563,-0.4470811665174665,0.4470811665174665,10
CellRank_terminal_proxy,Non-responder,CellRank,CellRank†,pre_only_fate_weighted_terminal_state_expression_proxy,CD53,1.9644292321965893,1.9885430965301936,0.024113864333604,0.024113864333604,10
CellRank_terminal_proxy,Non-responder,CellRank,CellRank†,pre_only_fate_weighted_terminal_state_expression_proxy,CD55,1.3216714658642643,1.8877399349242936,0.5660684690600293,0.5660684690600293,3
CellRank_terminal_proxy,Non-responder,CellRank,CellRank†,pre_only_fate_weighted_terminal_state_expression_proxy,CD63,1.4273447076101873,1.9404864763291043,0.513141768718917,0.513141768718917,4
CellRank_terminal_proxy,Non-responder,CellRank,CellRank†,pre_only_fate_weighted_terminal_state_expression_proxy,CD69,1.8550006450727157,1.4375283939263723,-0.4174722511463429,0.4174722511463429,9
CellRank_terminal_proxy,Non-responder,CellRank,CellRank†,pre_only_fate_weighted_terminal_state_expression_proxy,CD82,1.3566428654105396,1.4944358056124454,0.1377929402019058,0.1377929402019058,4
CellRank_terminal_proxy,Non-responder,CellRank,CellRank†,pre_only_fate_weighted_terminal_state_expression_proxy,CD83,0.8353690072775737,1.902172991685684,1.0668039844081103,1.0668039844081103,1
CellRank_terminal_proxy,Non-responder,CellRank,CellRank†,pre_only_fate_weighted_terminal_state_expression_proxy,CD8A,1.6634825563362845,0.0819530558681391,-1.581529500468145,1.581529500468145,7
CellRank_terminal_proxy,Non-responder,CellRank,CellRank†,pre_only_fate_weighted_terminal_state_expression_proxy,CD96,1.700740566463524,0.0151115668325193,-1.6856289996310048,1.6856289996310048,8
CellRank_terminal_proxy,Non-responder,CellRank,CellRank†,pre_only_fate_weighted_terminal_state_expression_proxy,CD99,1.8398592450278504,1.611404807686024,-0.2284544373418264,0.2284544373418264,9
CellRank_terminal_proxy,Non-responder,CellRank,CellRank†,pre_only_fate_weighted_terminal_state_expression_proxy,CDC37,1.752387676716702,1.5317678035559013,-0.2206198731608006,0.2206198731608006,8
CellRank_terminal_proxy,Non-responder,CellRank,CellRank†,pre_only_fate_weighted_terminal_state_expression_proxy,CDC42SE2,2.0287363122971565,1.186287225249855,-0.8424490870473014,0.8424490870473014,10
CellRank_terminal_proxy,Non-responder,CellRank,CellRank†,pre_only_fate_weighted_terminal_state_expression_proxy,CDK2AP2,1.451348822936562,1.0352393999850869,-0.416109422951475,0.416109422951475,5
CellRank_terminal_proxy,Non-responder,CellRank,CellRank†,pre_only_fate_weighted_terminal_state_expression_proxy,CDKN1A,1.057546645749704,1.913156843523464,0.85561019777376,0.85561019777376,1
CellRank_terminal_proxy,Non-responder,CellRank,CellRank†,pre_only_fate_weighted_terminal_state_expression_proxy,CFLAR,1.8168938568653248,1.5746906913179963,-0.2422031655473284,0.2422031655473284,9
CellRank_terminal_proxy,Non-responder,CellRank,CellRank†,pre_only_fate_weighted_terminal_state_expression_proxy,CHCHD2,1.932069801378542,1.7490563603705238,-0.1830134410080182,0.1830134410080182,9
CellRank_terminal_proxy,Non-responder,CellRank,CellRank†,pre_only_fate_weighted_terminal_state_expression_proxy,CHMP1B,1.0649349945911049,1.4898516290033783,0.4249166344122734,0.4249166344122734,1
CellRank_terminal_proxy,Non-responder,CellRank,CellRank†,pre_only_fate_weighted_terminal_state_expression_proxy,CHMP2A,1.27701890189647,1.2787081624741945,0.0016892605777243,0.0016892605777243,3
CellRank_terminal_proxy,Non-responder,CellRank,CellRank†,pre_only_fate_weighted_terminal_state_expression_proxy,CHORDC1,1.1669691793738726,1.309997090563712,0.1430279111898393,0.1430279111898393,2
CellRank_terminal_proxy,Non-responder,CellRank,CellRank†,pre_only_fate_weighted_terminal_state_expression_proxy,CIRBP,1.841281688035302,1.7770390040499286,-0.0642426839853733,0.0642426839853733,9
CellRank_terminal_proxy,Non-responder,CellRank,CellRank†,pre_only_fate_weighted_terminal_state_expression_proxy,CKLF,1.3686946032872154,1.136985456071416,-0.2317091472157992,0.2317091472157992,4
CellRank_terminal_proxy,Non-responder,CellRank,CellRank†,pre_only_fate_weighted_terminal_state_expression_proxy,CKS2,1.08746587336688,1.0029963510010254,-0.0844695223658547,0.0844695223658547,1
CellRank_terminal_proxy,Non-responder,CellRank,CellRank†,pre_only_fate_weighted_terminal_state_expression_proxy,CLDND1,1.3862890309839366,1.195766178539439,-0.1905228524444979,0.1905228524444979,4
CellRank_terminal_proxy,Non-responder,CellRank,CellRank†,pre_only_fate_weighted_terminal_state_expression_proxy,CLEC2D,1.85634539062619,1.0143175776321656,-0.8420278129940244,0.8420278129940244,9
CellRank_terminal_proxy,Non-responder,CellRank,CellRank†,pre_only_fate_weighted_terminal_state_expression_proxy,CLIC1,2.102572083082861,2.050608012815038,-0.051964070267823,0.051964070267823,10
CellRank_terminal_proxy,Non-responder,CellRank,CellRank†,pre_only_fate_weighted_terminal_state_expression_proxy,CLK1,2.043576172421864,1.8376683271416427,-0.205907845280221,0.205907845280221,10
CellRank_terminal_proxy,Non-responder,CellRank,CellRank†,pre_only_fate_weighted_terminal_state_expression_proxy,CLNS1A,1.278239828680334,0.9429159817617836,-0.3353238469185503,0.3353238469185503,3
CellRank_terminal_proxy,Non-responder,CellRank,CellRank†,pre_only_fate_weighted_terminal_state_expression_proxy,CLTA,1.2603181496416838,1.480169727016093,0.2198515773744092,0.2198515773744092,3
CellRank_terminal_proxy,Non-responder,CellRank,CellRank†,pre_only_fate_weighted_terminal_state_expression_proxy,CMTM6,1.293554151379218,1.4847990436136005,0.1912448922343825,0.1912448922343825,3
CellRank_terminal_proxy,Non-responder,CellRank,CellRank†,pre_only_fate_weighted_terminal_state_expression_proxy,CNBP,2.0607897302280964,2.0343519737387337,-0.0264377564893627,0.0264377564893627,10
CellRank_terminal_proxy,Non-responder,CellRank,CellRank†,pre_only_fate_weighted_terminal_state_expression_proxy,CNDP2,1.1787797827145807,1.236156667445268,0.0573768847306872,0.0573768847306872,2
CellRank_terminal_proxy,Non-responder,CellRank,CellRank†,pre_only_fate_weighted_terminal_state_expression_proxy,CNN2,1.862100174680196,1.2836961533018347,-0.578404021378361,0.578404021378361,9
CellRank_terminal_proxy,Non-responder,CellRank,CellRank†,pre_only_fate_weighted_terminal_state_expression_proxy,CNOT2,1.620626453369486,1.308289157739672,-0.3123372956298138,0.3123372956298138,7
CellRank_terminal_proxy,Non-responder,CellRank,CellRank†,pre_only_fate_weighted_terminal_state_expression_proxy,CNPY3,1.2934802259590257,1.508302440421503,0.2148222144624776,0.2148222144624776,3
CellRank_terminal_proxy,Non-responder,CellRank,CellRank†,pre_only_fate_weighted_terminal_state_expression_proxy,COMMD6,1.507015445465972,1.432689316625489,-0.0743261288404828,0.0743261288404828,5
CellRank_terminal_proxy,Non-responder,CellRank,CellRank†,pre_only_fate_weighted_terminal_state_expression_proxy,COPE,1.7312144517967794,1.6006703233116013,-0.130544128485178,0.130544128485178,8
CellRank_terminal_proxy,Non-responder,CellRank,CellRank†,pre_only_fate_weighted_terminal_state_expression_proxy,COPZ1,1.3437055507276312,1.277838521375295,-0.0658670293523362,0.0658670293523362,4
CellRank_terminal_proxy,Non-responder,CellRank,CellRank†,pre_only_fate_weighted_terminal_state_expression_proxy,CORO7,1.31489012101686,1.1667114184225744,-0.1481787025942855,0.1481787025942855,3
CellRank_terminal_proxy,Non-responder,CellRank,CellRank†,pre_only_fate_weighted_terminal_state_expression_proxy,COTL1,2.0160072256480985,1.516203259503081,-0.4998039661450175,0.4998039661450175,10
CellRank_terminal_proxy,Non-responder,CellRank,CellRank†,pre_only_fate_weighted_terminal_state_expression_proxy,COX5A,1.5155037749102367,1.4059382705614094,-0.1095655043488272,0.1095655043488272,6
CellRank_terminal_proxy,Non-responder,CellRank,CellRank†,pre_only_fate_weighted_terminal_state_expression_proxy,COX5B,1.564146113960141,1.5629111476719528,-0.001234966288188,0.001234966288188,6
CellRank_terminal_proxy,Non-responder,CellRank,CellRank†,pre_only_fate_weighted_terminal_state_expression_proxy,COX6A1,1.6199614858479343,1.6830075416102186,0.0630460557622842,0.0630460557622842,7
CellRank_terminal_proxy,Non-responder,CellRank,CellRank†,pre_only_fate_weighted_terminal_state_expression_proxy,COX6B1,1.512738201218926,1.553926401816592,0.0411882005976658,0.0411882005976658,6
CellRank_terminal_proxy,Non-responder,CellRank,CellRank†,pre_only_fate_weighted_terminal_state_expression_proxy,COX6C,1.5428681936383966,1.280832768282172,-0.2620354253562245,0.2620354253562245,6
CellRank_terminal_proxy,Non-responder,CellRank,CellRank†,pre_only_fate_weighted_terminal_state_expression_proxy,COX7A2,1.5972238243057455,1.3473934342743892,-0.2498303900313563,0.2498303900313563,7
CellRank_terminal_proxy,Non-responder,CellRank,CellRank†,pre_only_fate_weighted_terminal_state_expression_proxy,COX7A2L,1.3488065187693203,1.0258094331553107,-0.3229970856140096,0.3229970856140096,4
CellRank_terminal_proxy,Non-responder,CellRank,CellRank†,pre_only_fate_weighted_terminal_state_expression_proxy,COX7C,1.8022204295693256,1.4989852294796349,-0.3032352000896909,0.3032352000896909,8
CellRank_terminal_proxy,Non-responder,CellRank,CellRank†,pre_only_fate_weighted_terminal_state_expression_proxy,COX8A,1.650076865766728,1.3380884981736794,-0.3119883675930486,0.3119883675930486,7
CellRank_terminal_proxy,Non-responder,CellRank,CellRank†,pre_only_fate_weighted_terminal_state_expression_proxy,CREM,1.563685919151938,1.5102224135089657,-0.0534635056429722,0.0534635056429722,6
CellRank_terminal_proxy,Non-responder,CellRank,CellRank†,pre_only_fate_weighted_terminal_state_expression_proxy,CRIP1,1.7998105464336385,1.2535839220577885,-0.54622662437585,0.54622662437585,8
CellRank_terminal_proxy,Non-responder,CellRank,CellRank†,pre_only_fate_weighted_terminal_state_expression_proxy,CSNK1A1,1.6853028409174895,1.5263067641515582,-0.1589960767659315,0.1589960767659315,8
CellRank_terminal_proxy,Non-responder,CellRank,CellRank†,pre_only_fate_weighted_terminal_state_expression_proxy,CSNK2B,1.5597480282157985,1.440090341446384,-0.1196576867694145,0.1196576867694145,6
CellRank_terminal_proxy,Non-responder,CellRank,CellRank†,pre_only_fate_weighted_terminal_state_expression_proxy,CSRNP1,1.1314574089871292,1.1671370974552724,0.0356796884681431,0.0356796884681431,1
CellRank_terminal_proxy,Non-responder,CellRank,CellRank†,pre_only_fate_weighted_terminal_state_expression_proxy,CST7,1.954075691103336,0.0093387912180987,-1.9447368998852368,1.9447368998852368,9
CellRank_terminal_proxy,Non-responder,CellRank,CellRank†,pre_only_fate_weighted_terminal_state_expression_proxy,CSTB,1.2488774499477393,1.495537241399998,0.2466597914522588,0.2466597914522588,3
CellRank_terminal_proxy,Non-responder,CellRank,CellRank†,pre_only_fate_weighted_terminal_state_expression_proxy,CTC-425F1.4,1.8746919680171368,2.033074900475926,0.1583829324587886,0.1583829324587886,9
CellRank_terminal_proxy,Non-responder,CellRank,CellRank†,pre_only_fate_weighted_terminal_state_expression_proxy,CTSA,1.2111931137285028,1.6686758107022008,0.457482696973698,0.457482696973698,2
CellRank_terminal_proxy,Non-responder,CellRank,CellRank†,pre_only_fate_weighted_terminal_state_expression_proxy,CTSB,1.646555866306154,2.236530343221531,0.5899744769153767,0.5899744769153767,7
CellRank_terminal_proxy,Non-responder,CellRank,CellRank†,pre_only_fate_weighted_terminal_state_expression_proxy,CTSC,1.5621875827115224,1.549611793971736,-0.0125757887397863,0.0125757887397863,6
CellRank_terminal_proxy,Non-responder,CellRank,CellRank†,pre_only_fate_weighted_terminal_state_expression_proxy,CTSD,1.7399804004229904,1.8904324419734615,0.1504520415504713,0.1504520415504713,8
CellRank_terminal_proxy,Non-responder,CellRank,CellRank†,pre_only_fate_weighted_terminal_state_expression_proxy,CTSS,1.481400889265983,2.018379381985436,0.5369784927194527,0.5369784927194527,5
CellRank_terminal_proxy,Non-responder,CellRank,CellRank†,pre_only_fate_weighted_terminal_state_expression_proxy,CTSW,1.5499455575721246,0.1086626493686193,-1.4412829082035052,1.4412829082035052,6
CellRank_terminal_proxy,Non-responder,CellRank,CellRank†,pre_only_fate_weighted_terminal_state_expression_proxy,CXCL13,0.981963848209469,0.0045194458448094,-0.9774444023646596,0.9774444023646596,1
CellRank_terminal_proxy,Non-responder,CellRank,CellRank†,pre_only_fate_weighted_terminal_state_expression_proxy,CXCR3,1.3801612988981324,0.383783334033063,-0.9963779648650696,0.9963779648650696,4
CellRank_terminal_proxy,Non-responder,CellRank,CellRank†,pre_only_fate_weighted_terminal_state_expression_proxy,CYBA,1.318270684367877,1.5222697257555469,0.2039990413876697,0.2039990413876697,3
CellRank_terminal_proxy,Non-responder,CellRank,CellRank†,pre_only_fate_weighted_terminal_state_expression_proxy,CYC1,1.1895542451716143,0.996251614760156,-0.1933026304114583,0.1933026304114583,2
CellRank_terminal_proxy,Non-responder,CellRank,CellRank†,pre_only_fate_weighted_terminal_state_expression_proxy,CYCS,1.5081391974122758,1.389175095823358,-0.1189641015889177,0.1189641015889177,5
CellRank_terminal_proxy,Non-responder,CellRank,CellRank†,pre_only_fate_weighted_terminal_state_expression_proxy,CYFIP2,1.516108930393088,0.6853827579578491,-0.8307261724352388,0.8307261724352388,6
CellRank_terminal_proxy,Non-responder,CellRank,CellRank†,pre_only_fate_weighted_terminal_state_expression_proxy,CYTH4,1.1642934524033048,1.6206058380467194,0.4563123856434146,0.4563123856434146,2
CellRank_terminal_proxy,Non-responder,CellRank,CellRank†,pre_only_fate_weighted_terminal_state_expression_proxy,CYTIP,1.8698081078577669,1.8400096191517152,-0.0297984887060516,0.0297984887060516,9
CellRank_terminal_proxy,Non-responder,CellRank,CellRank†,pre_only_fate_weighted_terminal_state_expression_proxy,DAD1,1.4586080976598914,1.6385941151578958,0.1799860174980043,0.1799860174980043,5
CellRank_terminal_proxy,Non-responder,CellRank,CellRank†,pre_only_fate_weighted_terminal_state_expression_proxy,DAZAP2,2.0775360771016893,2.062063297518748,-0.0154727795829416,0.0154727795829416,10
CellRank_terminal_proxy,Non-responder,CellRank,CellRank†,pre_only_fate_weighted_terminal_state_expression_proxy,DBI,1.4143121864527393,1.4594224431113718,0.0451102566586325,0.0451102566586325,4
CellRank_terminal_proxy,Non-responder,CellRank,CellRank†,pre_only_fate_weighted_terminal_state_expression_proxy,DBNL,1.3953874502345396,1.4245808657341028,0.0291934154995632,0.0291934154995632,4
CellRank_terminal_proxy,Non-responder,CellRank,CellRank†,pre_only_fate_weighted_terminal_state_expression_proxy,DCXR,1.2878303218736251,1.15603715871383,-0.131793163159795,0.131793163159795,3
CellRank_terminal_proxy,Non-responder,CellRank,CellRank†,pre_only_fate_weighted_terminal_state_expression_proxy,DDIT3,0.9416234892218704,1.5754381952203758,0.6338147059985053,0.6338147059985053,1
CellRank_terminal_proxy,Non-responder,CellRank,CellRank†,pre_only_fate_weighted_terminal_state_expression_proxy,DDIT4,1.8780901366103668,1.8735375794098552,-0.0045525572005116,0.0045525572005116,9
CellRank_terminal_proxy,Non-responder,CellRank,CellRank†,pre_only_fate_weighted_terminal_state_expression_proxy,DDOST,1.622080807475121,1.6290658183552278,0.0069850108801068,0.0069850108801068,7
CellRank_terminal_proxy,Non-responder,CellRank,CellRank†,pre_only_fate_weighted_terminal_state_expression_proxy,DDX24,1.5433275130891628,1.061489411166387,-0.4818381019227757,0.4818381019227757,6
CellRank_terminal_proxy,Non-responder,CellRank,CellRank†,pre_only_fate_weighted_terminal_state_expression_proxy,DDX3Y,0.8654989063827727,1.363669202117216,0.4981702957344431,0.4981702957344431,1
CellRank_terminal_proxy,Non-responder,CellRank,CellRank†,pre_only_fate_weighted_terminal_state_expression_proxy,DDX6,1.7223433986684438,1.3608038396129305,-0.3615395590555135,0.3615395590555135,8
CellRank_terminal_proxy,Non-responder,CellRank,CellRank†,pre_only_fate_weighted_terminal_state_expression_proxy,DENND2D,1.5270736177676405,0.9755493666699384,-0.5515242510977018,0.5515242510977018,6
CellRank_terminal_proxy,Non-responder,CellRank,CellRank†,pre_only_fate_weighted_terminal_state_expression_proxy,DHRS7,1.3246988319653472,1.1325439906946342,-0.192154841270713,0.192154841270713,3
CellRank_terminal_proxy,Non-responder,CellRank,CellRank†,pre_only_fate_weighted_terminal_state_expression_proxy,DNAJA1,1.9058192481398013,1.7979559880842817,-0.1078632600555198,0.1078632600555198,9
CellRank_terminal_proxy,Non-responder,CellRank,CellRank†,pre_only_fate_weighted_terminal_state_expression_proxy,DNAJB1,2.0637711442950364,1.95059901619202,-0.1131721281030164,0.1131721281030164,10
CellRank_terminal_proxy,Non-responder,CellRank,CellRank†,pre_only_fate_weighted_terminal_state_expression_proxy,DNAJB11,1.3690467782603268,1.4691681563227366,0.1001213780624097,0.1001213780624097,4
CellRank_terminal_proxy,Non-responder,CellRank,CellRank†,pre_only_fate_weighted_terminal_state_expression_proxy,DNAJB6,1.5548222479572118,1.4553958981734116,-0.0994263497838001,0.0994263497838001,6
CellRank_terminal_proxy,Non-responder,CellRank,CellRank†,pre_only_fate_weighted_terminal_state_expression_proxy,DNAJC4,0.9808468872081232,1.0861057556413476,0.1052588684332245,0.1052588684332245,1
CellRank_terminal_proxy,Non-responder,CellRank,CellRank†,pre_only_fate_weighted_terminal_state_expression_proxy,DNAJC7,1.2390304332209547,1.4594184724533787,0.220388039232424,0.220388039232424,2
CellRank_terminal_proxy,Non-responder,CellRank,CellRank†,pre_only_fate_weighted_terminal_state_expression_proxy,DOK2,1.453611658873144,1.246489882430551,-0.207121776442593,0.207121776442593,5
CellRank_terminal_proxy,Non-responder,CellRank,CellRank†,pre_only_fate_weighted_terminal_state_expression_proxy,DPP7,1.4991280639092197,1.2990613208990844,-0.200066743010135,0.200066743010135,5
CellRank_terminal_proxy,Non-responder,CellRank,CellRank†,pre_only_fate_weighted_terminal_state_expression_proxy,DSTN,1.0283764914382425,1.0991515889627796,0.0707750975245371,0.0707750975245371,1
CellRank_terminal_proxy,Non-responder,CellRank,CellRank†,pre_only_fate_weighted_terminal_state_expression_proxy,DUSP1,2.1772901518455723,2.1785278085867983,0.001237656741226,0.001237656741226,10
CellRank_terminal_proxy,Non-responder,CellRank,CellRank†,pre_only_fate_weighted_terminal_state_expression_proxy,DUSP2,2.017237846397788,1.1346795810893946,-0.882558265308393,0.882558265308393,10
CellRank_terminal_proxy,Non-responder,CellRank,CellRank†,pre_only_fate_weighted_terminal_state_expression_proxy,DUSP4,1.481217324303338,1.0396194687303737,-0.4415978555729645,0.4415978555729645,5
CellRank_terminal_proxy,Non-responder,CellRank,CellRank†,pre_only_fate_weighted_terminal_state_expression_proxy,DYNLL1,1.3635151145917908,1.3675404033565706,0.0040252887647798,0.0040252887647798,4
CellRank_terminal_proxy,Non-responder,CellRank,CellRank†,pre_only_fate_weighted_terminal_state_expression_proxy,DYNLRB1,1.261933343932242,1.2789492112528704,0.0170158673206284,0.0170158673206284,3
CellRank_terminal_proxy,Non-responder,CellRank,CellRank†,pre_only_fate_weighted_terminal_state_expression_proxy,ECH1,1.5706334504613753,1.3987243254835515,-0.1719091249778237,0.1719091249778237,6
CellRank_terminal_proxy,Non-responder,CellRank,CellRank†,pre_only_fate_weighted_terminal_state_expression_proxy,EDEM1,1.165145820855401,1.3684447783203195,0.2032989574649184,0.2032989574649184,2
CellRank_terminal_proxy,Non-responder,CellRank,CellRank†,pre_only_fate_weighted_terminal_state_expression_proxy,EDF1,1.8472401959689129,1.6588858834217592,-0.1883543125471534,0.1883543125471534,9
CellRank_terminal_proxy,Non-responder,CellRank,CellRank†,pre_only_fate_weighted_terminal_state_expression_proxy,EEF1B2,2.063970609153694,1.8737024024316629,-0.1902682067220311,0.1902682067220311,10
CellRank_terminal_proxy,Non-responder,CellRank,CellRank†,pre_only_fate_weighted_terminal_state_expression_proxy,EGR1,0.9971646102321962,1.978795306322412,0.9816306960902158,0.9816306960902158,1
CellRank_terminal_proxy,Non-responder,CellRank,CellRank†,pre_only_fate_weighted_terminal_state_expression_proxy,EIF2A,1.181526135012323,0.7848720893978672,-0.3966540456144557,0.3966540456144557,2
CellRank_terminal_proxy,Non-responder,CellRank,CellRank†,pre_only_fate_weighted_terminal_state_expression_proxy,EIF3C,1.5903059791268932,1.1464195010852227,-0.4438864780416705,0.4438864780416705,6
CellRank_terminal_proxy,Non-responder,CellRank,CellRank†,pre_only_fate_weighted_terminal_state_expression_proxy,EIF3D,1.531608955954758,1.5821361315285756,0.0505271755738176,0.0505271755738176,6
CellRank_terminal_proxy,Non-responder,CellRank,CellRank†,pre_only_fate_weighted_terminal_state_expression_proxy,EIF3E,1.7397054624441612,1.7015592237657806,-0.0381462386783806,0.0381462386783806,8
CellRank_terminal_proxy,Non-responder,CellRank,CellRank†,pre_only_fate_weighted_terminal_state_expression_proxy,EIF3F,1.8072269167177424,1.416544735182348,-0.3906821815353944,0.3906821815353944,9
CellRank_terminal_proxy,Non-responder,CellRank,CellRank†,pre_only_fate_weighted_terminal_state_expression_proxy,EIF3G,1.7431693443549487,1.5105221806168834,-0.2326471637380653,0.2326471637380653,8
CellRank_terminal_proxy,Non-responder,CellRank,CellRank†,pre_only_fate_weighted_terminal_state_expression_proxy,EIF3H,1.7443058972155572,1.373380959943842,-0.3709249372717151,0.3709249372717151,8
CellRank_terminal_proxy,Non-responder,CellRank,CellRank†,pre_only_fate_weighted_terminal_state_expression_proxy,EIF3K,1.819002148104692,1.458674101489084,-0.360328046615608,0.360328046615608,9
CellRank_terminal_proxy,Non-responder,CellRank,CellRank†,pre_only_fate_weighted_terminal_state_expression_proxy,EIF3L,1.743044092552545,1.3869356119134804,-0.3561084806390646,0.3561084806390646,8
CellRank_terminal_proxy,Non-responder,CellRank,CellRank†,pre_only_fate_weighted_terminal_state_expression_proxy,EIF3M,1.5284890973239624,1.274524674088123,-0.2539644232358393,0.2539644232358393,6
CellRank_terminal_proxy,Non-responder,CellRank,CellRank†,pre_only_fate_weighted_terminal_state_expression_proxy,EIF4A1,2.060025004329868,2.069688617482744,0.0096636131528762,0.0096636131528762,10
CellRank_terminal_proxy,Non-responder,CellRank,CellRank†,pre_only_fate_weighted_terminal_state_expression_proxy,EIF4A2,2.0238893646203606,1.9909486806602297,-0.0329406839601309,0.0329406839601309,10
CellRank_terminal_proxy,Non-responder,CellRank,CellRank†,pre_only_fate_weighted_terminal_state_expression_proxy,EIF4A3,1.335403788677184,1.557007382508794,0.2216035938316101,0.2216035938316101,3
CellRank_terminal_proxy,Non-responder,CellRank,CellRank†,pre_only_fate_weighted_terminal_state_expression_proxy,EIF4H,1.6277486178247598,1.6086043502039773,-0.0191442676207824,0.0191442676207824,7
CellRank_terminal_proxy,Non-responder,CellRank,CellRank†,pre_only_fate_weighted_terminal_state_expression_proxy,EIF5,1.6722909879471273,1.952574994636888,0.2802840066897603,0.2802840066897603,7
CellRank_terminal_proxy,Non-responder,CellRank,CellRank†,pre_only_fate_weighted_terminal_state_expression_proxy,ELMO1,1.3930428060902829,0.950748608661697,-0.4422941974285859,0.4422941974285859,4
CellRank_terminal_proxy,Non-responder,CellRank,CellRank†,pre_only_fate_weighted_terminal_state_expression_proxy,EMB,1.652911582216781,0.9756725379244692,-0.6772390442923119,0.6772390442923119,7
CellRank_terminal_proxy,Non-responder,CellRank,CellRank†,pre_only_fate_weighted_terminal_state_expression_proxy,EMC4,1.2715623530686,1.3700815579980326,0.0985192049294325,0.0985192049294325,3
CellRank_terminal_proxy,Non-responder,CellRank,CellRank†,pre_only_fate_weighted_terminal_state_expression_proxy,EMP3,1.691004263164145,1.8706017574964449,0.1795974943322995,0.1795974943322995,8
CellRank_terminal_proxy,Non-responder,CellRank,CellRank†,pre_only_fate_weighted_terminal_state_expression_proxy,ENO1,2.0886770176108693,1.9930173084210765,-0.0956597091897928,0.0956597091897928,10
CellRank_terminal_proxy,Non-responder,CellRank,CellRank†,pre_only_fate_weighted_terminal_state_expression_proxy,ENY2,1.0814118239316457,0.9833690200258276,-0.0980428039058182,0.0980428039058182,1
CellRank_terminal_proxy,Non-responder,CellRank,CellRank†,pre_only_fate_weighted_terminal_state_expression_proxy,EPSTI1,1.2098591767723874,1.462458196511756,0.2525990197393686,0.2525990197393686,2
CellRank_terminal_proxy,Non-responder,CellRank,CellRank†,pre_only_fate_weighted_terminal_state_expression_proxy,ERCC1,1.04458320066581,1.157973751378065,0.113390550712255,0.113390550712255,1
CellRank_terminal_proxy,Non-responder,CellRank,CellRank†,pre_only_fate_weighted_terminal_state_expression_proxy,ERGIC3,1.3345046603891255,1.2935029259362765,-0.041001734452849,0.041001734452849,3
CellRank_terminal_proxy,Non-responder,CellRank,CellRank†,pre_only_fate_weighted_terminal_state_expression_proxy,ERP29,1.4409965482270506,1.258400587415424,-0.1825959608116265,0.1825959608116265,5
CellRank_terminal_proxy,Non-responder,CellRank,CellRank†,pre_only_fate_weighted_terminal_state_expression_proxy,ETF1,1.2611237872233592,1.2882484259670277,0.0271246387436683,0.0271246387436683,3
CellRank_terminal_proxy,Non-responder,CellRank,CellRank†,pre_only_fate_weighted_terminal_state_expression_proxy,EVI2B,1.621382525928017,1.5740494250435255,-0.0473331008844915,0.0473331008844915,7
CellRank_terminal_proxy,Non-responder,CellRank,CellRank†,pre_only_fate_weighted_terminal_state_expression_proxy,EVL,1.7932996840101425,0.7151385674159468,-1.0781611165941951,1.0781611165941951,8
CellRank_terminal_proxy,Non-responder,CellRank,CellRank†,pre_only_fate_weighted_terminal_state_expression_proxy,EWSR1,1.731839683437365,1.5512076820077885,-0.1806320014295765,0.1806320014295765,8
CellRank_terminal_proxy,Non-responder,CellRank,CellRank†,pre_only_fate_weighted_terminal_state_expression_proxy,EXOC4,1.2151545818785678,1.4198278686472168,0.2046732867686489,0.2046732867686489,2
CellRank_terminal_proxy,Non-responder,CellRank,CellRank†,pre_only_fate_weighted_terminal_state_expression_proxy,FAM177A1,1.1713230451764165,0.7277149574975056,-0.4436080876789109,0.4436080876789109,2
CellRank_terminal_proxy,Non-responder,CellRank,CellRank†,pre_only_fate_weighted_terminal_state_expression_proxy,FERMT3,1.4770571020949224,1.457624364968173,-0.0194327371267493,0.0194327371267493,5
CellRank_terminal_proxy,Non-responder,CellRank,CellRank†,pre_only_fate_weighted_terminal_state_expression_proxy,FKBP1A,1.7103482136340913,1.6301340601721923,-0.0802141534618989,0.0802141534618989,8
CellRank_terminal_proxy,Non-responder,CellRank,CellRank†,pre_only_fate_weighted_terminal_state_expression_proxy,FLII,1.4991561964133342,1.249322799575783,-0.2498333968375512,0.2498333968375512,5
CellRank_terminal_proxy,Non-responder,CellRank,CellRank†,pre_only_fate_weighted_terminal_state_expression_proxy,FLNA,1.800794137770035,1.6274454864263197,-0.1733486513437152,0.1733486513437152,8
CellRank_terminal_proxy,Non-responder,CellRank,CellRank†,pre_only_fate_weighted_terminal_state_expression_proxy,FLOT1,1.014747447190247,1.7961188165529751,0.7813713693627282,0.7813713693627282,1
CellRank_terminal_proxy,Non-responder,CellRank,CellRank†,pre_only_fate_weighted_terminal_state_expression_proxy,FOS,2.069320156377489,2.375214899829899,0.3058947434524102,0.3058947434524102,10
CellRank_terminal_proxy,Non-responder,CellRank,CellRank†,pre_only_fate_weighted_terminal_state_expression_proxy,FOSB,1.679846333624791,1.947008787903532,0.2671624542787407,0.2671624542787407,7
CellRank_terminal_proxy,Non-responder,CellRank,CellRank†,pre_only_fate_weighted_terminal_state_expression_proxy,FOSL2,1.2311201076615683,1.284949276531559,0.0538291688699907,0.0538291688699907,2
CellRank_terminal_proxy,Non-responder,CellRank,CellRank†,pre_only_fate_weighted_terminal_state_expression_proxy,FUS,1.8898582113411324,1.7549653888157613,-0.1348928225253711,0.1348928225253711,9
CellRank_terminal_proxy,Non-responder,CellRank,CellRank†,pre_only_fate_weighted_terminal_state_expression_proxy,FXYD5,1.9118175967662052,1.969028695478564,0.0572110987123581,0.0572110987123581,9
CellRank_terminal_proxy,Non-responder,CellRank,CellRank†,pre_only_fate_weighted_terminal_state_expression_proxy,FYN,1.858553601370063,0.3462052289744481,-1.5123483723956148,1.5123483723956148,9
CellRank_terminal_proxy,Non-responder,CellRank,CellRank†,pre_only_fate_weighted_terminal_state_expression_proxy,FYTTD1,1.067684696370546,1.027952060832758,-0.0397326355377878,0.0397326355377878,1
CellRank_terminal_proxy,Non-responder,CellRank,CellRank†,pre_only_fate_weighted_terminal_state_expression_proxy,GABARAP,1.9510803854264245,2.180169176443125,0.2290887910167003,0.2290887910167003,9
CellRank_terminal_proxy,Non-responder,CellRank,CellRank†,pre_only_fate_weighted_terminal_state_expression_proxy,GABARAPL2,1.3905394186342503,1.4263958372158303,0.0358564185815799,0.0358564185815799,4
CellRank_terminal_proxy,Non-responder,CellRank,CellRank†,pre_only_fate_weighted_terminal_state_expression_proxy,GADD45B,1.2111901412957673,1.7253708754707648,0.5141807341749975,0.5141807341749975,2
CellRank_terminal_proxy,Non-responder,CellRank,CellRank†,pre_only_fate_weighted_terminal_state_expression_proxy,GAS5,1.8855006397662264,1.9007070673947,0.0152064276284737,0.0152064276284737,9
CellRank_terminal_proxy,Non-responder,CellRank,CellRank†,pre_only_fate_weighted_terminal_state_expression_proxy,GBP2,1.686571163683213,0.9234814784286928,-0.7630896852545201,0.7630896852545201,8
CellRank_terminal_proxy,Non-responder,CellRank,CellRank†,pre_only_fate_weighted_terminal_state_expression_proxy,GDI2,1.5433584851813384,1.4487838337408157,-0.0945746514405228,0.0945746514405228,6
CellRank_terminal_proxy,Non-responder,CellRank,CellRank†,pre_only_fate_weighted_terminal_state_expression_proxy,GHITM,1.4786631913669033,1.127226401792215,-0.3514367895746884,0.3514367895746884,5
CellRank_terminal_proxy,Non-responder,CellRank,CellRank†,pre_only_fate_weighted_terminal_state_expression_proxy,GIMAP4,1.5718944812497169,0.9341242233860808,-0.6377702578636361,0.6377702578636361,6
CellRank_terminal_proxy,Non-responder,CellRank,CellRank†,pre_only_fate_weighted_terminal_state_expression_proxy,GIMAP5,1.345448738307522,0.6696937858496286,-0.6757549524578934,0.6757549524578934,4
CellRank_terminal_proxy,Non-responder,CellRank,CellRank†,pre_only_fate_weighted_terminal_state_expression_proxy,GIMAP7,1.4896832183014994,0.3560792425083993,-1.1336039757931,1.1336039757931,5
CellRank_terminal_proxy,Non-responder,CellRank,CellRank†,pre_only_fate_weighted_terminal_state_expression_proxy,GLIPR1,1.278164134614248,1.2938238947186178,0.0156597601043697,0.0156597601043697,3
CellRank_terminal_proxy,Non-responder,CellRank,CellRank†,pre_only_fate_weighted_terminal_state_expression_proxy,GMFG,1.6045539622515703,1.134539435494489,-0.470014526757081,0.470014526757081,7
CellRank_terminal_proxy,Non-responder,CellRank,CellRank†,pre_only_fate_weighted_terminal_state_expression_proxy,GNAS,1.9677959773449727,2.0107814132237163,0.0429854358787431,0.0429854358787431,10
CellRank_terminal_proxy,Non-responder,CellRank,CellRank†,pre_only_fate_weighted_terminal_state_expression_proxy,GNG2,1.6502519232334072,0.7047031891385642,-0.945548734094843,0.945548734094843,7
CellRank_terminal_proxy,Non-responder,CellRank,CellRank†,pre_only_fate_weighted_terminal_state_expression_proxy,GNG5,1.555155859972189,1.6338885682337452,0.0787327082615561,0.0787327082615561,6
CellRank_terminal_proxy,Non-responder,CellRank,CellRank†,pre_only_fate_weighted_terminal_state_expression_proxy,GNLY,0.941058428015562,0.0289099271605055,-0.9121485008550564,0.9121485008550564,1
CellRank_terminal_proxy,Non-responder,CellRank,CellRank†,pre_only_fate_weighted_terminal_state_expression_proxy,GPI,1.7736383911748996,1.731192517921354,-0.0424458732535455,0.0424458732535455,8
CellRank_terminal_proxy,Non-responder,CellRank,CellRank†,pre_only_fate_weighted_terminal_state_expression_proxy,GPR183,1.1233237228716648,1.7399712107558087,0.6166474878841439,0.6166474878841439,1
CellRank_terminal_proxy,Non-responder,CellRank,CellRank†,pre_only_fate_weighted_terminal_state_expression_proxy,GPR65,1.0069835419412123,0.8589436842730116,-0.1480398576682007,0.1480398576682007,1
CellRank_terminal_proxy,Non-responder,CellRank,CellRank†,pre_only_fate_weighted_terminal_state_expression_proxy,GPX1,1.252552301453222,1.862960120792492,0.6104078193392697,0.6104078193392697,3
CellRank_terminal_proxy,Non-responder,CellRank,CellRank†,pre_only_fate_weighted_terminal_state_expression_proxy,GPX4,1.5333080154767638,1.9072715496894936,0.3739635342127299,0.3739635342127299,6
CellRank_terminal_proxy,Non-responder,CellRank,CellRank†,pre_only_fate_weighted_terminal_state_expression_proxy,GRB2,1.6003504580586958,2.054500417134045,0.4541499590753497,0.4541499590753497,7
CellRank_terminal_proxy,Non-responder,CellRank,CellRank†,pre_only_fate_weighted_terminal_state_expression_proxy,GRN,1.078302639111799,2.125549321966908,1.0472466828551088,1.0472466828551088,1
CellRank_terminal_proxy,Non-responder,CellRank,CellRank†,pre_only_fate_weighted_terminal_state_expression_proxy,GRSF1,1.0806466645585944,0.693048900485568,-0.3875977640730264,0.3875977640730264,1
CellRank_terminal_proxy,Non-responder,CellRank,CellRank†,pre_only_fate_weighted_terminal_state_expression_proxy,GSTK1,1.866875430247939,1.648382145209699,-0.2184932850382397,0.2184932850382397,9
CellRank_terminal_proxy,Non-responder,CellRank,CellRank†,pre_only_fate_weighted_terminal_state_expression_proxy,GSTO1,1.1948635501761418,1.6572725932267964,0.4624090430506546,0.4624090430506546,2
CellRank_terminal_proxy,Non-responder,CellRank,CellRank†,pre_only_fate_weighted_terminal_state_expression_proxy,GSTP1,1.5760898211912795,1.7328963463018638,0.1568065251105843,0.1568065251105843,6
CellRank_terminal_proxy,Non-responder,CellRank,CellRank†,pre_only_fate_weighted_terminal_state_expression_proxy,GTF3A,1.567552601831058,1.29028514177966,-0.2772674600513978,0.2772674600513978,6
CellRank_terminal_proxy,Non-responder,CellRank,CellRank†,pre_only_fate_weighted_terminal_state_expression_proxy,GUK1,1.9014084308259904,1.6652555864904195,-0.2361528443355705,0.2361528443355705,9
CellRank_terminal_proxy,Non-responder,CellRank,CellRank†,pre_only_fate_weighted_terminal_state_expression_proxy,GZMA,1.81379691427784,0.0567311104336399,-1.7570658038442,1.7570658038442,9
CellRank_terminal_proxy,Non-responder,CellRank,CellRank†,pre_only_fate_weighted_terminal_state_expression_proxy,GZMB,1.4901658463350955,0.5700825841757945,-0.9200832621593013,0.9200832621593013,5
CellRank_terminal_proxy,Non-responder,CellRank,CellRank†,pre_only_fate_weighted_terminal_state_expression_proxy,GZMH,1.4638494653005345,0.1539593020158987,-1.3098901632846358,1.3098901632846358,5
CellRank_terminal_proxy,Non-responder,CellRank,CellRank†,pre_only_fate_weighted_terminal_state_expression_proxy,GZMK,1.494481653236881,0.0,-1.494481653236881,1.494481653236881,5
CellRank_terminal_proxy,Non-responder,CellRank,CellRank†,pre_only_fate_weighted_terminal_state_expression_proxy,HAVCR2,1.2830593478158958,1.27238868136123,-0.0106706664546658,0.0106706664546658,3
CellRank_terminal_proxy,Non-responder,CellRank,CellRank†,pre_only_fate_weighted_terminal_state_expression_proxy,HCLS1,1.9475310515545508,1.6983491946163265,-0.2491818569382244,0.2491818569382244,9
CellRank_terminal_proxy,Non-responder,CellRank,CellRank†,pre_only_fate_weighted_terminal_state_expression_proxy,HCST,1.7875108634647074,1.4354432008076314,-0.352067662657076,0.352067662657076,8
CellRank_terminal_proxy,Non-responder,CellRank,CellRank†,pre_only_fate_weighted_terminal_state_expression_proxy,HDLBP,1.1824039254966685,1.4121391986421852,0.2297352731455166,0.2297352731455166,2
CellRank_terminal_proxy,Non-responder,CellRank,CellRank†,pre_only_fate_weighted_terminal_state_expression_proxy,HERPUD1,1.7541562803153927,2.076348819517126,0.3221925392017333,0.3221925392017333,8
CellRank_terminal_proxy,Non-responder,CellRank,CellRank†,pre_only_fate_weighted_terminal_state_expression_proxy,HEXB,1.0706771174505731,1.8956873741887703,0.8250102567381972,0.8250102567381972,1
CellRank_terminal_proxy,Non-responder,CellRank,CellRank†,pre_only_fate_weighted_terminal_state_expression_proxy,HIF1A,1.536919370646142,2.154346639553661,0.6174272689075195,0.6174272689075195,6
CellRank_terminal_proxy,Non-responder,CellRank,CellRank†,pre_only_fate_weighted_terminal_state_expression_proxy,HIGD1A,1.076010720697798,0.8636698865423437,-0.2123408341554543,0.2123408341554543,1
CellRank_terminal_proxy,Non-responder,CellRank,CellRank†,pre_only_fate_weighted_terminal_state_expression_proxy,HIGD2A,1.5355919718721316,1.3934540094718513,-0.1421379624002803,0.1421379624002803,6
CellRank_terminal_proxy,Non-responder,CellRank,CellRank†,pre_only_fate_weighted_terminal_state_expression_proxy,HINT1,1.8075058330657088,1.5749743947122734,-0.2325314383534353,0.2325314383534353,9
CellRank_terminal_proxy,Non-responder,CellRank,CellRank†,pre_only_fate_weighted_terminal_state_expression_proxy,HLA-DMA,1.5309544619721434,1.863808745134708,0.3328542831625647,0.3328542831625647,6
CellRank_terminal_proxy,Non-responder,CellRank,CellRank†,pre_only_fate_weighted_terminal_state_expression_proxy,HLA-DMB,1.025415502612047,1.5052516895027488,0.4798361868907017,0.4798361868907017,1
CellRank_terminal_proxy,Non-responder,CellRank,CellRank†,pre_only_fate_weighted_terminal_state_expression_proxy,HLA-DPA1,2.0173012341745697,2.3477907236168263,0.3304894894422565,0.3304894894422565,10
CellRank_terminal_proxy,Non-responder,CellRank,CellRank†,pre_only_fate_weighted_terminal_state_expression_proxy,HLA-DPB1,1.9704926722729152,2.1443396641221644,0.1738469918492491,0.1738469918492491,10
CellRank_terminal_proxy,Non-responder,CellRank,CellRank†,pre_only_fate_weighted_terminal_state_expression_proxy,HLA-DQA1,1.3355810108197437,1.5881008593144188,0.2525198484946751,0.2525198484946751,3
CellRank_terminal_proxy,Non-responder,CellRank,CellRank†,pre_only_fate_weighted_terminal_state_expression_proxy,HLA-DQB1,1.49945018553349,1.985029200475075,0.4855790149415848,0.4855790149415848,5
CellRank_terminal_proxy,Non-responder,CellRank,CellRank†,pre_only_fate_weighted_terminal_state_expression_proxy,HLA-DRA,1.8743925797894287,2.489437137417958,0.6150445576285288,0.6150445576285288,9
CellRank_terminal_proxy,Non-responder,CellRank,CellRank†,pre_only_fate_weighted_terminal_state_expression_proxy,HLA-DRB1,1.9220021143117625,2.3339617716820578,0.4119596573702955,0.4119596573702955,9
CellRank_terminal_proxy,Non-responder,CellRank,CellRank†,pre_only_fate_weighted_terminal_state_expression_proxy,HLA-DRB5,1.6983039290274644,2.1471404368540083,0.4488365078265439,0.4488365078265439,8
CellRank_terminal_proxy,Non-responder,CellRank,CellRank†,pre_only_fate_weighted_terminal_state_expression_proxy,HLA-DRB6,1.3855206555685082,1.7873599881313738,0.4018393325628655,0.4018393325628655,4
CellRank_terminal_proxy,Non-responder,CellRank,CellRank†,pre_only_fate_weighted_terminal_state_expression_proxy,HM13,1.418334598433084,1.5564240530089684,0.1380894545758844,0.1380894545758844,4
CellRank_terminal_proxy,Non-responder,CellRank,CellRank†,pre_only_fate_weighted_terminal_state_expression_proxy,HMGB2,1.5246963538616187,1.080718909137116,-0.4439774447245028,0.4439774447245028,6
CellRank_terminal_proxy,Non-responder,CellRank,CellRank†,pre_only_fate_weighted_terminal_state_expression_proxy,HMGN1,1.8206862849657504,1.337003145914853,-0.4836831390508975,0.4836831390508975,9
CellRank_terminal_proxy,Non-responder,CellRank,CellRank†,pre_only_fate_weighted_terminal_state_expression_proxy,HMGN2,2.051802798359116,2.0997166706108974,0.0479138722517817,0.0479138722517817,10
CellRank_terminal_proxy,Non-responder,CellRank,CellRank†,pre_only_fate_weighted_terminal_state_expression_proxy,HMGN3,1.1862174197770965,1.0004554752738857,-0.185761944503211,0.185761944503211,2
CellRank_terminal_proxy,Non-responder,CellRank,CellRank†,pre_only_fate_weighted_terminal_state_expression_proxy,HNRNPDL,1.966898682169602,2.030472865453518,0.0635741832839158,0.0635741832839158,10
CellRank_terminal_proxy,Non-responder,CellRank,CellRank†,pre_only_fate_weighted_terminal_state_expression_proxy,HNRNPF,1.6720376268706951,1.5118152377615033,-0.160222389109192,0.160222389109192,7
CellRank_terminal_proxy,Non-responder,CellRank,CellRank†,pre_only_fate_weighted_terminal_state_expression_proxy,HNRNPM,1.623586484036139,1.5832157357253325,-0.0403707483108064,0.0403707483108064,7
CellRank_terminal_proxy,Non-responder,CellRank,CellRank†,pre_only_fate_weighted_terminal_state_expression_proxy,HSP90AA1,2.1560681733636264,2.05734924731015,-0.0987189260534764,0.0987189260534764,10
CellRank_terminal_proxy,Non-responder,CellRank,CellRank†,pre_only_fate_weighted_terminal_state_expression_proxy,HSP90AB1,2.0504463321724136,1.9046348908105424,-0.1458114413618714,0.1458114413618714,10
CellRank_terminal_proxy,Non-responder,CellRank,CellRank†,pre_only_fate_weighted_terminal_state_expression_proxy,HSP90B1,1.6992859402568603,1.7121250839933717,0.0128391437365111,0.0128391437365111,8
CellRank_terminal_proxy,Non-responder,CellRank,CellRank†,pre_only_fate_weighted_terminal_state_expression_proxy,HSPA1A,1.396930740415672,1.5783545585917913,0.1814238181761194,0.1814238181761194,4
CellRank_terminal_proxy,Non-responder,CellRank,CellRank†,pre_only_fate_weighted_terminal_state_expression_proxy,HSPA1B,1.3584277691759037,1.3200822638423746,-0.038345505333529,0.038345505333529,4
CellRank_terminal_proxy,Non-responder,CellRank,CellRank†,pre_only_fate_weighted_terminal_state_expression_proxy,HSPA5,1.686586332319573,1.833094333473676,0.1465080011541033,0.1465080011541033,8
CellRank_terminal_proxy,Non-responder,CellRank,CellRank†,pre_only_fate_weighted_terminal_state_expression_proxy,HSPA9,1.6182981043213165,1.490687896142704,-0.1276102081786123,0.1276102081786123,7
CellRank_terminal_proxy,Non-responder,CellRank,CellRank†,pre_only_fate_weighted_terminal_state_expression_proxy,HSPB1,1.216065575329035,1.2196754924750035,0.0036099171459686,0.0036099171459686,2
CellRank_terminal_proxy,Non-responder,CellRank,CellRank†,pre_only_fate_weighted_terminal_state_expression_proxy,HSPD1,1.538438130466661,1.2145781943310332,-0.3238599361356278,0.3238599361356278,6
CellRank_terminal_proxy,Non-responder,CellRank,CellRank†,pre_only_fate_weighted_terminal_state_expression_proxy,HSPE1,1.5991564991125322,1.3330756434340378,-0.2660808556784944,0.2660808556784944,7
CellRank_terminal_proxy,Non-responder,CellRank,CellRank†,pre_only_fate_weighted_terminal_state_expression_proxy,HSPH1,1.173771337679919,1.2409866290701148,0.0672152913901957,0.0672152913901957,2
CellRank_terminal_proxy,Non-responder,CellRank,CellRank†,pre_only_fate_weighted_terminal_state_expression_proxy,ID2,1.8668690325661983,1.0810808831442935,-0.7857881494219048,0.7857881494219048,9
CellRank_terminal_proxy,Non-responder,CellRank,CellRank†,pre_only_fate_weighted_terminal_state_expression_proxy,IDH2,1.4354444252824738,0.9899084644510748,-0.4455359608313991,0.4455359608313991,5
CellRank_terminal_proxy,Non-responder,CellRank,CellRank†,pre_only_fate_weighted_terminal_state_expression_proxy,IDI1,1.2843791251048964,1.373610520922144,0.0892313958172474,0.0892313958172474,3
CellRank_terminal_proxy,Non-responder,CellRank,CellRank†,pre_only_fate_weighted_terminal_state_expression_proxy,IER2,1.8266192198870612,2.062615391432851,0.2359961715457896,0.2359961715457896,9
CellRank_terminal_proxy,Non-responder,CellRank,CellRank†,pre_only_fate_weighted_terminal_state_expression_proxy,IFI16,1.7930914396951936,1.623717914705716,-0.1693735249894776,0.1693735249894776,8
CellRank_terminal_proxy,Non-responder,CellRank,CellRank†,pre_only_fate_weighted_terminal_state_expression_proxy,IFI30,0.9747718614090982,2.23836331804986,1.2635914566407616,1.2635914566407616,1
CellRank_terminal_proxy,Non-responder,CellRank,CellRank†,pre_only_fate_weighted_terminal_state_expression_proxy,IFI35,0.9893217528439858,1.2826527186629633,0.2933309658189774,0.2933309658189774,1
CellRank_terminal_proxy,Non-responder,CellRank,CellRank†,pre_only_fate_weighted_terminal_state_expression_proxy,IFI44L,0.7698873025274712,1.5994146385837775,0.8295273360563064,0.8295273360563064,1
CellRank_terminal_proxy,Non-responder,CellRank,CellRank†,pre_only_fate_weighted_terminal_state_expression_proxy,IFI6,1.5320338096889157,1.913692790107229,0.3816589804183132,0.3816589804183132,6
CellRank_terminal_proxy,Non-responder,CellRank,CellRank†,pre_only_fate_weighted_terminal_state_expression_proxy,IFITM1,2.1060765400342585,1.37663167093228,-0.7294448691019784,0.7294448691019784,10
CellRank_terminal_proxy,Non-responder,CellRank,CellRank†,pre_only_fate_weighted_terminal_state_expression_proxy,IFITM3,1.170551401013392,1.9878707578754629,0.8173193568620709,0.8173193568620709,2
CellRank_terminal_proxy,Non-responder,CellRank,CellRank†,pre_only_fate_weighted_terminal_state_expression_proxy,IFNG,1.3199421110429057,0.0,-1.3199421110429057,1.3199421110429057,3
CellRank_terminal_proxy,Non-responder,CellRank,CellRank†,pre_only_fate_weighted_terminal_state_expression_proxy,IFNGR1,0.969291159597372,1.7904841253236186,0.8211929657262467,0.8211929657262467,1
CellRank_terminal_proxy,Non-responder,CellRank,CellRank†,pre_only_fate_weighted_terminal_state_expression_proxy,IFRD1,1.4625851894942998,1.6548491119204722,0.1922639224261724,0.1922639224261724,5
CellRank_terminal_proxy,Non-responder,CellRank,CellRank†,pre_only_fate_weighted_terminal_state_expression_proxy,IGFLR1,1.3599288327387562,1.3201006678796396,-0.0398281648591165,0.0398281648591165,4
CellRank_terminal_proxy,Non-responder,CellRank,CellRank†,pre_only_fate_weighted_terminal_state_expression_proxy,IK,1.4580062926854294,1.1655205172109997,-0.2924857754744299,0.2924857754744299,5
CellRank_terminal_proxy,Non-responder,CellRank,CellRank†,pre_only_fate_weighted_terminal_state_expression_proxy,IL10RA,1.6401493100625653,1.4594134554172256,-0.1807358546453397,0.1807358546453397,7
CellRank_terminal_proxy,Non-responder,CellRank,CellRank†,pre_only_fate_weighted_terminal_state_expression_proxy,IL16,1.3189951292006563,0.8440488059114362,-0.4749463232892201,0.4749463232892201,3
CellRank_terminal_proxy,Non-responder,CellRank,CellRank†,pre_only_fate_weighted_terminal_state_expression_proxy,IL2RB,1.6778292686935925,0.0049200969908318,-1.6729091717027609,1.6729091717027609,7
CellRank_terminal_proxy,Non-responder,CellRank,CellRank†,pre_only_fate_weighted_terminal_state_expression_proxy,IL2RG,2.155963289320985,1.3282948958735343,-0.8276683934474505,0.8276683934474505,10
CellRank_terminal_proxy,Non-responder,CellRank,CellRank†,pre_only_fate_weighted_terminal_state_expression_proxy,IL32,2.191311405886088,0.1675407254096365,-2.0237706804764515,2.0237706804764515,10
CellRank_terminal_proxy,Non-responder,CellRank,CellRank†,pre_only_fate_weighted_terminal_state_expression_proxy,IL7R,1.15787298029141,0.5483457216550145,-0.6095272586363956,0.6095272586363956,2
CellRank_terminal_proxy,Non-responder,CellRank,CellRank†,pre_only_fate_weighted_terminal_state_expression_proxy,ILF2,1.377736425018692,1.0457187266049963,-0.3320176984136953,0.3320176984136953,4
CellRank_terminal_proxy,Non-responder,CellRank,CellRank†,pre_only_fate_weighted_terminal_state_expression_proxy,INPP5D,1.633086456602063,1.359945537272485,-0.2731409193295784,0.2731409193295784,7
CellRank_terminal_proxy,Non-responder,CellRank,CellRank†,pre_only_fate_weighted_terminal_state_expression_proxy,INSIG1,0.9926075203929112,0.88320382808074,-0.109403692312171,0.109403692312171,1
CellRank_terminal_proxy,Non-responder,CellRank,CellRank†,pre_only_fate_weighted_terminal_state_expression_proxy,IRF4,1.0502101392365508,1.018921004363908,-0.0312891348726427,0.0312891348726427,1
CellRank_terminal_proxy,Non-responder,CellRank,CellRank†,pre_only_fate_weighted_terminal_state_expression_proxy,IRF7,1.1195327594805469,1.677733645940253,0.5582008864597061,0.5582008864597061,1
CellRank_terminal_proxy,Non-responder,CellRank,CellRank†,pre_only_fate_weighted_terminal_state_expression_proxy,IRF8,0.9453285579783682,1.8073479911960368,0.8620194332176684,0.8620194332176684,1
CellRank_terminal_proxy,Non-responder,CellRank,CellRank†,pre_only_fate_weighted_terminal_state_expression_proxy,IRF9,1.613312539044874,1.7891187595312428,0.1758062204863688,0.1758062204863688,7
CellRank_terminal_proxy,Non-responder,CellRank,CellRank†,pre_only_fate_weighted_terminal_state_expression_proxy,ISG15,1.6309208108462443,1.8595221448553625,0.2286013340091179,0.2286013340091179,7
CellRank_terminal_proxy,Non-responder,CellRank,CellRank†,pre_only_fate_weighted_terminal_state_expression_proxy,ISG20,1.7368878877904137,1.384329143436947,-0.3525587443534668,0.3525587443534668,8
CellRank_terminal_proxy,Non-responder,CellRank,CellRank†,pre_only_fate_weighted_terminal_state_expression_proxy,ITGAL,1.7518017127117176,0.597587300124314,-1.1542144125874034,1.1542144125874034,8
CellRank_terminal_proxy,Non-responder,CellRank,CellRank†,pre_only_fate_weighted_terminal_state_expression_proxy,ITGB1,1.4040752934892204,1.5939570605990132,0.1898817671097927,0.1898817671097927,4
CellRank_terminal_proxy,Non-responder,CellRank,CellRank†,pre_only_fate_weighted_terminal_state_expression_proxy,ITGB2,2.0375272550913306,1.9825243013078773,-0.0550029537834533,0.0550029537834533,10
CellRank_terminal_proxy,Non-responder,CellRank,CellRank†,pre_only_fate_weighted_terminal_state_expression_proxy,ITK,1.5271082599927603,0.004289138417057,-1.5228191215757032,1.5228191215757032,6
CellRank_terminal_proxy,Non-responder,CellRank,CellRank†,pre_only_fate_weighted_terminal_state_expression_proxy,ITM2A,1.6182939798737537,0.0511000060981152,-1.5671939737756384,1.5671939737756384,7
CellRank_terminal_proxy,Non-responder,CellRank,CellRank†,pre_only_fate_weighted_terminal_state_expression_proxy,ITM2B,2.016668515113499,1.9956249204557648,-0.0210435946577338,0.0210435946577338,10
CellRank_terminal_proxy,Non-responder,CellRank,CellRank†,pre_only_fate_weighted_terminal_state_expression_proxy,IVNS1ABP,1.4557136759307807,1.686924671625075,0.2312109956942942,0.2312109956942942,5
CellRank_terminal_proxy,Non-responder,CellRank,CellRank†,pre_only_fate_weighted_terminal_state_expression_proxy,JUN,1.4233967681735074,1.7100718182838033,0.2866750501102959,0.2866750501102959,4
CellRank_terminal_proxy,Non-responder,CellRank,CellRank†,pre_only_fate_weighted_terminal_state_expression_proxy,KDELR2,1.1650956416104956,1.4420495637153252,0.2769539221048296,0.2769539221048296,2
CellRank_terminal_proxy,Non-responder,CellRank,CellRank†,pre_only_fate_weighted_terminal_state_expression_proxy,KLRD1,1.1759275777091538,0.045507918712031,-1.1304196589971227,1.1304196589971227,2
CellRank_terminal_proxy,Non-responder,CellRank,CellRank†,pre_only_fate_weighted_terminal_state_expression_proxy,KLRK1,1.7636913739179836,0.0194562015650991,-1.7442351723528844,1.7442351723528844,8
CellRank_terminal_proxy,Non-responder,CellRank,CellRank†,pre_only_fate_weighted_terminal_state_expression_proxy,KRTCAP2,1.4973872920399458,1.507014307971127,0.009627015931181,0.009627015931181,5
CellRank_terminal_proxy,Non-responder,CellRank,CellRank†,pre_only_fate_weighted_terminal_state_expression_proxy,LAMP2,1.0932932107259286,1.5495277448499272,0.4562345341239986,0.4562345341239986,1
CellRank_terminal_proxy,Non-responder,CellRank,CellRank†,pre_only_fate_weighted_terminal_state_expression_proxy,LAMTOR4,1.4058518426170648,1.423840674184973,0.0179888315679082,0.0179888315679082,4
CellRank_terminal_proxy,Non-responder,CellRank,CellRank†,pre_only_fate_weighted_terminal_state_expression_proxy,LAMTOR5,1.245055223779439,1.3442343958653904,0.0991791720859514,0.0991791720859514,2
CellRank_terminal_proxy,Non-responder,CellRank,CellRank†,pre_only_fate_weighted_terminal_state_expression_proxy,LAP3,1.2652338686323246,1.5335990705710063,0.2683652019386819,0.2683652019386819,3
CellRank_terminal_proxy,Non-responder,CellRank,CellRank†,pre_only_fate_weighted_terminal_state_expression_proxy,LAPTM4A,1.159606154021275,1.7528049496283982,0.5931987956071232,0.5931987956071232,2
CellRank_terminal_proxy,Non-responder,CellRank,CellRank†,pre_only_fate_weighted_terminal_state_expression_proxy,LAT,1.5753525819763612,0.5505567334536802,-1.0247958485226811,1.0247958485226811,6
CellRank_terminal_proxy,Non-responder,CellRank,CellRank†,pre_only_fate_weighted_terminal_state_expression_proxy,LBH,1.596867950382115,0.5573790325525755,-1.0394889178295394,1.0394889178295394,7
CellRank_terminal_proxy,Non-responder,CellRank,CellRank†,pre_only_fate_weighted_terminal_state_expression_proxy,LCK,1.9063376341942408,0.3843612361544705,-1.5219763980397705,1.5219763980397705,9
CellRank_terminal_proxy,Non-responder,CellRank,CellRank†,pre_only_fate_weighted_terminal_state_expression_proxy,LCP2,1.7371588996093583,1.225976022629924,-0.5111828769794344,0.5111828769794344,8
CellRank_terminal_proxy,Non-responder,CellRank,CellRank†,pre_only_fate_weighted_terminal_state_expression_proxy,LDHA,2.0894353790149047,2.049314651560809,-0.0401207274540955,0.0401207274540955,10
CellRank_terminal_proxy,Non-responder,CellRank,CellRank†,pre_only_fate_weighted_terminal_state_expression_proxy,LDHB,1.9601875936280184,1.5235998060160485,-0.4365877876119697,0.4365877876119697,9
CellRank_terminal_proxy,Non-responder,CellRank,CellRank†,pre_only_fate_weighted_terminal_state_expression_proxy,LEPROTL1,1.6346134835294392,0.5877236649766129,-1.0468898185528264,1.0468898185528264,7
CellRank_terminal_proxy,Non-responder,CellRank,CellRank†,pre_only_fate_weighted_terminal_state_expression_proxy,LGALS1,1.3570044536750576,1.7504111844429229,0.393406730767865,0.393406730767865,4
CellRank_terminal_proxy,Non-responder,CellRank,CellRank†,pre_only_fate_weighted_terminal_state_expression_proxy,LGALS3,1.158686425567251,1.4426230779225149,0.2839366523552635,0.2839366523552635,2
CellRank_terminal_proxy,Non-responder,CellRank,CellRank†,pre_only_fate_weighted_terminal_state_expression_proxy,LGALS9,1.0725555400481186,1.5045299625742592,0.4319744225261406,0.4319744225261406,1
CellRank_terminal_proxy,Non-responder,CellRank,CellRank†,pre_only_fate_weighted_terminal_state_expression_proxy,LIMD2,1.8427515694578336,1.3071473777207554,-0.5356041917370784,0.5356041917370784,9
CellRank_terminal_proxy,Non-responder,CellRank,CellRank†,pre_only_fate_weighted_terminal_state_expression_proxy,LIME1,1.4078146942120822,0.577739581769071,-0.8300751124430111,0.8300751124430111,4
CellRank_terminal_proxy,Non-responder,CellRank,CellRank†,pre_only_fate_weighted_terminal_state_expression_proxy,LITAF,1.777563595152977,1.7137388207140405,-0.0638247744389366,0.0638247744389366,8
CellRank_terminal_proxy,Non-responder,CellRank,CellRank†,pre_only_fate_weighted_terminal_state_expression_proxy,LMAN2,1.551279026357506,1.523183345825732,-0.028095680531774,0.028095680531774,6
CellRank_terminal_proxy,Non-responder,CellRank,CellRank†,pre_only_fate_weighted_terminal_state_expression_proxy,LMNA,0.8938664738897961,1.2614350296527166,0.3675685557629204,0.3675685557629204,1
CellRank_terminal_proxy,Non-responder,CellRank,CellRank†,pre_only_fate_weighted_terminal_state_expression_proxy,LPXN,1.5583024976419009,1.4661735210132836,-0.0921289766286173,0.0921289766286173,6
CellRank_terminal_proxy,Non-responder,CellRank,CellRank†,pre_only_fate_weighted_terminal_state_expression_proxy,LSM4,1.1348853011947468,0.945787289737364,-0.1890980114573828,0.1890980114573828,1
CellRank_terminal_proxy,Non-responder,CellRank,CellRank†,pre_only_fate_weighted_terminal_state_expression_proxy,LSP1,1.9908813090063,1.7480402625338998,-0.2428410464724004,0.2428410464724004,10
CellRank_terminal_proxy,Non-responder,CellRank,CellRank†,pre_only_fate_weighted_terminal_state_expression_proxy,LTB,1.167894537532923,0.9464496250128022,-0.2214449125201208,0.2214449125201208,2
CellRank_terminal_proxy,Non-responder,CellRank,CellRank†,pre_only_fate_weighted_terminal_state_expression_proxy,LUC7L3,1.5768602904532305,1.359800980365191,-0.2170593100880393,0.2170593100880393,6
CellRank_terminal_proxy,Non-responder,CellRank,CellRank†,pre_only_fate_weighted_terminal_state_expression_proxy,LY6E,1.7143155763266211,1.8603454724808053,0.1460298961541841,0.1460298961541841,8
CellRank_terminal_proxy,Non-responder,CellRank,CellRank†,pre_only_fate_weighted_terminal_state_expression_proxy,LY9,1.0710096970328502,1.366426921030312,0.2954172239974617,0.2954172239974617,1
CellRank_terminal_proxy,Non-responder,CellRank,CellRank†,pre_only_fate_weighted_terminal_state_expression_proxy,LYST,1.596810945489273,0.781729407493916,-0.815081537995357,0.815081537995357,7
CellRank_terminal_proxy,Non-responder,CellRank,CellRank†,pre_only_fate_weighted_terminal_state_expression_proxy,M6PR,1.500079683901821,1.396298634875585,-0.1037810490262358,0.1037810490262358,5
CellRank_terminal_proxy,Non-responder,CellRank,CellRank†,pre_only_fate_weighted_terminal_state_expression_proxy,MAN2B1,1.1390479840943144,1.5052799492742424,0.3662319651799279,0.3662319651799279,2
CellRank_terminal_proxy,Non-responder,CellRank,CellRank†,pre_only_fate_weighted_terminal_state_expression_proxy,MAP1LC3B,1.531168921131802,1.490219820344986,-0.0409491007868159,0.0409491007868159,6
CellRank_terminal_proxy,Non-responder,CellRank,CellRank†,pre_only_fate_weighted_terminal_state_expression_proxy,MAP2K3,1.247485739342392,1.0089326952978286,-0.2385530440445633,0.2385530440445633,2
CellRank_terminal_proxy,Non-responder,CellRank,CellRank†,pre_only_fate_weighted_terminal_state_expression_proxy,MAP4K1,1.609582142702078,0.8371682951915362,-0.7724138475105418,0.7724138475105418,7
CellRank_terminal_proxy,Non-responder,CellRank,CellRank†,pre_only_fate_weighted_terminal_state_expression_proxy,MAPK1IP1L,1.7513285829289011,1.6630515792836829,-0.0882770036452182,0.0882770036452182,8
CellRank_terminal_proxy,Non-responder,CellRank,CellRank†,pre_only_fate_weighted_terminal_state_expression_proxy,MAT2A,1.494636496544855,1.699056190943803,0.2044196943989478,0.2044196943989478,5
CellRank_terminal_proxy,Non-responder,CellRank,CellRank†,pre_only_fate_weighted_terminal_state_expression_proxy,MCL1,1.6221509702711556,1.7031830340457443,0.0810320637745887,0.0810320637745887,7
CellRank_terminal_proxy,Non-responder,CellRank,CellRank†,pre_only_fate_weighted_terminal_state_expression_proxy,MDH1,1.3903220364356714,1.377899380217405,-0.0124226562182661,0.0124226562182661,4
CellRank_terminal_proxy,Non-responder,CellRank,CellRank†,pre_only_fate_weighted_terminal_state_expression_proxy,MDH2,1.3821794442049078,1.1125475490008288,-0.269631895204079,0.269631895204079,4
CellRank_terminal_proxy,Non-responder,CellRank,CellRank†,pre_only_fate_weighted_terminal_state_expression_proxy,MGAT1,1.2570537580463883,1.7054072538498513,0.4483534958034629,0.4483534958034629,3
CellRank_terminal_proxy,Non-responder,CellRank,CellRank†,pre_only_fate_weighted_terminal_state_expression_proxy,MIF,1.83424522698726,1.8389114895676464,0.0046662625803863,0.0046662625803863,9
CellRank_terminal_proxy,Non-responder,CellRank,CellRank†,pre_only_fate_weighted_terminal_state_expression_proxy,MIR24-2,1.4613277541964182,1.9419486256653489,0.4806208714689304,0.4806208714689304,5
CellRank_terminal_proxy,Non-responder,CellRank,CellRank†,pre_only_fate_weighted_terminal_state_expression_proxy,MLF2,1.3806009606920329,1.4657274554843276,0.0851264947922947,0.0851264947922947,4
CellRank_terminal_proxy,Non-responder,CellRank,CellRank†,pre_only_fate_weighted_terminal_state_expression_proxy,MOB1A,1.6188823479306655,1.710613615167209,0.0917312672365433,0.0917312672365433,7
CellRank_terminal_proxy,Non-responder,CellRank,CellRank†,pre_only_fate_weighted_terminal_state_expression_proxy,MORF4L2,1.2871460253548104,1.5617227397880569,0.2745767144332465,0.2745767144332465,3
CellRank_terminal_proxy,Non-responder,CellRank,CellRank†,pre_only_fate_weighted_terminal_state_expression_proxy,MRPL20,1.0734148135877577,0.7491973643060906,-0.3242174492816668,0.3242174492816668,1
CellRank_terminal_proxy,Non-responder,CellRank,CellRank†,pre_only_fate_weighted_terminal_state_expression_proxy,MRPS24,1.0237452436642835,0.8569686362421702,-0.1667766074221133,0.1667766074221133,1
CellRank_terminal_proxy,Non-responder,CellRank,CellRank†,pre_only_fate_weighted_terminal_state_expression_proxy,MSN,1.913387047101225,1.6624426650332047,-0.2509443820680206,0.2509443820680206,9
CellRank_terminal_proxy,Non-responder,CellRank,CellRank†,pre_only_fate_weighted_terminal_state_expression_proxy,MT-ND3,2.248851759148613,2.3150417715704807,0.0661900124218681,0.0661900124218681,10
CellRank_terminal_proxy,Non-responder,CellRank,CellRank†,pre_only_fate_weighted_terminal_state_expression_proxy,MT2A,1.5203322908243404,1.1501442670057684,-0.3701880238185719,0.3701880238185719,6
CellRank_terminal_proxy,Non-responder,CellRank,CellRank†,pre_only_fate_weighted_terminal_state_expression_proxy,MTHFD2,1.315302198260455,1.0245377801188995,-0.2907644181415552,0.2907644181415552,3
CellRank_terminal_proxy,Non-responder,CellRank,CellRank†,pre_only_fate_weighted_terminal_state_expression_proxy,MVP,1.5109202853405412,1.3853532232395065,-0.1255670621010347,0.1255670621010347,6
CellRank_terminal_proxy,Non-responder,CellRank,CellRank†,pre_only_fate_weighted_terminal_state_expression_proxy,MX1,1.0630894390244814,1.6410867164361882,0.5779972774117068,0.5779972774117068,1
CellRank_terminal_proxy,Non-responder,CellRank,CellRank†,pre_only_fate_weighted_terminal_state_expression_proxy,MX2,0.9393365251028174,1.6200722059749932,0.6807356808721758,0.6807356808721758,1
CellRank_terminal_proxy,Non-responder,CellRank,CellRank†,pre_only_fate_weighted_terminal_state_expression_proxy,MYADM,1.5219275308299771,1.6986534369045645,0.1767259060745871,0.1767259060745871,6
CellRank_terminal_proxy,Non-responder,CellRank,CellRank†,pre_only_fate_weighted_terminal_state_expression_proxy,MYD88,1.1765969446603723,1.5345400122188453,0.3579430675584729,0.3579430675584729,2
CellRank_terminal_proxy,Non-responder,CellRank,CellRank†,pre_only_fate_weighted_terminal_state_expression_proxy,MYL12A,2.2438138345126912,2.068640544700685,-0.1751732898120064,0.1751732898120064,10
CellRank_terminal_proxy,Non-responder,CellRank,CellRank†,pre_only_fate_weighted_terminal_state_expression_proxy,MYL12B,2.0084660303951134,1.615250209254336,-0.3932158211407774,0.3932158211407774,10
CellRank_terminal_proxy,Non-responder,CellRank,CellRank†,pre_only_fate_weighted_terminal_state_expression_proxy,MYO1F,1.405114166186837,1.426029576480511,0.0209154102936743,0.0209154102936743,4
CellRank_terminal_proxy,Non-responder,CellRank,CellRank†,pre_only_fate_weighted_terminal_state_expression_proxy,NABP1,1.2746771733512243,1.5756286933489183,0.300951519997694,0.300951519997694,3
CellRank_terminal_proxy,Non-responder,CellRank,CellRank†,pre_only_fate_weighted_terminal_state_expression_proxy,NAMPT,1.409098340121561,1.9205610112910472,0.5114626711694861,0.5114626711694861,4
CellRank_terminal_proxy,Non-responder,CellRank,CellRank†,pre_only_fate_weighted_terminal_state_expression_proxy,NAP1L1,1.8746740556965384,1.6689285879525046,-0.2057454677440335,0.2057454677440335,9
CellRank_terminal_proxy,Non-responder,CellRank,CellRank†,pre_only_fate_weighted_terminal_state_expression_proxy,NAPA,1.4755589229191353,1.373147217544491,-0.1024117053746442,0.1024117053746442,5
CellRank_terminal_proxy,Non-responder,CellRank,CellRank†,pre_only_fate_weighted_terminal_state_expression_proxy,NASP,1.3777315251825697,1.4895993125659122,0.1118677873833424,0.1118677873833424,4
CellRank_terminal_proxy,Non-responder,CellRank,CellRank†,pre_only_fate_weighted_terminal_state_expression_proxy,NCOA4,1.158074577372059,1.2483037858457735,0.0902292084737141,0.0902292084737141,2
CellRank_terminal_proxy,Non-responder,CellRank,CellRank†,pre_only_fate_weighted_terminal_state_expression_proxy,NCOR1,1.8388006601195372,1.507471614747277,-0.3313290453722604,0.3313290453722604,9
CellRank_terminal_proxy,Non-responder,CellRank,CellRank†,pre_only_fate_weighted_terminal_state_expression_proxy,NDUFA1,1.4120940760453575,1.3245966332310488,-0.0874974428143089,0.0874974428143089,4
CellRank_terminal_proxy,Non-responder,CellRank,CellRank†,pre_only_fate_weighted_terminal_state_expression_proxy,NDUFA11,1.4779392177385438,1.528070781400494,0.0501315636619503,0.0501315636619503,5
CellRank_terminal_proxy,Non-responder,CellRank,CellRank†,pre_only_fate_weighted_terminal_state_expression_proxy,NDUFA13,1.6785197304080617,1.5370887293327833,-0.1414310010752784,0.1414310010752784,7
CellRank_terminal_proxy,Non-responder,CellRank,CellRank†,pre_only_fate_weighted_terminal_state_expression_proxy,NDUFB2,1.3527440529646213,1.1663446836456677,-0.1863993693189538,0.1863993693189538,4
CellRank_terminal_proxy,Non-responder,CellRank,CellRank†,pre_only_fate_weighted_terminal_state_expression_proxy,NDUFB4,1.2985563989257052,1.2400954953383236,-0.0584609035873815,0.0584609035873815,3
CellRank_terminal_proxy,Non-responder,CellRank,CellRank†,pre_only_fate_weighted_terminal_state_expression_proxy,NDUFB7,1.1806731546346845,0.9529366218644932,-0.2277365327701913,0.2277365327701913,2
CellRank_terminal_proxy,Non-responder,CellRank,CellRank†,pre_only_fate_weighted_terminal_state_expression_proxy,NDUFC2,1.35778976102019,1.3561339182753098,-0.00165584274488,0.00165584274488,4
CellRank_terminal_proxy,Non-responder,CellRank,CellRank†,pre_only_fate_weighted_terminal_state_expression_proxy,NDUFS5,1.43331335416326,1.2909008542363176,-0.1424124999269425,0.1424124999269425,4
CellRank_terminal_proxy,Non-responder,CellRank,CellRank†,pre_only_fate_weighted_terminal_state_expression_proxy,NDUFS7,1.3715007663928138,1.2681312281488302,-0.1033695382439836,0.1033695382439836,4
CellRank_terminal_proxy,Non-responder,CellRank,CellRank†,pre_only_fate_weighted_terminal_state_expression_proxy,NDUFV1,1.4214846480525205,1.1971756869179673,-0.2243089611345532,0.2243089611345532,4
CellRank_terminal_proxy,Non-responder,CellRank,CellRank†,pre_only_fate_weighted_terminal_state_expression_proxy,NDUFV2,1.5322262261931765,1.4577285187226632,-0.0744977074705133,0.0744977074705133,6
CellRank_terminal_proxy,Non-responder,CellRank,CellRank†,pre_only_fate_weighted_terminal_state_expression_proxy,NEDD8,1.4421875724102533,1.3020660482240531,-0.1401215241862001,0.1401215241862001,5
CellRank_terminal_proxy,Non-responder,CellRank,CellRank†,pre_only_fate_weighted_terminal_state_expression_proxy,NFE2L2,1.224470445919159,1.3923421190100298,0.1678716730908707,0.1678716730908707,2
CellRank_terminal_proxy,Non-responder,CellRank,CellRank†,pre_only_fate_weighted_terminal_state_expression_proxy,NFKBIA,1.955758493587153,2.2171838596507736,0.2614253660636205,0.2614253660636205,9
CellRank_terminal_proxy,Non-responder,CellRank,CellRank†,pre_only_fate_weighted_terminal_state_expression_proxy,NFKBID,0.9582859047448732,1.6240336557653858,0.6657477510205128,0.6657477510205128,1
CellRank_terminal_proxy,Non-responder,CellRank,CellRank†,pre_only_fate_weighted_terminal_state_expression_proxy,NFKBIZ,1.6338082756967145,1.7286289776451216,0.094820701948407,0.094820701948407,7
CellRank_terminal_proxy,Non-responder,CellRank,CellRank†,pre_only_fate_weighted_terminal_state_expression_proxy,NGLY1,1.1517994627251869,1.2496414439617811,0.0978419812365944,0.0978419812365944,2
CellRank_terminal_proxy,Non-responder,CellRank,CellRank†,pre_only_fate_weighted_terminal_state_expression_proxy,NKG7,2.0211145653305542,1.014098773789393,-1.0070157915411613,1.0070157915411613,10
CellRank_terminal_proxy,Non-responder,CellRank,CellRank†,pre_only_fate_weighted_terminal_state_expression_proxy,NLRC5,2.0054684862278065,1.441256847902994,-0.5642116383248126,0.5642116383248126,10
CellRank_terminal_proxy,Non-responder,CellRank,CellRank†,pre_only_fate_weighted_terminal_state_expression_proxy,NME1-NME2,1.523702943934038,1.3148719204849475,-0.2088310234490904,0.2088310234490904,6
CellRank_terminal_proxy,Non-responder,CellRank,CellRank†,pre_only_fate_weighted_terminal_state_expression_proxy,NMT1,1.1919793871084536,0.9271240366311728,-0.2648553504772808,0.2648553504772808,2
CellRank_terminal_proxy,Non-responder,CellRank,CellRank†,pre_only_fate_weighted_terminal_state_expression_proxy,NONO,1.8198088436361617,1.5125179668999158,-0.3072908767362459,0.3072908767362459,9
CellRank_terminal_proxy,Non-responder,CellRank,CellRank†,pre_only_fate_weighted_terminal_state_expression_proxy,NOP10,1.2435050931024,1.4831813513430625,0.2396762582406622,0.2396762582406622,2
CellRank_terminal_proxy,Non-responder,CellRank,CellRank†,pre_only_fate_weighted_terminal_state_expression_proxy,NOP58,1.7319770971433517,1.2376501746382598,-0.4943269225050917,0.4943269225050917,8
CellRank_terminal_proxy,Non-responder,CellRank,CellRank†,pre_only_fate_weighted_terminal_state_expression_proxy,NPC1,1.1172266546797995,1.3642798003700076,0.2470531456902081,0.2470531456902081,1
CellRank_terminal_proxy,Non-responder,CellRank,CellRank†,pre_only_fate_weighted_terminal_state_expression_proxy,NPC2,1.034368806288803,2.0002253342930327,0.9658565280042296,0.9658565280042296,1
CellRank_terminal_proxy,Non-responder,CellRank,CellRank†,pre_only_fate_weighted_terminal_state_expression_proxy,NR3C1,1.2090218021084107,1.0580051621770938,-0.1510166399313168,0.1510166399313168,2
CellRank_terminal_proxy,Non-responder,CellRank,CellRank†,pre_only_fate_weighted_terminal_state_expression_proxy,NR4A1,1.2258433065407557,1.884018923612656,0.6581756170719004,0.6581756170719004,2
CellRank_terminal_proxy,Non-responder,CellRank,CellRank†,pre_only_fate_weighted_terminal_state_expression_proxy,NR4A2,1.797606912959876,1.7985925009943522,0.0009855880344762,0.0009855880344762,8
CellRank_terminal_proxy,Non-responder,CellRank,CellRank†,pre_only_fate_weighted_terminal_state_expression_proxy,NUCB2,1.1161753174629423,0.8484111657573857,-0.2677641517055568,0.2677641517055568,1
CellRank_terminal_proxy,Non-responder,CellRank,CellRank†,pre_only_fate_weighted_terminal_state_expression_proxy,NXF1,1.359193812863551,1.3928594130341374,0.0336656001705863,0.0336656001705863,4
CellRank_terminal_proxy,Non-responder,CellRank,CellRank†,pre_only_fate_weighted_terminal_state_expression_proxy,OFD1,1.0568600754128992,0.7093234467152044,-0.3475366286976947,0.3475366286976947,1
CellRank_terminal_proxy,Non-responder,CellRank,CellRank†,pre_only_fate_weighted_terminal_state_expression_proxy,OGT,1.716756825379225,1.2439860497039872,-0.4727707756752377,0.4727707756752377,8
CellRank_terminal_proxy,Non-responder,CellRank,CellRank†,pre_only_fate_weighted_terminal_state_expression_proxy,OS9,1.3171533645395974,1.6473760276034568,0.3302226630638594,0.3302226630638594,3
CellRank_terminal_proxy,Non-responder,CellRank,CellRank†,pre_only_fate_weighted_terminal_state_expression_proxy,OST4,1.8150204968500097,1.6845105076676223,-0.1305099891823873,0.1305099891823873,9
CellRank_terminal_proxy,Non-responder,CellRank,CellRank†,pre_only_fate_weighted_terminal_state_expression_proxy,OSTC,1.1707759540234086,1.226261256860056,0.0554853028366473,0.0554853028366473,2
CellRank_terminal_proxy,Non-responder,CellRank,CellRank†,pre_only_fate_weighted_terminal_state_expression_proxy,P4HB,1.5612252028923388,1.789688211146359,0.2284630082540202,0.2284630082540202,6
CellRank_terminal_proxy,Non-responder,CellRank,CellRank†,pre_only_fate_weighted_terminal_state_expression_proxy,PAIP2,1.766075753991367,1.8916331177610195,0.1255573637696525,0.1255573637696525,8
CellRank_terminal_proxy,Non-responder,CellRank,CellRank†,pre_only_fate_weighted_terminal_state_expression_proxy,PARK7,1.8065313142481525,1.5401353725972806,-0.2663959416508716,0.2663959416508716,8
CellRank_terminal_proxy,Non-responder,CellRank,CellRank†,pre_only_fate_weighted_terminal_state_expression_proxy,PARP15,0.9957741786247484,0.7567335023652718,-0.2390406762594764,0.2390406762594764,1
CellRank_terminal_proxy,Non-responder,CellRank,CellRank†,pre_only_fate_weighted_terminal_state_expression_proxy,PARP8,1.5222237078869112,0.5526492089316053,-0.969574498955306,0.969574498955306,6
CellRank_terminal_proxy,Non-responder,CellRank,CellRank†,pre_only_fate_weighted_terminal_state_expression_proxy,PARP9,1.3179289183359115,1.5809350237604545,0.2630061054245429,0.2630061054245429,3
CellRank_terminal_proxy,Non-responder,CellRank,CellRank†,pre_only_fate_weighted_terminal_state_expression_proxy,PARVG,1.4206490800359075,1.3821912994970589,-0.0384577805388486,0.0384577805388486,4
CellRank_terminal_proxy,Non-responder,CellRank,CellRank†,pre_only_fate_weighted_terminal_state_expression_proxy,PCBP2,1.7219730293444064,1.658004515998858,-0.0639685133455485,0.0639685133455485,8
CellRank_terminal_proxy,Non-responder,CellRank,CellRank†,pre_only_fate_weighted_terminal_state_expression_proxy,PCED1B-AS1,1.69235645255673,1.1059102587325602,-0.5864461938241698,0.5864461938241698,8
CellRank_terminal_proxy,Non-responder,CellRank,CellRank†,pre_only_fate_weighted_terminal_state_expression_proxy,PDCD1,1.3451595240499024,0.0,-1.3451595240499024,1.3451595240499024,4
CellRank_terminal_proxy,Non-responder,CellRank,CellRank†,pre_only_fate_weighted_terminal_state_expression_proxy,PDCD4,1.9448133884368064,1.6031851339757135,-0.3416282544610924,0.3416282544610924,9
CellRank_terminal_proxy,Non-responder,CellRank,CellRank†,pre_only_fate_weighted_terminal_state_expression_proxy,PDCD6IP,1.3166946594855646,1.3704928662418236,0.053798206756259,0.053798206756259,3
CellRank_terminal_proxy,Non-responder,CellRank,CellRank†,pre_only_fate_weighted_terminal_state_expression_proxy,PDE4B,1.490460310863082,1.587947765631224,0.0974874547681419,0.0974874547681419,5
CellRank_terminal_proxy,Non-responder,CellRank,CellRank†,pre_only_fate_weighted_terminal_state_expression_proxy,PDIA3,1.8135001677200604,1.8388149032237973,0.025314735503737,0.025314735503737,9
CellRank_terminal_proxy,Non-responder,CellRank,CellRank†,pre_only_fate_weighted_terminal_state_expression_proxy,PDIA4,1.091928963545035,1.1875161435255404,0.095587179980505,0.095587179980505,1
CellRank_terminal_proxy,Non-responder,CellRank,CellRank†,pre_only_fate_weighted_terminal_state_expression_proxy,PDIA6,1.4022305720500534,1.3613383657081728,-0.0408922063418806,0.0408922063418806,4
CellRank_terminal_proxy,Non-responder,CellRank,CellRank†,pre_only_fate_weighted_terminal_state_expression_proxy,PEBP1,1.391178438028892,0.9040053919276448,-0.4871730461012473,0.4871730461012473,4
CellRank_terminal_proxy,Non-responder,CellRank,CellRank†,pre_only_fate_weighted_terminal_state_expression_proxy,PER1,1.3005572526791462,1.4488248352690924,0.1482675825899462,0.1482675825899462,3
CellRank_terminal_proxy,Non-responder,CellRank,CellRank†,pre_only_fate_weighted_terminal_state_expression_proxy,PFDN5,2.072742402790426,2.095597347362532,0.0228549445721055,0.0228549445721055,10
CellRank_terminal_proxy,Non-responder,CellRank,CellRank†,pre_only_fate_weighted_terminal_state_expression_proxy,PFKFB3,1.1007372303694174,1.3170120797686276,0.2162748493992101,0.2162748493992101,1
CellRank_terminal_proxy,Non-responder,CellRank,CellRank†,pre_only_fate_weighted_terminal_state_expression_proxy,PGAM1,1.7638799960589404,1.5984229852080656,-0.1654570108508748,0.1654570108508748,8
CellRank_terminal_proxy,Non-responder,CellRank,CellRank†,pre_only_fate_weighted_terminal_state_expression_proxy,PGK1,2.0746391686402155,1.9972883652491111,-0.0773508033911043,0.0773508033911043,10
CellRank_terminal_proxy,Non-responder,CellRank,CellRank†,pre_only_fate_weighted_terminal_state_expression_proxy,PHB,1.0911290385355328,0.8768864650558817,-0.214242573479651,0.214242573479651,1
CellRank_terminal_proxy,Non-responder,CellRank,CellRank†,pre_only_fate_weighted_terminal_state_expression_proxy,PHB2,1.3210041027839057,1.0017612378163068,-0.3192428649675987,0.3192428649675987,3
CellRank_terminal_proxy,Non-responder,CellRank,CellRank†,pre_only_fate_weighted_terminal_state_expression_proxy,PHC3,1.5088279184184603,1.3066829252710166,-0.2021449931474439,0.2021449931474439,5
CellRank_terminal_proxy,Non-responder,CellRank,CellRank†,pre_only_fate_weighted_terminal_state_expression_proxy,PIK3IP1,1.4094797305103115,0.7648504706438998,-0.644629259866412,0.644629259866412,4
CellRank_terminal_proxy,Non-responder,CellRank,CellRank†,pre_only_fate_weighted_terminal_state_expression_proxy,PIM1,1.3370991358769162,1.1767279039139715,-0.1603712319629446,0.1603712319629446,3
CellRank_terminal_proxy,Non-responder,CellRank,CellRank†,pre_only_fate_weighted_terminal_state_expression_proxy,PIM2,1.719461544088572,1.4851456671400556,-0.2343158769485163,0.2343158769485163,8
CellRank_terminal_proxy,Non-responder,CellRank,CellRank†,pre_only_fate_weighted_terminal_state_expression_proxy,PIP4K2A,1.892877007077972,1.420484455674207,-0.472392551403765,0.472392551403765,9
CellRank_terminal_proxy,Non-responder,CellRank,CellRank†,pre_only_fate_weighted_terminal_state_expression_proxy,PKM,1.8284319775540097,1.845477702176999,0.0170457246229893,0.0170457246229893,9
CellRank_terminal_proxy,Non-responder,CellRank,CellRank†,pre_only_fate_weighted_terminal_state_expression_proxy,PLAC8,0.8984905124239612,1.3021649334938643,0.4036744210699033,0.4036744210699033,1
CellRank_terminal_proxy,Non-responder,CellRank,CellRank†,pre_only_fate_weighted_terminal_state_expression_proxy,PLCB2,1.138422608975552,1.0401099202950894,-0.0983126886804626,0.0983126886804626,2
CellRank_terminal_proxy,Non-responder,CellRank,CellRank†,pre_only_fate_weighted_terminal_state_expression_proxy,PLEK,1.0253305869206262,1.1630643449076727,0.1377337579870465,0.1377337579870465,1
CellRank_terminal_proxy,Non-responder,CellRank,CellRank†,pre_only_fate_weighted_terminal_state_expression_proxy,PLIN2,1.182331695007661,1.9518487909853728,0.7695170959777116,0.7695170959777116,2
CellRank_terminal_proxy,Non-responder,CellRank,CellRank†,pre_only_fate_weighted_terminal_state_expression_proxy,PLP2,1.4481205183139216,1.3541044697734532,-0.0940160485404684,0.0940160485404684,5
CellRank_terminal_proxy,Non-responder,CellRank,CellRank†,pre_only_fate_weighted_terminal_state_expression_proxy,PLSCR1,1.0192959599927165,1.8191548978084624,0.7998589378157457,0.7998589378157457,1
CellRank_terminal_proxy,Non-responder,CellRank,CellRank†,pre_only_fate_weighted_terminal_state_expression_proxy,PMAIP1,1.2206242524191575,1.0193689477959138,-0.2012553046232439,0.2012553046232439,2
CellRank_terminal_proxy,Non-responder,CellRank,CellRank†,pre_only_fate_weighted_terminal_state_expression_proxy,POLD4,1.4120125281287934,1.8665728698617767,0.4545603417329833,0.4545603417329833,4
CellRank_terminal_proxy,Non-responder,CellRank,CellRank†,pre_only_fate_weighted_terminal_state_expression_proxy,POLR2A,1.5826010441695273,1.4001946341224467,-0.1824064100470805,0.1824064100470805,6
CellRank_terminal_proxy,Non-responder,CellRank,CellRank†,pre_only_fate_weighted_terminal_state_expression_proxy,POLR2E,1.397984925566682,1.562759108374653,0.1647741828079709,0.1647741828079709,4
CellRank_terminal_proxy,Non-responder,CellRank,CellRank†,pre_only_fate_weighted_terminal_state_expression_proxy,POLR2G,1.226747860246785,0.9938253934872792,-0.2329224667595056,0.2329224667595056,2
CellRank_terminal_proxy,Non-responder,CellRank,CellRank†,pre_only_fate_weighted_terminal_state_expression_proxy,POMP,1.45431475864821,1.462412935497915,0.0080981768497048,0.0080981768497048,5
CellRank_terminal_proxy,Non-responder,CellRank,CellRank†,pre_only_fate_weighted_terminal_state_expression_proxy,PPIB,1.9452667340771204,1.8981782307633377,-0.0470885033137826,0.0470885033137826,9
CellRank_terminal_proxy,Non-responder,CellRank,CellRank†,pre_only_fate_weighted_terminal_state_expression_proxy,PPP1CA,1.80843916601174,1.5238208507160005,-0.2846183152957393,0.2846183152957393,9
CellRank_terminal_proxy,Non-responder,CellRank,CellRank†,pre_only_fate_weighted_terminal_state_expression_proxy,PPP1CB,1.8690231661698689,1.8718463178253983,0.0028231516555297,0.0028231516555297,9
CellRank_terminal_proxy,Non-responder,CellRank,CellRank†,pre_only_fate_weighted_terminal_state_expression_proxy,PPP1R15A,1.9776919985363952,2.244872881704046,0.267180883167651,0.267180883167651,10
CellRank_terminal_proxy,Non-responder,CellRank,CellRank†,pre_only_fate_weighted_terminal_state_expression_proxy,PPP1R2,1.6594755208241765,1.4256999951570783,-0.2337755256670979,0.2337755256670979,7
CellRank_terminal_proxy,Non-responder,CellRank,CellRank†,pre_only_fate_weighted_terminal_state_expression_proxy,PPT1,1.1258533075499386,1.443442646151034,0.3175893386010955,0.3175893386010955,1
CellRank_terminal_proxy,Non-responder,CellRank,CellRank†,pre_only_fate_weighted_terminal_state_expression_proxy,PRDM1,1.6710751824978791,0.9192166509089134,-0.751858531588966,0.751858531588966,7
CellRank_terminal_proxy,Non-responder,CellRank,CellRank†,pre_only_fate_weighted_terminal_state_expression_proxy,PRDX1,1.6737882255951797,1.864204155325836,0.1904159297306564,0.1904159297306564,7
CellRank_terminal_proxy,Non-responder,CellRank,CellRank†,pre_only_fate_weighted_terminal_state_expression_proxy,PRDX3,1.2449217419071958,1.2964889596648044,0.0515672177576085,0.0515672177576085,2
CellRank_terminal_proxy,Non-responder,CellRank,CellRank†,pre_only_fate_weighted_terminal_state_expression_proxy,PRDX5,1.4962257258797602,1.6914553528719911,0.1952296269922311,0.1952296269922311,5
CellRank_terminal_proxy,Non-responder,CellRank,CellRank†,pre_only_fate_weighted_terminal_state_expression_proxy,PRDX6,1.4246417362395445,1.5033583165957654,0.0787165803562208,0.0787165803562208,4
CellRank_terminal_proxy,Non-responder,CellRank,CellRank†,pre_only_fate_weighted_terminal_state_expression_proxy,PRELID1,1.6070617287977822,1.4323651725748576,-0.1746965562229245,0.1746965562229245,7
CellRank_terminal_proxy,Non-responder,CellRank,CellRank†,pre_only_fate_weighted_terminal_state_expression_proxy,PRF1,1.699662211648315,0.0213110607502931,-1.6783511508980222,1.6783511508980222,8
CellRank_terminal_proxy,Non-responder,CellRank,CellRank†,pre_only_fate_weighted_terminal_state_expression_proxy,PRKAR1A,1.5601157158935643,1.4679410958454635,-0.0921746200481008,0.0921746200481008,6
CellRank_terminal_proxy,Non-responder,CellRank,CellRank†,pre_only_fate_weighted_terminal_state_expression_proxy,PRKCH,1.774633044976338,0.3309829666252825,-1.4436500783510553,1.4436500783510553,8
CellRank_terminal_proxy,Non-responder,CellRank,CellRank†,pre_only_fate_weighted_terminal_state_expression_proxy,PRMT2,1.3564071690344788,1.0855104072464286,-0.2708967617880502,0.2708967617880502,4
CellRank_terminal_proxy,Non-responder,CellRank,CellRank†,pre_only_fate_weighted_terminal_state_expression_proxy,PRPF40B,1.0419899608400796,1.0889639375302316,0.046973976690152,0.046973976690152,1
CellRank_terminal_proxy,Non-responder,CellRank,CellRank†,pre_only_fate_weighted_terminal_state_expression_proxy,PRR13,1.789811141427376,1.818298789913768,0.0284876484863918,0.0284876484863918,8
CellRank_terminal_proxy,Non-responder,CellRank,CellRank†,pre_only_fate_weighted_terminal_state_expression_proxy,PSAP,1.7173637402993096,2.200287760953487,0.4829240206541776,0.4829240206541776,8
CellRank_terminal_proxy,Non-responder,CellRank,CellRank†,pre_only_fate_weighted_terminal_state_expression_proxy,PSMA1,1.5683748648527986,1.41030189101243,-0.1580729738403687,0.1580729738403687,6
CellRank_terminal_proxy,Non-responder,CellRank,CellRank†,pre_only_fate_weighted_terminal_state_expression_proxy,PSMA2,1.561326180468721,1.4149749325480725,-0.1463512479206488,0.1463512479206488,6
CellRank_terminal_proxy,Non-responder,CellRank,CellRank†,pre_only_fate_weighted_terminal_state_expression_proxy,PSMA3,1.575218330601044,1.5988020650965478,0.0235837344955036,0.0235837344955036,6
CellRank_terminal_proxy,Non-responder,CellRank,CellRank†,pre_only_fate_weighted_terminal_state_expression_proxy,PSMA4,1.4276594236776552,1.335452993554905,-0.0922064301227498,0.0922064301227498,4
CellRank_terminal_proxy,Non-responder,CellRank,CellRank†,pre_only_fate_weighted_terminal_state_expression_proxy,PSMA5,1.5562726146190875,1.204251393807856,-0.3520212208112316,0.3520212208112316,6
CellRank_terminal_proxy,Non-responder,CellRank,CellRank†,pre_only_fate_weighted_terminal_state_expression_proxy,PSMA6,1.6052969783783853,1.5731030350296482,-0.032193943348737,0.032193943348737,7
CellRank_terminal_proxy,Non-responder,CellRank,CellRank†,pre_only_fate_weighted_terminal_state_expression_proxy,PSMA7,1.9753164847034328,1.8644377808382144,-0.1108787038652188,0.1108787038652188,10
CellRank_terminal_proxy,Non-responder,CellRank,CellRank†,pre_only_fate_weighted_terminal_state_expression_proxy,PSMB1,1.6811332192980306,1.6561664386084594,-0.0249667806895712,0.0249667806895712,7
CellRank_terminal_proxy,Non-responder,CellRank,CellRank†,pre_only_fate_weighted_terminal_state_expression_proxy,PSMB10,1.7658090246712084,1.4236541689357007,-0.3421548557355076,0.3421548557355076,8
CellRank_terminal_proxy,Non-responder,CellRank,CellRank†,pre_only_fate_weighted_terminal_state_expression_proxy,PSMB3,1.616837326321122,1.455931342229673,-0.160905984091449,0.160905984091449,7
CellRank_terminal_proxy,Non-responder,CellRank,CellRank†,pre_only_fate_weighted_terminal_state_expression_proxy,PSMB4,1.701693580639888,1.5231466012970982,-0.1785469793427898,0.1785469793427898,8
CellRank_terminal_proxy,Non-responder,CellRank,CellRank†,pre_only_fate_weighted_terminal_state_expression_proxy,PSMB6,1.5324585787984557,1.5899822827900592,0.0575237039916036,0.0575237039916036,6
CellRank_terminal_proxy,Non-responder,CellRank,CellRank†,pre_only_fate_weighted_terminal_state_expression_proxy,PSMB7,1.3272864656011036,1.5929851727265654,0.2656987071254617,0.2656987071254617,3
CellRank_terminal_proxy,Non-responder,CellRank,CellRank†,pre_only_fate_weighted_terminal_state_expression_proxy,PSMB8,1.9107025052781828,1.4741483994808755,-0.436554105797307,0.436554105797307,9
CellRank_terminal_proxy,Non-responder,CellRank,CellRank†,pre_only_fate_weighted_terminal_state_expression_proxy,PSMB9,1.907598106730264,1.3126379553088698,-0.5949601514213942,0.5949601514213942,9
CellRank_terminal_proxy,Non-responder,CellRank,CellRank†,pre_only_fate_weighted_terminal_state_expression_proxy,PSMC4,1.066569436677176,0.8237016093081486,-0.2428678273690272,0.2428678273690272,1
CellRank_terminal_proxy,Non-responder,CellRank,CellRank†,pre_only_fate_weighted_terminal_state_expression_proxy,PSMD13,1.3666896513159277,1.3303643170208732,-0.0363253342950542,0.0363253342950542,4
CellRank_terminal_proxy,Non-responder,CellRank,CellRank†,pre_only_fate_weighted_terminal_state_expression_proxy,PSMD7,1.2010374446814402,1.437744357143085,0.2367069124616447,0.2367069124616447,2
CellRank_terminal_proxy,Non-responder,CellRank,CellRank†,pre_only_fate_weighted_terminal_state_expression_proxy,PSMD8,1.5676253892834222,1.5291823084160865,-0.0384430808673359,0.0384430808673359,6
CellRank_terminal_proxy,Non-responder,CellRank,CellRank†,pre_only_fate_weighted_terminal_state_expression_proxy,PSME2,2.003021809336848,1.6684247969478114,-0.3345970123890367,0.3345970123890367,10
CellRank_terminal_proxy,Non-responder,CellRank,CellRank†,pre_only_fate_weighted_terminal_state_expression_proxy,PSMF1,1.4687805975683457,1.1892530138267503,-0.2795275837415951,0.2795275837415951,5
CellRank_terminal_proxy,Non-responder,CellRank,CellRank†,pre_only_fate_weighted_terminal_state_expression_proxy,PSTPIP1,1.5001325335740752,0.9723254274042632,-0.5278071061698119,0.5278071061698119,5
CellRank_terminal_proxy,Non-responder,CellRank,CellRank†,pre_only_fate_weighted_terminal_state_expression_proxy,PTGES3,1.658278384709987,1.644681553685146,-0.0135968310248406,0.0135968310248406,7
CellRank_terminal_proxy,Non-responder,CellRank,CellRank†,pre_only_fate_weighted_terminal_state_expression_proxy,PTP4A1,1.398107149766047,1.5767077190027443,0.1786005692366972,0.1786005692366972,4
CellRank_terminal_proxy,Non-responder,CellRank,CellRank†,pre_only_fate_weighted_terminal_state_expression_proxy,PTPN6,1.5512069769354586,1.7267363381080365,0.1755293611725779,0.1755293611725779,6
CellRank_terminal_proxy,Non-responder,CellRank,CellRank†,pre_only_fate_weighted_terminal_state_expression_proxy,PTPRCAP,2.121472044466993,1.4720404056476368,-0.6494316388193557,0.6494316388193557,10
CellRank_terminal_proxy,Non-responder,CellRank,CellRank†,pre_only_fate_weighted_terminal_state_expression_proxy,PYCARD,1.2127197182457656,1.3234628496681615,0.1107431314223958,0.1107431314223958,2
CellRank_terminal_proxy,Non-responder,CellRank,CellRank†,pre_only_fate_weighted_terminal_state_expression_proxy,PYHIN1,1.4479024510645035,0.0975830423439523,-1.3503194087205512,1.3503194087205512,5
CellRank_terminal_proxy,Non-responder,CellRank,CellRank†,pre_only_fate_weighted_terminal_state_expression_proxy,RAB10,1.2267168330659448,1.410481949551403,0.1837651164854581,0.1837651164854581,2
CellRank_terminal_proxy,Non-responder,CellRank,CellRank†,pre_only_fate_weighted_terminal_state_expression_proxy,RAB11FIP1,1.0131449068359573,0.9988990941146652,-0.0142458127212919,0.0142458127212919,1
CellRank_terminal_proxy,Non-responder,CellRank,CellRank†,pre_only_fate_weighted_terminal_state_expression_proxy,RAB1A,1.228240098285966,1.6206996290162294,0.3924595307302634,0.3924595307302634,2
CellRank_terminal_proxy,Non-responder,CellRank,CellRank†,pre_only_fate_weighted_terminal_state_expression_proxy,RAB5C,1.3903412083544713,1.6724842281544223,0.282143019799951,0.282143019799951,4
CellRank_terminal_proxy,Non-responder,CellRank,CellRank†,pre_only_fate_weighted_terminal_state_expression_proxy,RAB7A,1.6322550951731507,1.7890897189812274,0.1568346238080766,0.1568346238080766,7
CellRank_terminal_proxy,Non-responder,CellRank,CellRank†,pre_only_fate_weighted_terminal_state_expression_proxy,RAB8A,1.3423223989637982,1.3515226671077123,0.0092002681439142,0.0092002681439142,4
CellRank_terminal_proxy,Non-responder,CellRank,CellRank†,pre_only_fate_weighted_terminal_state_expression_proxy,RABAC1,1.5033872135723767,1.4501543340440473,-0.0532328795283294,0.0532328795283294,5
CellRank_terminal_proxy,Non-responder,CellRank,CellRank†,pre_only_fate_weighted_terminal_state_expression_proxy,RABGAP1L,1.4894106288480662,0.9491741877370486,-0.5402364411110175,0.5402364411110175,5
CellRank_terminal_proxy,Non-responder,CellRank,CellRank†,pre_only_fate_weighted_terminal_state_expression_proxy,RAC2,2.1613329450902845,1.79976025086755,-0.3615726942227346,0.3615726942227346,10
CellRank_terminal_proxy,Non-responder,CellRank,CellRank†,pre_only_fate_weighted_terminal_state_expression_proxy,RAN,1.882091233403853,1.7053209819907835,-0.1767702514130698,0.1767702514130698,9
CellRank_terminal_proxy,Non-responder,CellRank,CellRank†,pre_only_fate_weighted_terminal_state_expression_proxy,RANBP2,1.3392671366209816,1.3333564713338262,-0.0059106652871554,0.0059106652871554,3
CellRank_terminal_proxy,Non-responder,CellRank,CellRank†,pre_only_fate_weighted_terminal_state_expression_proxy,RAP1B,1.610296603901601,1.4702470439822963,-0.1400495599193043,0.1400495599193043,7
CellRank_terminal_proxy,Non-responder,CellRank,CellRank†,pre_only_fate_weighted_terminal_state_expression_proxy,RASGEF1B,1.291359394953175,1.986477645206372,0.6951182502531967,0.6951182502531967,3
CellRank_terminal_proxy,Non-responder,CellRank,CellRank†,pre_only_fate_weighted_terminal_state_expression_proxy,RBBP4,1.458754343667052,1.261121960212507,-0.197632383454545,0.197632383454545,5
CellRank_terminal_proxy,Non-responder,CellRank,CellRank†,pre_only_fate_weighted_terminal_state_expression_proxy,RBBP7,1.1400048903593831,0.9168839603879392,-0.2231209299714438,0.2231209299714438,2
CellRank_terminal_proxy,Non-responder,CellRank,CellRank†,pre_only_fate_weighted_terminal_state_expression_proxy,RBM17,1.3154255347263986,1.274889644355533,-0.0405358903708654,0.0405358903708654,3
CellRank_terminal_proxy,Non-responder,CellRank,CellRank†,pre_only_fate_weighted_terminal_state_expression_proxy,RBM3,1.8116021266337892,1.7464382320822085,-0.0651638945515811,0.0651638945515811,9
CellRank_terminal_proxy,Non-responder,CellRank,CellRank†,pre_only_fate_weighted_terminal_state_expression_proxy,RBM6,1.838469365690012,1.818042942290026,-0.0204264233999862,0.0204264233999862,9
CellRank_terminal_proxy,Non-responder,CellRank,CellRank†,pre_only_fate_weighted_terminal_state_expression_proxy,RBM8A,1.6759969344293222,1.6407714566692324,-0.0352254777600897,0.0352254777600897,7
CellRank_terminal_proxy,Non-responder,CellRank,CellRank†,pre_only_fate_weighted_terminal_state_expression_proxy,RBMX,1.6675806015225454,1.395262476995925,-0.2723181245266204,0.2723181245266204,7
CellRank_terminal_proxy,Non-responder,CellRank,CellRank†,pre_only_fate_weighted_terminal_state_expression_proxy,RBPJ,1.5249494822003211,1.5971872477036888,0.0722377655033676,0.0722377655033676,6
CellRank_terminal_proxy,Non-responder,CellRank,CellRank†,pre_only_fate_weighted_terminal_state_expression_proxy,RBX1,1.3099758045366765,1.078795532018893,-0.2311802725177831,0.2311802725177831,3
CellRank_terminal_proxy,Non-responder,CellRank,CellRank†,pre_only_fate_weighted_terminal_state_expression_proxy,REEP5,1.488671127514336,1.666253313985066,0.1775821864707298,0.1775821864707298,5
CellRank_terminal_proxy,Non-responder,CellRank,CellRank†,pre_only_fate_weighted_terminal_state_expression_proxy,REL,1.1776179325380547,1.2702777946485242,0.0926598621104695,0.0926598621104695,2
CellRank_terminal_proxy,Non-responder,CellRank,CellRank†,pre_only_fate_weighted_terminal_state_expression_proxy,RGPD5,1.4956944446198832,1.7224259076903798,0.2267314630704966,0.2267314630704966,5
CellRank_terminal_proxy,Non-responder,CellRank,CellRank†,pre_only_fate_weighted_terminal_state_expression_proxy,RGS1,2.2301503991743403,1.4736314586953212,-0.7565189404790191,0.7565189404790191,10
CellRank_terminal_proxy,Non-responder,CellRank,CellRank†,pre_only_fate_weighted_terminal_state_expression_proxy,RGS10,1.2885029735144,0.5793918251859795,-0.7091111483284205,0.7091111483284205,3
CellRank_terminal_proxy,Non-responder,CellRank,CellRank†,pre_only_fate_weighted_terminal_state_expression_proxy,RGS19,1.0608616544905136,1.525781533907186,0.4649198794166724,0.4649198794166724,1
CellRank_terminal_proxy,Non-responder,CellRank,CellRank†,pre_only_fate_weighted_terminal_state_expression_proxy,RGS2,1.7548963657046877,1.885052273910113,0.1301559082054253,0.1301559082054253,8
CellRank_terminal_proxy,Non-responder,CellRank,CellRank†,pre_only_fate_weighted_terminal_state_expression_proxy,RHOA,2.086600811544792,2.085427815937436,-0.001172995607356,0.001172995607356,10
CellRank_terminal_proxy,Non-responder,CellRank,CellRank†,pre_only_fate_weighted_terminal_state_expression_proxy,RHOC,1.1700803525548409,1.2480887549498536,0.0780084023950127,0.0780084023950127,2
CellRank_terminal_proxy,Non-responder,CellRank,CellRank†,pre_only_fate_weighted_terminal_state_expression_proxy,RHOG,1.3345846726375703,1.4803922354576464,0.1458075628200759,0.1458075628200759,3
CellRank_terminal_proxy,Non-responder,CellRank,CellRank†,pre_only_fate_weighted_terminal_state_expression_proxy,RHOH,1.7672319112203294,1.379210677603438,-0.3880212336168913,0.3880212336168913,8
CellRank_terminal_proxy,Non-responder,CellRank,CellRank†,pre_only_fate_weighted_terminal_state_expression_proxy,RNASEK,1.8969065945660897,2.0295625023082224,0.1326559077421327,0.1326559077421327,9
CellRank_terminal_proxy,Non-responder,CellRank,CellRank†,pre_only_fate_weighted_terminal_state_expression_proxy,RNASET2,1.1899224734712175,1.667074988895316,0.4771525154240983,0.4771525154240983,2
CellRank_terminal_proxy,Non-responder,CellRank,CellRank†,pre_only_fate_weighted_terminal_state_expression_proxy,RNF149,1.636352810635482,1.7877604240706144,0.1514076134351325,0.1514076134351325,7
CellRank_terminal_proxy,Non-responder,CellRank,CellRank†,pre_only_fate_weighted_terminal_state_expression_proxy,RNF181,1.0920729850366873,1.5718260262945674,0.4797530412578801,0.4797530412578801,1
CellRank_terminal_proxy,Non-responder,CellRank,CellRank†,pre_only_fate_weighted_terminal_state_expression_proxy,RNF19A,1.8068617662499429,1.0341500738175124,-0.7727116924324304,0.7727116924324304,8
CellRank_terminal_proxy,Non-responder,CellRank,CellRank†,pre_only_fate_weighted_terminal_state_expression_proxy,RNH1,1.2533977599584174,1.3359267668073764,0.082529006848959,0.082529006848959,3
CellRank_terminal_proxy,Non-responder,CellRank,CellRank†,pre_only_fate_weighted_terminal_state_expression_proxy,RNU2-2P,1.071333570694485,1.7548499338955192,0.6835163632010339,0.6835163632010339,1
CellRank_terminal_proxy,Non-responder,CellRank,CellRank†,pre_only_fate_weighted_terminal_state_expression_proxy,RP11-138A9.1,1.269976289994502,0.9523711396501984,-0.3176051503443036,0.3176051503443036,3
CellRank_terminal_proxy,Non-responder,CellRank,CellRank†,pre_only_fate_weighted_terminal_state_expression_proxy,RP11-138A9.2,1.497175721346979,1.0011887411382132,-0.4959869802087657,0.4959869802087657,5
CellRank_terminal_proxy,Non-responder,CellRank,CellRank†,pre_only_fate_weighted_terminal_state_expression_proxy,RP11-138I1.4,2.005356783335875,1.947458590470964,-0.0578981928649113,0.0578981928649113,10
CellRank_terminal_proxy,Non-responder,CellRank,CellRank†,pre_only_fate_weighted_terminal_state_expression_proxy,RP11-16E23.4,1.3824193207691045,1.5482370733482762,0.1658177525791717,0.1658177525791717,4
CellRank_terminal_proxy,Non-responder,CellRank,CellRank†,pre_only_fate_weighted_terminal_state_expression_proxy,RP11-345J4.6,1.9886715244814144,1.40613108571921,-0.5825404387622044,0.5825404387622044,10
CellRank_terminal_proxy,Non-responder,CellRank,CellRank†,pre_only_fate_weighted_terminal_state_expression_proxy,RP11-386G11.10,1.544453686768799,1.7172279304185396,0.1727742436497406,0.1727742436497406,6
CellRank_terminal_proxy,Non-responder,CellRank,CellRank†,pre_only_fate_weighted_terminal_state_expression_proxy,RP11-466H18.1,1.8111325746364129,1.6695261647538018,-0.141606409882611,0.141606409882611,9
CellRank_terminal_proxy,Non-responder,CellRank,CellRank†,pre_only_fate_weighted_terminal_state_expression_proxy,RP11-543P15.1,1.3910775569119231,1.3398747225425858,-0.0512028343693373,0.0512028343693373,4
CellRank_terminal_proxy,Non-responder,CellRank,CellRank†,pre_only_fate_weighted_terminal_state_expression_proxy,RP4-583P15.14,1.2668516217546726,0.4678650996864135,-0.798986522068259,0.798986522068259,3
CellRank_terminal_proxy,Non-responder,CellRank,CellRank†,pre_only_fate_weighted_terminal_state_expression_proxy,RPL24,2.0999832665510447,1.945390574992809,-0.1545926915582354,0.1545926915582354,10
CellRank_terminal_proxy,Non-responder,CellRank,CellRank†,pre_only_fate_weighted_terminal_state_expression_proxy,RPL27,2.2303316042407952,1.94828331983414,-0.2820482844066554,0.2820482844066554,10
CellRank_terminal_proxy,Non-responder,CellRank,CellRank†,pre_only_fate_weighted_terminal_state_expression_proxy,RPL35,2.120873117044243,2.0069996988558505,-0.1138734181883927,0.1138734181883927,10
CellRank_terminal_proxy,Non-responder,CellRank,CellRank†,pre_only_fate_weighted_terminal_state_expression_proxy,RPL36A,2.094308143718976,1.9728848782929884,-0.1214232654259876,0.1214232654259876,10
CellRank_terminal_proxy,Non-responder,CellRank,CellRank†,pre_only_fate_weighted_terminal_state_expression_proxy,RPL36AL,1.868255861855731,1.5344778580168528,-0.3337780038388782,0.3337780038388782,9
CellRank_terminal_proxy,Non-responder,CellRank,CellRank†,pre_only_fate_weighted_terminal_state_expression_proxy,RPL37,2.042499186982106,1.7361198891096734,-0.3063792978724327,0.3063792978724327,10
CellRank_terminal_proxy,Non-responder,CellRank,CellRank†,pre_only_fate_weighted_terminal_state_expression_proxy,RPL37A,2.2641739641950185,2.105014324875396,-0.1591596393196224,0.1591596393196224,10
CellRank_terminal_proxy,Non-responder,CellRank,CellRank†,pre_only_fate_weighted_terminal_state_expression_proxy,RPL38,2.1420378448425925,2.0500588963507584,-0.091978948491834,0.091978948491834,10
CellRank_terminal_proxy,Non-responder,CellRank,CellRank†,pre_only_fate_weighted_terminal_state_expression_proxy,RPN1,1.610773666819702,1.6451393601997044,0.0343656933800025,0.0343656933800025,7
CellRank_terminal_proxy,Non-responder,CellRank,CellRank†,pre_only_fate_weighted_terminal_state_expression_proxy,RPN2,1.5606295625781357,1.6715922768389386,0.1109627142608031,0.1109627142608031,6
CellRank_terminal_proxy,Non-responder,CellRank,CellRank†,pre_only_fate_weighted_terminal_state_expression_proxy,RPS10,2.205368897129236,2.0197810271284884,-0.1855878700007474,0.1855878700007474,10
CellRank_terminal_proxy,Non-responder,CellRank,CellRank†,pre_only_fate_weighted_terminal_state_expression_proxy,RPS2,2.226057902299497,1.9849659661765808,-0.2410919361229162,0.2410919361229162,10
CellRank_terminal_proxy,Non-responder,CellRank,CellRank†,pre_only_fate_weighted_terminal_state_expression_proxy,RPS21,1.9939930472018943,1.7662284042951393,-0.2277646429067552,0.2277646429067552,10
CellRank_terminal_proxy,Non-responder,CellRank,CellRank†,pre_only_fate_weighted_terminal_state_expression_proxy,RPS4Y1,1.2913908209825904,1.365632189064213,0.0742413680816225,0.0742413680816225,3
CellRank_terminal_proxy,Non-responder,CellRank,CellRank†,pre_only_fate_weighted_terminal_state_expression_proxy,RPS5,2.2778379035558998,2.104319822076926,-0.1735180814789734,0.1735180814789734,10
CellRank_terminal_proxy,Non-responder,CellRank,CellRank†,pre_only_fate_weighted_terminal_state_expression_proxy,RSL1D1,1.4127613525681697,1.17055753153995,-0.2422038210282195,0.2422038210282195,4
CellRank_terminal_proxy,Non-responder,CellRank,CellRank†,pre_only_fate_weighted_terminal_state_expression_proxy,S100A10,1.6719057003402802,1.9154411105962736,0.2435354102559934,0.2435354102559934,7
CellRank_terminal_proxy,Non-responder,CellRank,CellRank†,pre_only_fate_weighted_terminal_state_expression_proxy,S100A11,1.7130085445936087,2.047982830950622,0.3349742863570131,0.3349742863570131,8
CellRank_terminal_proxy,Non-responder,CellRank,CellRank†,pre_only_fate_weighted_terminal_state_expression_proxy,S100A4,1.9507280999091596,1.5900446646267496,-0.3606834352824097,0.3606834352824097,9
CellRank_terminal_proxy,Non-responder,CellRank,CellRank†,pre_only_fate_weighted_terminal_state_expression_proxy,S100A6,1.8505238233871335,1.905509164243376,0.0549853408562421,0.0549853408562421,9
CellRank_terminal_proxy,Non-responder,CellRank,CellRank†,pre_only_fate_weighted_terminal_state_expression_proxy,SAMD3,1.1483200075470794,0.0047729687375588,-1.1435470388095206,1.1435470388095206,2
CellRank_terminal_proxy,Non-responder,CellRank,CellRank†,pre_only_fate_weighted_terminal_state_expression_proxy,SAMHD1,1.2132807222527302,1.5014968624130642,0.288216140160334,0.288216140160334,2
CellRank_terminal_proxy,Non-responder,CellRank,CellRank†,pre_only_fate_weighted_terminal_state_expression_proxy,SAMSN1,1.497982189691635,1.13323911079271,-0.364743078898925,0.364743078898925,5
CellRank_terminal_proxy,Non-responder,CellRank,CellRank†,pre_only_fate_weighted_terminal_state_expression_proxy,SAP18,1.5762600924715164,1.4432020259306677,-0.1330580665408489,0.1330580665408489,6
CellRank_terminal_proxy,Non-responder,CellRank,CellRank†,pre_only_fate_weighted_terminal_state_expression_proxy,SAP30BP,1.2028333809300908,1.2879726650533954,0.0851392841233045,0.0851392841233045,2
CellRank_terminal_proxy,Non-responder,CellRank,CellRank†,pre_only_fate_weighted_terminal_state_expression_proxy,SAR1A,1.6157752041446378,1.4731944067919356,-0.1425807973527022,0.1425807973527022,7
CellRank_terminal_proxy,Non-responder,CellRank,CellRank†,pre_only_fate_weighted_terminal_state_expression_proxy,SASH3,1.6101857085191356,1.2993745630990077,-0.3108111454201279,0.3108111454201279,7
CellRank_terminal_proxy,Non-responder,CellRank,CellRank†,pre_only_fate_weighted_terminal_state_expression_proxy,SAT1,2.1826318253939494,2.384258547133625,0.2016267217396756,0.2016267217396756,10
CellRank_terminal_proxy,Non-responder,CellRank,CellRank†,pre_only_fate_weighted_terminal_state_expression_proxy,SDCBP,1.435852160780179,1.92056505856642,0.4847128977862409,0.4847128977862409,5
CellRank_terminal_proxy,Non-responder,CellRank,CellRank†,pre_only_fate_weighted_terminal_state_expression_proxy,SDHB,1.152433268439906,1.2307008864362678,0.0782676179963617,0.0782676179963617,2
CellRank_terminal_proxy,Non-responder,CellRank,CellRank†,pre_only_fate_weighted_terminal_state_expression_proxy,SDHC,1.07112781686099,1.17692825131913,0.1058004344581398,0.1058004344581398,1
CellRank_terminal_proxy,Non-responder,CellRank,CellRank†,pre_only_fate_weighted_terminal_state_expression_proxy,SEC11C,1.218659904121232,0.9696666394347324,-0.2489932646864995,0.2489932646864995,2
CellRank_terminal_proxy,Non-responder,CellRank,CellRank†,pre_only_fate_weighted_terminal_state_expression_proxy,SEC13,1.187052120655114,0.9631582703283832,-0.2238938503267309,0.2238938503267309,2
CellRank_terminal_proxy,Non-responder,CellRank,CellRank†,pre_only_fate_weighted_terminal_state_expression_proxy,SEC61A1,1.4762917084121774,1.4199389113809011,-0.056352797031276,0.056352797031276,5
CellRank_terminal_proxy,Non-responder,CellRank,CellRank†,pre_only_fate_weighted_terminal_state_expression_proxy,SEC61B,1.500393621110091,1.42574440675207,-0.0746492143580208,0.0746492143580208,5
CellRank_terminal_proxy,Non-responder,CellRank,CellRank†,pre_only_fate_weighted_terminal_state_expression_proxy,SEC61G,1.2030021764368892,1.0061045064903231,-0.1968976699465658,0.1968976699465658,2
CellRank_terminal_proxy,Non-responder,CellRank,CellRank†,pre_only_fate_weighted_terminal_state_expression_proxy,SEC62,1.5303673252487626,1.8926123201125369,0.3622449948637742,0.3622449948637742,6
CellRank_terminal_proxy,Non-responder,CellRank,CellRank†,pre_only_fate_weighted_terminal_state_expression_proxy,SEL1L3,1.0758285145427644,1.0590586814478635,-0.0167698330949006,0.0167698330949006,1
CellRank_terminal_proxy,Non-responder,CellRank,CellRank†,pre_only_fate_weighted_terminal_state_expression_proxy,SELL,1.0711846412691053,1.4071906826173413,0.336006041348236,0.336006041348236,1
CellRank_terminal_proxy,Non-responder,CellRank,CellRank†,pre_only_fate_weighted_terminal_state_expression_proxy,SELPLG,1.6892496325653228,1.3442452398772613,-0.3450043926880615,0.3450043926880615,8
CellRank_terminal_proxy,Non-responder,CellRank,CellRank†,pre_only_fate_weighted_terminal_state_expression_proxy,SERBP1,1.5210517761073905,1.3945654239274716,-0.1264863521799186,0.1264863521799186,6
CellRank_terminal_proxy,Non-responder,CellRank,CellRank†,pre_only_fate_weighted_terminal_state_expression_proxy,SERF2,2.161982724571524,2.1312003845325957,-0.0307823400389288,0.0307823400389288,10
CellRank_terminal_proxy,Non-responder,CellRank,CellRank†,pre_only_fate_weighted_terminal_state_expression_proxy,SERP1,1.605038947282993,1.5169452006118285,-0.0880937466711644,0.0880937466711644,7
CellRank_terminal_proxy,Non-responder,CellRank,CellRank†,pre_only_fate_weighted_terminal_state_expression_proxy,SERPINB1,1.330647043347304,1.43373328989797,0.1030862465506661,0.1030862465506661,3
CellRank_terminal_proxy,Non-responder,CellRank,CellRank†,pre_only_fate_weighted_terminal_state_expression_proxy,SERPINB9,1.8011125099960203,1.8202691452278,0.0191566352317795,0.0191566352317795,8
CellRank_terminal_proxy,Non-responder,CellRank,CellRank†,pre_only_fate_weighted_terminal_state_expression_proxy,SF1,1.5327568643627312,1.429419136688355,-0.1033377276743761,0.1033377276743761,6
CellRank_terminal_proxy,Non-responder,CellRank,CellRank†,pre_only_fate_weighted_terminal_state_expression_proxy,SF3B5,1.1798863651431952,0.8848142387139418,-0.2950721264292534,0.2950721264292534,2
CellRank_terminal_proxy,Non-responder,CellRank,CellRank†,pre_only_fate_weighted_terminal_state_expression_proxy,SFPQ,1.4176526999346757,1.2787623109666697,-0.1388903889680059,0.1388903889680059,4
CellRank_terminal_proxy,Non-responder,CellRank,CellRank†,pre_only_fate_weighted_terminal_state_expression_proxy,SFT2D1,1.1500587433415228,1.3483596199116317,0.1983008765701088,0.1983008765701088,2
CellRank_terminal_proxy,Non-responder,CellRank,CellRank†,pre_only_fate_weighted_terminal_state_expression_proxy,SFT2D2,1.1876692847879875,1.1190388397102795,-0.0686304450777082,0.0686304450777082,2
CellRank_terminal_proxy,Non-responder,CellRank,CellRank†,pre_only_fate_weighted_terminal_state_expression_proxy,SGSM3,1.0307969996305442,1.2464575942121383,0.2156605945815943,0.2156605945815943,1
CellRank_terminal_proxy,Non-responder,CellRank,CellRank†,pre_only_fate_weighted_terminal_state_expression_proxy,SH2D2A,1.5480121243645866,0.2284679189485146,-1.319544205416072,1.319544205416072,6
CellRank_terminal_proxy,Non-responder,CellRank,CellRank†,pre_only_fate_weighted_terminal_state_expression_proxy,SH3BGRL,1.4920255443852797,1.7350863014013287,0.2430607570160492,0.2430607570160492,5
CellRank_terminal_proxy,Non-responder,CellRank,CellRank†,pre_only_fate_weighted_terminal_state_expression_proxy,SIVA1,1.200313576846786,1.2175678098130336,0.0172542329662477,0.0172542329662477,2
CellRank_terminal_proxy,Non-responder,CellRank,CellRank†,pre_only_fate_weighted_terminal_state_expression_proxy,SKAP1,1.487931324064995,0.2702461944939675,-1.2176851295710274,1.2176851295710274,5
CellRank_terminal_proxy,Non-responder,CellRank,CellRank†,pre_only_fate_weighted_terminal_state_expression_proxy,SKIL,1.1933719170759889,1.594812427271742,0.4014405101957532,0.4014405101957532,2
CellRank_terminal_proxy,Non-responder,CellRank,CellRank†,pre_only_fate_weighted_terminal_state_expression_proxy,SKP1,2.0012313781943,1.9125873691523727,-0.0886440090419264,0.0886440090419264,10
CellRank_terminal_proxy,Non-responder,CellRank,CellRank†,pre_only_fate_weighted_terminal_state_expression_proxy,SLA,1.7749704680730494,1.553766345735056,-0.2212041223379932,0.2212041223379932,8
CellRank_terminal_proxy,Non-responder,CellRank,CellRank†,pre_only_fate_weighted_terminal_state_expression_proxy,SLA2,1.2098751161488384,0.3298537478918322,-0.8800213682570062,0.8800213682570062,2
CellRank_terminal_proxy,Non-responder,CellRank,CellRank†,pre_only_fate_weighted_terminal_state_expression_proxy,SLAMF7,1.404564658738482,0.6288978664969065,-0.7756667922415756,0.7756667922415756,4
CellRank_terminal_proxy,Non-responder,CellRank,CellRank†,pre_only_fate_weighted_terminal_state_expression_proxy,SLC20A1,1.488753932508761,1.331574494396594,-0.1571794381121671,0.1571794381121671,5
CellRank_terminal_proxy,Non-responder,CellRank,CellRank†,pre_only_fate_weighted_terminal_state_expression_proxy,SLC25A3,1.91648922432294,1.9597902850722164,0.0433010607492763,0.0433010607492763,9
CellRank_terminal_proxy,Non-responder,CellRank,CellRank†,pre_only_fate_weighted_terminal_state_expression_proxy,SLC25A5,1.874434020684296,1.7624510132973967,-0.1119830073868994,0.1119830073868994,9
CellRank_terminal_proxy,Non-responder,CellRank,CellRank†,pre_only_fate_weighted_terminal_state_expression_proxy,SLC2A3,1.912401886838476,2.129878192054113,0.2174763052156374,0.2174763052156374,9
CellRank_terminal_proxy,Non-responder,CellRank,CellRank†,pre_only_fate_weighted_terminal_state_expression_proxy,SLC38A1,1.6576965245869535,1.1642838802736193,-0.4934126443133342,0.4934126443133342,7
CellRank_terminal_proxy,Non-responder,CellRank,CellRank†,pre_only_fate_weighted_terminal_state_expression_proxy,SLC38A2,1.4474234542923856,1.418977482809674,-0.0284459714827116,0.0284459714827116,5
CellRank_terminal_proxy,Non-responder,CellRank,CellRank†,pre_only_fate_weighted_terminal_state_expression_proxy,SLC3A2,1.4282514734733285,1.6887031163277524,0.2604516428544239,0.2604516428544239,4
CellRank_terminal_proxy,Non-responder,CellRank,CellRank†,pre_only_fate_weighted_terminal_state_expression_proxy,SLC44A2,1.2752524315540072,1.0014028515428783,-0.2738495800111289,0.2738495800111289,3
CellRank_terminal_proxy,Non-responder,CellRank,CellRank†,pre_only_fate_weighted_terminal_state_expression_proxy,SNAP23,1.1791879504284146,1.2065069182842278,0.0273189678558132,0.0273189678558132,2
CellRank_terminal_proxy,Non-responder,CellRank,CellRank†,pre_only_fate_weighted_terminal_state_expression_proxy,SND1,1.324904862342973,1.2128571255905063,-0.1120477367524666,0.1120477367524666,3
CellRank_terminal_proxy,Non-responder,CellRank,CellRank†,pre_only_fate_weighted_terminal_state_expression_proxy,SNHG1,1.4803034199126897,1.362109489566637,-0.1181939303460526,0.1181939303460526,5
CellRank_terminal_proxy,Non-responder,CellRank,CellRank†,pre_only_fate_weighted_terminal_state_expression_proxy,SNHG12,1.3496394804454768,1.6354175142014051,0.2857780337559283,0.2857780337559283,4
CellRank_terminal_proxy,Non-responder,CellRank,CellRank†,pre_only_fate_weighted_terminal_state_expression_proxy,SNHG15,1.0776236708136466,1.2499700489168146,0.172346378103168,0.172346378103168,1
CellRank_terminal_proxy,Non-responder,CellRank,CellRank†,pre_only_fate_weighted_terminal_state_expression_proxy,SNHG5,1.6834713102078709,1.7898412371295056,0.1063699269216349,0.1063699269216349,7
CellRank_terminal_proxy,Non-responder,CellRank,CellRank†,pre_only_fate_weighted_terminal_state_expression_proxy,SNHG8,1.2564308608606982,1.4227155187783758,0.1662846579176775,0.1662846579176775,3
CellRank_terminal_proxy,Non-responder,CellRank,CellRank†,pre_only_fate_weighted_terminal_state_expression_proxy,SNORD3A,1.075000198925166,1.3966613933006549,0.321661194375489,0.321661194375489,1
CellRank_terminal_proxy,Non-responder,CellRank,CellRank†,pre_only_fate_weighted_terminal_state_expression_proxy,SNRPB,1.677873403464237,1.501659650548152,-0.176213752916085,0.176213752916085,7
CellRank_terminal_proxy,Non-responder,CellRank,CellRank†,pre_only_fate_weighted_terminal_state_expression_proxy,SNRPD2,1.6005972252346472,1.3677004282731346,-0.2328967969615125,0.2328967969615125,7
CellRank_terminal_proxy,Non-responder,CellRank,CellRank†,pre_only_fate_weighted_terminal_state_expression_proxy,SNRPG,1.2815709455009576,1.1849927690002782,-0.0965781765006794,0.0965781765006794,3
CellRank_terminal_proxy,Non-responder,CellRank,CellRank†,pre_only_fate_weighted_terminal_state_expression_proxy,SNX17,1.3641083893674684,1.1607125300435444,-0.203395859323924,0.203395859323924,4
CellRank_terminal_proxy,Non-responder,CellRank,CellRank†,pre_only_fate_weighted_terminal_state_expression_proxy,SNX2,0.9745429577984134,1.4689930893074168,0.4944501315090034,0.4944501315090034,1
CellRank_terminal_proxy,Non-responder,CellRank,CellRank†,pre_only_fate_weighted_terminal_state_expression_proxy,SOD1,1.85912142088202,1.3918993496850314,-0.4672220711969885,0.4672220711969885,9
CellRank_terminal_proxy,Non-responder,CellRank,CellRank†,pre_only_fate_weighted_terminal_state_expression_proxy,SOD2,1.0466241850162057,1.878492792225608,0.8318686072094024,0.8318686072094024,1
CellRank_terminal_proxy,Non-responder,CellRank,CellRank†,pre_only_fate_weighted_terminal_state_expression_proxy,SP100,1.8779258086693675,1.7368138135319449,-0.1411119951374224,0.1411119951374224,9
CellRank_terminal_proxy,Non-responder,CellRank,CellRank†,pre_only_fate_weighted_terminal_state_expression_proxy,SP110,1.5740281622833656,1.6613090380819755,0.0872808757986101,0.0872808757986101,6
CellRank_terminal_proxy,Non-responder,CellRank,CellRank†,pre_only_fate_weighted_terminal_state_expression_proxy,SPCS1,1.5757665205368514,1.3503354368497504,-0.2254310836871009,0.2254310836871009,6
CellRank_terminal_proxy,Non-responder,CellRank,CellRank†,pre_only_fate_weighted_terminal_state_expression_proxy,SPCS2,1.4504920960527334,1.54026202592929,0.0897699298765566,0.0897699298765566,5
CellRank_terminal_proxy,Non-responder,CellRank,CellRank†,pre_only_fate_weighted_terminal_state_expression_proxy,SPCS2P4,1.2836383978233972,1.412247600633048,0.1286092028096508,0.1286092028096508,3
CellRank_terminal_proxy,Non-responder,CellRank,CellRank†,pre_only_fate_weighted_terminal_state_expression_proxy,SPCS3,1.3530179190999505,1.3516493927004425,-0.001368526399508,0.001368526399508,4
CellRank_terminal_proxy,Non-responder,CellRank,CellRank†,pre_only_fate_weighted_terminal_state_expression_proxy,SPN,1.2584319108519402,0.4155395408842131,-0.8428923699677271,0.8428923699677271,3
CellRank_terminal_proxy,Non-responder,CellRank,CellRank†,pre_only_fate_weighted_terminal_state_expression_proxy,SPOCK2,1.544945407036577,0.4649731076853539,-1.0799722993512229,1.0799722993512229,6
CellRank_terminal_proxy,Non-responder,CellRank,CellRank†,pre_only_fate_weighted_terminal_state_expression_proxy,SQSTM1,1.549298564968254,1.7812325698892515,0.2319340049209977,0.2319340049209977,6
CellRank_terminal_proxy,Non-responder,CellRank,CellRank†,pre_only_fate_weighted_terminal_state_expression_proxy,SRGN,2.279263505383077,2.1753481728945783,-0.1039153324884991,0.1039153324884991,10
CellRank_terminal_proxy,Non-responder,CellRank,CellRank†,pre_only_fate_weighted_terminal_state_expression_proxy,SRI,1.3820471872960858,0.946923988569941,-0.4351231987261448,0.4351231987261448,4
CellRank_terminal_proxy,Non-responder,CellRank,CellRank†,pre_only_fate_weighted_terminal_state_expression_proxy,SRP14,2.033735378423165,1.8575120183065477,-0.1762233601166174,0.1762233601166174,10
CellRank_terminal_proxy,Non-responder,CellRank,CellRank†,pre_only_fate_weighted_terminal_state_expression_proxy,SRP9,1.5928800341450915,1.3905763301870664,-0.2023037039580253,0.2023037039580253,7
CellRank_terminal_proxy,Non-responder,CellRank,CellRank†,pre_only_fate_weighted_terminal_state_expression_proxy,SRSF1,1.4458808331593802,1.4274759527039018,-0.0184048804554783,0.0184048804554783,5
CellRank_terminal_proxy,Non-responder,CellRank,CellRank†,pre_only_fate_weighted_terminal_state_expression_proxy,SRSF2,1.8842327192498705,1.6522195438907057,-0.2320131753591647,0.2320131753591647,9
CellRank_terminal_proxy,Non-responder,CellRank,CellRank†,pre_only_fate_weighted_terminal_state_expression_proxy,SRSF5,2.0833302439508112,2.0023146371128218,-0.0810156068379894,0.0810156068379894,10
CellRank_terminal_proxy,Non-responder,CellRank,CellRank†,pre_only_fate_weighted_terminal_state_expression_proxy,SRSF7,1.9289005890443844,1.797417983246814,-0.1314826057975704,0.1314826057975704,9
CellRank_terminal_proxy,Non-responder,CellRank,CellRank†,pre_only_fate_weighted_terminal_state_expression_proxy,SSB,1.3021927279691523,1.0609100062328254,-0.2412827217363271,0.2412827217363271,3
CellRank_terminal_proxy,Non-responder,CellRank,CellRank†,pre_only_fate_weighted_terminal_state_expression_proxy,SSR1,1.4485680677659136,1.4411498102142308,-0.0074182575516827,0.0074182575516827,5
CellRank_terminal_proxy,Non-responder,CellRank,CellRank†,pre_only_fate_weighted_terminal_state_expression_proxy,SSR2,1.8144062693061904,1.7159060815031677,-0.0985001878030227,0.0985001878030227,9
CellRank_terminal_proxy,Non-responder,CellRank,CellRank†,pre_only_fate_weighted_terminal_state_expression_proxy,SSR3,1.4347433908735658,1.4700650524717094,0.0353216615981435,0.0353216615981435,5
CellRank_terminal_proxy,Non-responder,CellRank,CellRank†,pre_only_fate_weighted_terminal_state_expression_proxy,SSR4,1.7523440921331148,1.611523962090547,-0.1408201300425677,0.1408201300425677,8
CellRank_terminal_proxy,Non-responder,CellRank,CellRank†,pre_only_fate_weighted_terminal_state_expression_proxy,ST13,1.4121801734129875,1.2103249442759072,-0.2018552291370803,0.2018552291370803,4
CellRank_terminal_proxy,Non-responder,CellRank,CellRank†,pre_only_fate_weighted_terminal_state_expression_proxy,ST6GAL1,1.2572876017135917,1.444650206174867,0.1873626044612752,0.1873626044612752,3
CellRank_terminal_proxy,Non-responder,CellRank,CellRank†,pre_only_fate_weighted_terminal_state_expression_proxy,STAT1,1.7935507235699124,1.5499250090239842,-0.2436257145459281,0.2436257145459281,8
CellRank_terminal_proxy,Non-responder,CellRank,CellRank†,pre_only_fate_weighted_terminal_state_expression_proxy,STAT2,1.2558108687522405,1.563576852267189,0.3077659835149484,0.3077659835149484,3
CellRank_terminal_proxy,Non-responder,CellRank,CellRank†,pre_only_fate_weighted_terminal_state_expression_proxy,STAT4,1.6082994277116864,0.668219856651192,-0.9400795710604944,0.9400795710604944,7
CellRank_terminal_proxy,Non-responder,CellRank,CellRank†,pre_only_fate_weighted_terminal_state_expression_proxy,STAT6,1.2728839831513548,1.5547487224787748,0.28186473932742,0.28186473932742,3
CellRank_terminal_proxy,Non-responder,CellRank,CellRank†,pre_only_fate_weighted_terminal_state_expression_proxy,STIP1,1.3620464998446962,1.1576452367911276,-0.2044012630535685,0.2044012630535685,4
CellRank_terminal_proxy,Non-responder,CellRank,CellRank†,pre_only_fate_weighted_terminal_state_expression_proxy,STOM,1.471727749003631,1.210726860872878,-0.2610008881307526,0.2610008881307526,5
CellRank_terminal_proxy,Non-responder,CellRank,CellRank†,pre_only_fate_weighted_terminal_state_expression_proxy,STRAP,1.3813191658666897,1.105083674761229,-0.2762354911054607,0.2762354911054607,4
CellRank_terminal_proxy,Non-responder,CellRank,CellRank†,pre_only_fate_weighted_terminal_state_expression_proxy,STT3A,1.236484867426107,1.1279501209182252,-0.1085347465078818,0.1085347465078818,2
CellRank_terminal_proxy,Non-responder,CellRank,CellRank†,pre_only_fate_weighted_terminal_state_expression_proxy,SUB1,1.9312376266623792,1.6258146309024843,-0.3054229957598948,0.3054229957598948,9
CellRank_terminal_proxy,Non-responder,CellRank,CellRank†,pre_only_fate_weighted_terminal_state_expression_proxy,SUMO2,1.9324160009267013,1.700065883962432,-0.2323501169642696,0.2323501169642696,9
CellRank_terminal_proxy,Non-responder,CellRank,CellRank†,pre_only_fate_weighted_terminal_state_expression_proxy,SUPT5H,1.3418992750654126,1.1388908042260104,-0.2030084708394022,0.2030084708394022,3
CellRank_terminal_proxy,Non-responder,CellRank,CellRank†,pre_only_fate_weighted_terminal_state_expression_proxy,SURF4,1.5563792852992044,1.0435912263593174,-0.512788058939887,0.512788058939887,6
CellRank_terminal_proxy,Non-responder,CellRank,CellRank†,pre_only_fate_weighted_terminal_state_expression_proxy,SYNE2,1.664370907814244,0.4166828882317333,-1.2476880195825106,1.2476880195825106,7
CellRank_terminal_proxy,Non-responder,CellRank,CellRank†,pre_only_fate_weighted_terminal_state_expression_proxy,SYNGR2,1.6223281676522894,2.0717686602814456,0.4494404926291562,0.4494404926291562,7
CellRank_terminal_proxy,Non-responder,CellRank,CellRank†,pre_only_fate_weighted_terminal_state_expression_proxy,SYTL3,1.195177776934374,0.3789306046942888,-0.816247172240085,0.816247172240085,2
CellRank_terminal_proxy,Non-responder,CellRank,CellRank†,pre_only_fate_weighted_terminal_state_expression_proxy,TAGAP,1.5782911643677908,1.550553487571834,-0.0277376767959567,0.0277376767959567,6
CellRank_terminal_proxy,Non-responder,CellRank,CellRank†,pre_only_fate_weighted_terminal_state_expression_proxy,TAGLN2,1.966614947080634,2.1730595400002364,0.2064445929196023,0.2064445929196023,10
CellRank_terminal_proxy,Non-responder,CellRank,CellRank†,pre_only_fate_weighted_terminal_state_expression_proxy,TALDO1,1.352315701921072,1.5127211543348131,0.1604054524137412,0.1604054524137412,4
CellRank_terminal_proxy,Non-responder,CellRank,CellRank†,pre_only_fate_weighted_terminal_state_expression_proxy,TANK,1.5288105199209805,1.4584556431548534,-0.0703548767661268,0.0703548767661268,6
CellRank_terminal_proxy,Non-responder,CellRank,CellRank†,pre_only_fate_weighted_terminal_state_expression_proxy,TAOK3,1.1407358815968889,1.174113231481556,0.0333773498846672,0.0333773498846672,2
CellRank_terminal_proxy,Non-responder,CellRank,CellRank†,pre_only_fate_weighted_terminal_state_expression_proxy,TAP1,1.8677098496701805,1.523037516691791,-0.3446723329783894,0.3446723329783894,9
CellRank_terminal_proxy,Non-responder,CellRank,CellRank†,pre_only_fate_weighted_terminal_state_expression_proxy,TBCB,1.4695203425001933,1.1258166802992708,-0.3437036622009224,0.3437036622009224,5
CellRank_terminal_proxy,Non-responder,CellRank,CellRank†,pre_only_fate_weighted_terminal_state_expression_proxy,TBCD,1.2789913348049493,0.3475489109356555,-0.9314424238692938,0.9314424238692938,3
CellRank_terminal_proxy,Non-responder,CellRank,CellRank†,pre_only_fate_weighted_terminal_state_expression_proxy,TCF25,1.5317112389883116,1.5542260405114134,0.0225148015231018,0.0225148015231018,6
CellRank_terminal_proxy,Non-responder,CellRank,CellRank†,pre_only_fate_weighted_terminal_state_expression_proxy,TCIRG1,1.5694961755832812,1.7067127498471424,0.1372165742638611,0.1372165742638611,6
CellRank_terminal_proxy,Non-responder,CellRank,CellRank†,pre_only_fate_weighted_terminal_state_expression_proxy,TCP1,1.4187811813988924,1.2987529683588517,-0.1200282130400409,0.1200282130400409,4
CellRank_terminal_proxy,Non-responder,CellRank,CellRank†,pre_only_fate_weighted_terminal_state_expression_proxy,TECR,1.4834695298779357,1.0459492629917762,-0.4375202668861593,0.4375202668861593,5
CellRank_terminal_proxy,Non-responder,CellRank,CellRank†,pre_only_fate_weighted_terminal_state_expression_proxy,TFRC,1.5026143484528314,1.7045084440763745,0.2018940956235431,0.2018940956235431,5
CellRank_terminal_proxy,Non-responder,CellRank,CellRank†,pre_only_fate_weighted_terminal_state_expression_proxy,TGIF1,1.0313811260847183,1.2234558546155794,0.192074728530861,0.192074728530861,1
CellRank_terminal_proxy,Non-responder,CellRank,CellRank†,pre_only_fate_weighted_terminal_state_expression_proxy,TIGIT,1.510462437687445,0.0038606658499076,-1.5066017718375373,1.5066017718375373,6
CellRank_terminal_proxy,Non-responder,CellRank,CellRank†,pre_only_fate_weighted_terminal_state_expression_proxy,TKT,1.1800173920223027,1.4677735227935091,0.2877561307712064,0.2877561307712064,2
CellRank_terminal_proxy,Non-responder,CellRank,CellRank†,pre_only_fate_weighted_terminal_state_expression_proxy,TM9SF2,1.331074126401988,1.408921845608735,0.0778477192067468,0.0778477192067468,3
CellRank_terminal_proxy,Non-responder,CellRank,CellRank†,pre_only_fate_weighted_terminal_state_expression_proxy,TMA7,1.9143117781089272,1.6571530182979766,-0.2571587598109506,0.2571587598109506,9
CellRank_terminal_proxy,Non-responder,CellRank,CellRank†,pre_only_fate_weighted_terminal_state_expression_proxy,TMBIM6,1.957779518762298,2.0466986196342645,0.0889191008719665,0.0889191008719665,9
CellRank_terminal_proxy,Non-responder,CellRank,CellRank†,pre_only_fate_weighted_terminal_state_expression_proxy,TMC6,1.649633852555313,1.6043598720681207,-0.0452739804871922,0.0452739804871922,7
CellRank_terminal_proxy,Non-responder,CellRank,CellRank†,pre_only_fate_weighted_terminal_state_expression_proxy,TMED10,1.4843113240815784,1.4646711423781136,-0.0196401817034648,0.0196401817034648,5
CellRank_terminal_proxy,Non-responder,CellRank,CellRank†,pre_only_fate_weighted_terminal_state_expression_proxy,TMED2,1.4846971491772445,1.3675345594810786,-0.1171625896961658,0.1171625896961658,5
CellRank_terminal_proxy,Non-responder,CellRank,CellRank†,pre_only_fate_weighted_terminal_state_expression_proxy,TMED9,1.13491279911134,1.0823147246031215,-0.0525980745082181,0.0525980745082181,1
CellRank_terminal_proxy,Non-responder,CellRank,CellRank†,pre_only_fate_weighted_terminal_state_expression_proxy,TMEM109,1.2336895894907165,1.1140675149565806,-0.1196220745341358,0.1196220745341358,2
CellRank_terminal_proxy,Non-responder,CellRank,CellRank†,pre_only_fate_weighted_terminal_state_expression_proxy,TMEM123,1.2745963748554074,1.6045910891284982,0.3299947142730908,0.3299947142730908,3
CellRank_terminal_proxy,Non-responder,CellRank,CellRank†,pre_only_fate_weighted_terminal_state_expression_proxy,TMEM179B,1.1540936237492287,0.9531807977994814,-0.2009128259497473,0.2009128259497473,2
CellRank_terminal_proxy,Non-responder,CellRank,CellRank†,pre_only_fate_weighted_terminal_state_expression_proxy,TMEM219,1.1861525124981276,1.2122466903256386,0.026094177827511,0.026094177827511,2
CellRank_terminal_proxy,Non-responder,CellRank,CellRank†,pre_only_fate_weighted_terminal_state_expression_proxy,TMEM258,1.2880190540249437,1.1176006925904634,-0.1704183614344803,0.1704183614344803,3
CellRank_terminal_proxy,Non-responder,CellRank,CellRank†,pre_only_fate_weighted_terminal_state_expression_proxy,TMEM59,1.7063203220673435,1.707701062383432,0.0013807403160881,0.0013807403160881,8
CellRank_terminal_proxy,Non-responder,CellRank,CellRank†,pre_only_fate_weighted_terminal_state_expression_proxy,TNFAIP3,2.1967357667117566,1.7480391779537363,-0.4486965887580203,0.4486965887580203,10
CellRank_terminal_proxy,Non-responder,CellRank,CellRank†,pre_only_fate_weighted_terminal_state_expression_proxy,TNFAIP8,1.1715382112121149,1.1110928011615684,-0.0604454100505464,0.0604454100505464,2
CellRank_terminal_proxy,Non-responder,CellRank,CellRank†,pre_only_fate_weighted_terminal_state_expression_proxy,TNFRSF1B,1.573945911621474,1.4656457792491466,-0.1083001323723273,0.1083001323723273,6
CellRank_terminal_proxy,Non-responder,CellRank,CellRank†,pre_only_fate_weighted_terminal_state_expression_proxy,TOB1,1.903604479119635,1.6930877725756217,-0.2105167065440134,0.2105167065440134,9
CellRank_terminal_proxy,Non-responder,CellRank,CellRank†,pre_only_fate_weighted_terminal_state_expression_proxy,TOMM7,1.6817270019373844,1.287983535911774,-0.3937434660256105,0.3937434660256105,7
CellRank_terminal_proxy,Non-responder,CellRank,CellRank†,pre_only_fate_weighted_terminal_state_expression_proxy,TOX,1.049335485956118,0.1143534153794896,-0.9349820705766284,0.9349820705766284,1
CellRank_terminal_proxy,Non-responder,CellRank,CellRank†,pre_only_fate_weighted_terminal_state_expression_proxy,TPI1,1.986862158957996,2.1219981344041283,0.1351359754461325,0.1351359754461325,10
CellRank_terminal_proxy,Non-responder,CellRank,CellRank†,pre_only_fate_weighted_terminal_state_expression_proxy,TPM3,2.138612487252244,1.9738966493047647,-0.1647158379474789,0.1647158379474789,10
CellRank_terminal_proxy,Non-responder,CellRank,CellRank†,pre_only_fate_weighted_terminal_state_expression_proxy,TPM4,1.592501508567296,1.6546493554902566,0.0621478469229606,0.0621478469229606,6
CellRank_terminal_proxy,Non-responder,CellRank,CellRank†,pre_only_fate_weighted_terminal_state_expression_proxy,TPP1,1.6493625333604975,2.024309182576305,0.3749466492158073,0.3749466492158073,7
CellRank_terminal_proxy,Non-responder,CellRank,CellRank†,pre_only_fate_weighted_terminal_state_expression_proxy,TRA2B,1.5624685766965871,1.497750094124808,-0.0647184825717792,0.0647184825717792,6
CellRank_terminal_proxy,Non-responder,CellRank,CellRank†,pre_only_fate_weighted_terminal_state_expression_proxy,TRAC,2.145886996221853,0.1455829435405612,-2.000304052681292,2.000304052681292,10
CellRank_terminal_proxy,Non-responder,CellRank,CellRank†,pre_only_fate_weighted_terminal_state_expression_proxy,TRAF3IP3,1.5906680399061937,0.8656640554063912,-0.7250039844998024,0.7250039844998024,6
CellRank_terminal_proxy,Non-responder,CellRank,CellRank†,pre_only_fate_weighted_terminal_state_expression_proxy,TRAM1,1.4672264644306665,1.334537689457738,-0.1326887749729284,0.1326887749729284,5
CellRank_terminal_proxy,Non-responder,CellRank,CellRank†,pre_only_fate_weighted_terminal_state_expression_proxy,TRBC2,2.334709259531225,0.769012213925712,-1.5656970456055133,1.5656970456055133,10
CellRank_terminal_proxy,Non-responder,CellRank,CellRank†,pre_only_fate_weighted_terminal_state_expression_proxy,TRIM22,1.6908531317701407,1.748421733623383,0.0575686018532421,0.0575686018532421,8
CellRank_terminal_proxy,Non-responder,CellRank,CellRank†,pre_only_fate_weighted_terminal_state_expression_proxy,TRMT112,1.5974689089215577,1.5079865495942446,-0.0894823593273128,0.0894823593273128,7
CellRank_terminal_proxy,Non-responder,CellRank,CellRank†,pre_only_fate_weighted_terminal_state_expression_proxy,TSC22D3,2.130575793847824,2.1843395585136,0.0537637646657764,0.0537637646657764,10
CellRank_terminal_proxy,Non-responder,CellRank,CellRank†,pre_only_fate_weighted_terminal_state_expression_proxy,TSPO,1.6039220136306929,1.711419370480221,0.1074973568495281,0.1074973568495281,7
CellRank_terminal_proxy,Non-responder,CellRank,CellRank†,pre_only_fate_weighted_terminal_state_expression_proxy,TSPYL2,1.2629600903011928,0.9073418187210948,-0.3556182715800982,0.3556182715800982,3
CellRank_terminal_proxy,Non-responder,CellRank,CellRank†,pre_only_fate_weighted_terminal_state_expression_proxy,TTC3,1.1037240545361742,1.329383889120358,0.2256598345841838,0.2256598345841838,1
CellRank_terminal_proxy,Non-responder,CellRank,CellRank†,pre_only_fate_weighted_terminal_state_expression_proxy,TUBA1A,1.574833309569189,1.630391042084711,0.0555577325155218,0.0555577325155218,6
CellRank_terminal_proxy,Non-responder,CellRank,CellRank†,pre_only_fate_weighted_terminal_state_expression_proxy,TUBA1B,1.7339856467627006,1.9612867619601275,0.2273011151974269,0.2273011151974269,8
CellRank_terminal_proxy,Non-responder,CellRank,CellRank†,pre_only_fate_weighted_terminal_state_expression_proxy,TUBA4A,1.667454131881617,0.8559632166896715,-0.8114909151919455,0.8114909151919455,7
CellRank_terminal_proxy,Non-responder,CellRank,CellRank†,pre_only_fate_weighted_terminal_state_expression_proxy,TUBB,1.5497436844663204,1.406417825621051,-0.1433258588452692,0.1433258588452692,6
CellRank_terminal_proxy,Non-responder,CellRank,CellRank†,pre_only_fate_weighted_terminal_state_expression_proxy,TUBB4B,1.4290930578490595,1.5091514527371064,0.0800583948880466,0.0800583948880466,4
CellRank_terminal_proxy,Non-responder,CellRank,CellRank†,pre_only_fate_weighted_terminal_state_expression_proxy,TWF2,1.3510822500540798,1.332813284806847,-0.0182689652472327,0.0182689652472327,4
CellRank_terminal_proxy,Non-responder,CellRank,CellRank†,pre_only_fate_weighted_terminal_state_expression_proxy,TXN,1.2677271152355636,1.243348492235599,-0.0243786229999645,0.0243786229999645,3
CellRank_terminal_proxy,Non-responder,CellRank,CellRank†,pre_only_fate_weighted_terminal_state_expression_proxy,TXNIP,1.8333092753242548,2.1298194639990284,0.2965101886747736,0.2965101886747736,9
CellRank_terminal_proxy,Non-responder,CellRank,CellRank†,pre_only_fate_weighted_terminal_state_expression_proxy,TYMP,0.981939347159859,1.5334774552096402,0.5515381080497812,0.5515381080497812,1
CellRank_terminal_proxy,Non-responder,CellRank,CellRank†,pre_only_fate_weighted_terminal_state_expression_proxy,U2AF1,1.619555185016356,1.3907179468187945,-0.2288372381975614,0.2288372381975614,7
CellRank_terminal_proxy,Non-responder,CellRank,CellRank†,pre_only_fate_weighted_terminal_state_expression_proxy,UBB,2.274883758424001,2.198810753072532,-0.0760730053514695,0.0760730053514695,10
CellRank_terminal_proxy,Non-responder,CellRank,CellRank†,pre_only_fate_weighted_terminal_state_expression_proxy,UBE2B,1.4563988818049087,1.638341061603746,0.1819421797988372,0.1819421797988372,5
CellRank_terminal_proxy,Non-responder,CellRank,CellRank†,pre_only_fate_weighted_terminal_state_expression_proxy,UBE2D3,1.9626695903160585,1.7896132864875156,-0.1730563038285426,0.1730563038285426,9
CellRank_terminal_proxy,Non-responder,CellRank,CellRank†,pre_only_fate_weighted_terminal_state_expression_proxy,UBE2L6,1.7195357649898364,1.412166579767648,-0.3073691852221882,0.3073691852221882,8
CellRank_terminal_proxy,Non-responder,CellRank,CellRank†,pre_only_fate_weighted_terminal_state_expression_proxy,UBL5,1.5428536243249773,1.3337349638820335,-0.2091186604429438,0.2091186604429438,6
CellRank_terminal_proxy,Non-responder,CellRank,CellRank†,pre_only_fate_weighted_terminal_state_expression_proxy,UBXN1,1.6623102521777773,1.7066499164312243,0.0443396642534472,0.0443396642534472,7
CellRank_terminal_proxy,Non-responder,CellRank,CellRank†,pre_only_fate_weighted_terminal_state_expression_proxy,UCP2,1.9721615339785583,1.778421110630459,-0.1937404233480992,0.1937404233480992,10
CellRank_terminal_proxy,Non-responder,CellRank,CellRank†,pre_only_fate_weighted_terminal_state_expression_proxy,UQCR11,1.4746187042455596,1.3359896828731508,-0.1386290213724088,0.1386290213724088,5
CellRank_terminal_proxy,Non-responder,CellRank,CellRank†,pre_only_fate_weighted_terminal_state_expression_proxy,UQCRB,1.5729444638838852,1.4605260893454817,-0.1124183745384035,0.1124183745384035,6
CellRank_terminal_proxy,Non-responder,CellRank,CellRank†,pre_only_fate_weighted_terminal_state_expression_proxy,UQCRC1,1.411905100570623,1.5450169362178514,0.1331118356472285,0.1331118356472285,4
CellRank_terminal_proxy,Non-responder,CellRank,CellRank†,pre_only_fate_weighted_terminal_state_expression_proxy,UQCRH,1.459675023669026,1.4498026434260536,-0.0098723802429723,0.0098723802429723,5
CellRank_terminal_proxy,Non-responder,CellRank,CellRank†,pre_only_fate_weighted_terminal_state_expression_proxy,UQCRQ,1.513957753984973,1.486670998360789,-0.0272867556241835,0.0272867556241835,6
CellRank_terminal_proxy,Non-responder,CellRank,CellRank†,pre_only_fate_weighted_terminal_state_expression_proxy,USP11,1.2480516157940018,0.907579148963972,-0.3404724668300298,0.3404724668300298,3
CellRank_terminal_proxy,Non-responder,CellRank,CellRank†,pre_only_fate_weighted_terminal_state_expression_proxy,USP15,1.4394234695289276,1.311510311903678,-0.1279131576252496,0.1279131576252496,5
CellRank_terminal_proxy,Non-responder,CellRank,CellRank†,pre_only_fate_weighted_terminal_state_expression_proxy,USP36,1.348503573370058,1.2544386121507396,-0.0940649612193182,0.0940649612193182,4
CellRank_terminal_proxy,Non-responder,CellRank,CellRank†,pre_only_fate_weighted_terminal_state_expression_proxy,VAMP5,1.1296104390328847,0.9711545634360736,-0.1584558755968111,0.1584558755968111,1
CellRank_terminal_proxy,Non-responder,CellRank,CellRank†,pre_only_fate_weighted_terminal_state_expression_proxy,VAMP8,1.4684994826393636,1.6670863789563928,0.1985868963170292,0.1985868963170292,5
CellRank_terminal_proxy,Non-responder,CellRank,CellRank†,pre_only_fate_weighted_terminal_state_expression_proxy,VAPA,1.497084966574128,1.80380520553754,0.3067202389634123,0.3067202389634123,5
CellRank_terminal_proxy,Non-responder,CellRank,CellRank†,pre_only_fate_weighted_terminal_state_expression_proxy,VDAC2,1.4088850383929028,1.259442248898092,-0.1494427894948107,0.1494427894948107,4
CellRank_terminal_proxy,Non-responder,CellRank,CellRank†,pre_only_fate_weighted_terminal_state_expression_proxy,VIM,2.062203722677421,2.1587305149596814,0.0965267922822601,0.0965267922822601,10
CellRank_terminal_proxy,Non-responder,CellRank,CellRank†,pre_only_fate_weighted_terminal_state_expression_proxy,VMP1,1.819574450813064,1.889662506591548,0.0700880557784837,0.0700880557784837,9
CellRank_terminal_proxy,Non-responder,CellRank,CellRank†,pre_only_fate_weighted_terminal_state_expression_proxy,VPS29,1.3351002286749822,1.534720132032475,0.1996199033574928,0.1996199033574928,3
CellRank_terminal_proxy,Non-responder,CellRank,CellRank†,pre_only_fate_weighted_terminal_state_expression_proxy,WDR1,1.6962083837793542,1.3100072855448257,-0.3862010982345285,0.3862010982345285,8
CellRank_terminal_proxy,Non-responder,CellRank,CellRank†,pre_only_fate_weighted_terminal_state_expression_proxy,WSB1,1.5035609440232325,1.801325861600105,0.297764917576873,0.297764917576873,5
CellRank_terminal_proxy,Non-responder,CellRank,CellRank†,pre_only_fate_weighted_terminal_state_expression_proxy,XAF1,1.3177291304000711,1.5706656964021442,0.2529365660020728,0.2529365660020728,3
CellRank_terminal_proxy,Non-responder,CellRank,CellRank†,pre_only_fate_weighted_terminal_state_expression_proxy,XIST,0.6269107650126272,0.4456796325529223,-0.1812311324597048,0.1812311324597048,1
CellRank_terminal_proxy,Non-responder,CellRank,CellRank†,pre_only_fate_weighted_terminal_state_expression_proxy,XRCC6,1.7440516195749995,1.497668172372222,-0.2463834472027775,0.2463834472027775,8
CellRank_terminal_proxy,Non-responder,CellRank,CellRank†,pre_only_fate_weighted_terminal_state_expression_proxy,YPEL5,1.6942685297737865,1.7649787347387105,0.0707102049649239,0.0707102049649239,8
CellRank_terminal_proxy,Non-responder,CellRank,CellRank†,pre_only_fate_weighted_terminal_state_expression_proxy,YWHAB,1.9690254559413567,1.6823266344175647,-0.2866988215237924,0.2866988215237924,10
CellRank_terminal_proxy,Non-responder,CellRank,CellRank†,pre_only_fate_weighted_terminal_state_expression_proxy,YWHAE,1.6092768529071722,1.7806600160276325,0.1713831631204603,0.1713831631204603,7
CellRank_terminal_proxy,Non-responder,CellRank,CellRank†,pre_only_fate_weighted_terminal_state_expression_proxy,YWHAQ,1.5444802740462356,1.45630063986628,-0.0881796341799556,0.0881796341799556,6
CellRank_terminal_proxy,Non-responder,CellRank,CellRank†,pre_only_fate_weighted_terminal_state_expression_proxy,ZAP70,1.719198161524158,0.0022290634565532,-1.716969098067605,1.716969098067605,8
CellRank_terminal_proxy,Non-responder,CellRank,CellRank†,pre_only_fate_weighted_terminal_state_expression_proxy,ZEB2,1.2578821975141457,1.69667389263652,0.4387916951223742,0.4387916951223742,3
CellRank_terminal_proxy,Non-responder,CellRank,CellRank†,pre_only_fate_weighted_terminal_state_expression_proxy,ZFAND5,1.3012499531577193,1.503509634899146,0.2022596817414266,0.2022596817414266,3
CellRank_terminal_proxy,Non-responder,CellRank,CellRank†,pre_only_fate_weighted_terminal_state_expression_proxy,ZFAS1,1.4807799754164666,1.669983844360683,0.1892038689442163,0.1892038689442163,5
CellRank_terminal_proxy,Non-responder,CellRank,CellRank†,pre_only_fate_weighted_terminal_state_expression_proxy,ZFP36L1,2.075762259191002,2.344003291382799,0.2682410321917969,0.2682410321917969,10
CellRank_terminal_proxy,Non-responder,CellRank,CellRank†,pre_only_fate_weighted_terminal_state_expression_proxy,ZFP36L2,1.6882151768098568,1.1920737717858518,-0.4961414050240049,0.4961414050240049,8
CellRank_terminal_proxy,Non-responder,CellRank,CellRank†,pre_only_fate_weighted_terminal_state_expression_proxy,ZNF331,1.739849171467073,1.6723289963043866,-0.0675201751626863,0.0675201751626863,8
CellRank_terminal_proxy,Non-responder,CellRank,CellRank†,pre_only_fate_weighted_terminal_state_expression_proxy,ZNF706,1.4670120737614611,1.349449092201647,-0.1175629815598138,0.1175629815598138,5
CellRank_terminal_proxy,Non-responder,CellRank,CellRank†,pre_only_fate_weighted_terminal_state_expression_proxy,ZYX,1.2670036103873357,1.1544539384793586,-0.112549671907977,0.112549671907977,3
AgentVC_proxy,Non-responder,Leca-VC,AgentVC,offline_reconstructed_runtime_expression_proxy,ACAA1,1.1016650389395786,1.153584717353476,0.0519196784138973,0.0519196784138973,1
AgentVC_proxy,Non-responder,Leca-VC,AgentVC,offline_reconstructed_runtime_expression_proxy,ACADVL,1.3887688218002658,1.5810791001216018,0.1923102783213359,0.1923102783213359,4
AgentVC_proxy,Non-responder,Leca-VC,AgentVC,offline_reconstructed_runtime_expression_proxy,ACAP1,1.7364700094573626,1.6767914611208068,-0.0596785483365558,0.0596785483365558,8
AgentVC_proxy,Non-responder,Leca-VC,AgentVC,offline_reconstructed_runtime_expression_proxy,ACTN4,1.4713959956249123,1.3859429915972878,-0.0854530040276246,0.0854530040276246,5
AgentVC_proxy,Non-responder,Leca-VC,AgentVC,offline_reconstructed_runtime_expression_proxy,ACTR3,1.829912535738756,1.8404712055227397,0.0105586697839838,0.0105586697839838,9
AgentVC_proxy,Non-responder,Leca-VC,AgentVC,offline_reconstructed_runtime_expression_proxy,ADAM19,1.2672733445583175,1.0351768426404673,-0.2320965019178504,0.2320965019178504,3
AgentVC_proxy,Non-responder,Leca-VC,AgentVC,offline_reconstructed_runtime_expression_proxy,ADPGK,1.2925161812076948,1.2249704801336578,-0.067545701074037,0.067545701074037,3
AgentVC_proxy,Non-responder,Leca-VC,AgentVC,offline_reconstructed_runtime_expression_proxy,ADRM1,1.3217950928187738,1.347227074369063,0.0254319815502892,0.0254319815502892,3
AgentVC_proxy,Non-responder,Leca-VC,AgentVC,offline_reconstructed_runtime_expression_proxy,AHNAK,1.73655951398942,1.6674211594109831,-0.0691383545784367,0.0691383545784367,8
AgentVC_proxy,Non-responder,Leca-VC,AgentVC,offline_reconstructed_runtime_expression_proxy,AHSA1,1.3324621108279897,1.495408213664133,0.1629461028361432,0.1629461028361432,3
AgentVC_proxy,Non-responder,Leca-VC,AgentVC,offline_reconstructed_runtime_expression_proxy,AKAP13,1.842700503773664,1.807205265497885,-0.0354952382757789,0.0354952382757789,9
AgentVC_proxy,Non-responder,Leca-VC,AgentVC,offline_reconstructed_runtime_expression_proxy,AKAP9,1.453783249300532,1.4321728992044749,-0.0216103500960573,0.0216103500960573,5
AgentVC_proxy,Non-responder,Leca-VC,AgentVC,offline_reconstructed_runtime_expression_proxy,AKNA,1.6207989783902368,1.6342948812159594,0.0134959028257226,0.0134959028257226,7
AgentVC_proxy,Non-responder,Leca-VC,AgentVC,offline_reconstructed_runtime_expression_proxy,AKR1A1,1.0351582843507203,0.8752318306436871,-0.1599264537070334,0.1599264537070334,1
AgentVC_proxy,Non-responder,Leca-VC,AgentVC,offline_reconstructed_runtime_expression_proxy,ALDOA,2.1919009431506207,2.194422872269516,0.0025219291188953,0.0025219291188953,10
AgentVC_proxy,Non-responder,Leca-VC,AgentVC,offline_reconstructed_runtime_expression_proxy,ALOX5AP,1.629914559001148,1.5653424003544718,-0.064572158646676,0.064572158646676,7
AgentVC_proxy,Non-responder,Leca-VC,AgentVC,offline_reconstructed_runtime_expression_proxy,ANAPC11,1.2542085893673742,1.1338591396255693,-0.1203494497418049,0.1203494497418049,3
AgentVC_proxy,Non-responder,Leca-VC,AgentVC,offline_reconstructed_runtime_expression_proxy,ANKRD36BP1,1.1618614779040712,1.1025892330088511,-0.05927224489522,0.05927224489522,2
AgentVC_proxy,Non-responder,Leca-VC,AgentVC,offline_reconstructed_runtime_expression_proxy,ANXA1,1.705634932770936,1.60329844613866,-0.102336486632276,0.102336486632276,8
AgentVC_proxy,Non-responder,Leca-VC,AgentVC,offline_reconstructed_runtime_expression_proxy,ANXA2,1.7109160029934125,1.6239614595358551,-0.0869545434575573,0.0869545434575573,8
AgentVC_proxy,Non-responder,Leca-VC,AgentVC,offline_reconstructed_runtime_expression_proxy,ANXA5,1.6183713577515224,1.5530094109963866,-0.0653619467551358,0.0653619467551358,7
AgentVC_proxy,Non-responder,Leca-VC,AgentVC,offline_reconstructed_runtime_expression_proxy,ANXA6,1.766172199516792,1.7802107590653324,0.0140385595485403,0.0140385595485403,8
AgentVC_proxy,Non-responder,Leca-VC,AgentVC,offline_reconstructed_runtime_expression_proxy,AOAH,1.3052695646961294,1.2008281503890004,-0.104441414307129,0.104441414307129,3
AgentVC_proxy,Non-responder,Leca-VC,AgentVC,offline_reconstructed_runtime_expression_proxy,AP1G2,1.6166982232785372,1.534016085017597,-0.0826821382609401,0.0826821382609401,7
AgentVC_proxy,Non-responder,Leca-VC,AgentVC,offline_reconstructed_runtime_expression_proxy,AP2S1,1.2175142265556709,1.1033150414605806,-0.1141991850950903,0.1141991850950903,2
AgentVC_proxy,Non-responder,Leca-VC,AgentVC,offline_reconstructed_runtime_expression_proxy,APEX1,1.0581052798306785,0.95163409450085,-0.1064711853298281,0.1064711853298281,1
AgentVC_proxy,Non-responder,Leca-VC,AgentVC,offline_reconstructed_runtime_expression_proxy,APLP2,0.9985997107110632,1.1224711159346616,0.1238714052235984,0.1238714052235984,1
AgentVC_proxy,Non-responder,Leca-VC,AgentVC,offline_reconstructed_runtime_expression_proxy,APMAP,1.357610551949113,1.4199949236161755,0.0623843716670626,0.0623843716670626,4
AgentVC_proxy,Non-responder,Leca-VC,AgentVC,offline_reconstructed_runtime_expression_proxy,APOBEC3G,1.8001732454363812,1.7422886156618835,-0.0578846297744977,0.0578846297744977,8
AgentVC_proxy,Non-responder,Leca-VC,AgentVC,offline_reconstructed_runtime_expression_proxy,APRT,1.6917390395289982,1.4401126749173372,-0.251626364611661,0.251626364611661,8
AgentVC_proxy,Non-responder,Leca-VC,AgentVC,offline_reconstructed_runtime_expression_proxy,ARF1,1.9521339835321485,1.937569036107608,-0.0145649474245401,0.0145649474245401,9
AgentVC_proxy,Non-responder,Leca-VC,AgentVC,offline_reconstructed_runtime_expression_proxy,ARF4,1.1246274684918862,1.2072845174235276,0.0826570489316413,0.0826570489316413,1
AgentVC_proxy,Non-responder,Leca-VC,AgentVC,offline_reconstructed_runtime_expression_proxy,ARF5,1.5258577658441237,1.409992087602614,-0.1158656782415097,0.1158656782415097,6
AgentVC_proxy,Non-responder,Leca-VC,AgentVC,offline_reconstructed_runtime_expression_proxy,ARHGAP17,1.0338239675672165,1.058355410327297,0.0245314427600804,0.0245314427600804,1
AgentVC_proxy,Non-responder,Leca-VC,AgentVC,offline_reconstructed_runtime_expression_proxy,ARHGAP4,1.5910922217161791,1.5400179010630357,-0.0510743206531434,0.0510743206531434,6
AgentVC_proxy,Non-responder,Leca-VC,AgentVC,offline_reconstructed_runtime_expression_proxy,ARHGAP9,1.7882603953183798,1.8404580481553887,0.0521976528370093,0.0521976528370093,8
AgentVC_proxy,Non-responder,Leca-VC,AgentVC,offline_reconstructed_runtime_expression_proxy,ARHGEF1,1.9052610373862544,1.9125878389503417,0.007326801564087,0.007326801564087,9
AgentVC_proxy,Non-responder,Leca-VC,AgentVC,offline_reconstructed_runtime_expression_proxy,ARID4B,1.6271718629316505,1.6665942238013318,0.0394223608696813,0.0394223608696813,7
AgentVC_proxy,Non-responder,Leca-VC,AgentVC,offline_reconstructed_runtime_expression_proxy,ARID5A,1.3089100101733353,1.3587949544885038,0.0498849443151685,0.0498849443151685,3
AgentVC_proxy,Non-responder,Leca-VC,AgentVC,offline_reconstructed_runtime_expression_proxy,ARL4C,1.2563436905608898,1.3529489855665775,0.0966052950056877,0.0966052950056877,3
AgentVC_proxy,Non-responder,Leca-VC,AgentVC,offline_reconstructed_runtime_expression_proxy,ARL6IP1,1.701786966736445,1.6475416191597576,-0.0542453475766873,0.0542453475766873,8
AgentVC_proxy,Non-responder,Leca-VC,AgentVC,offline_reconstructed_runtime_expression_proxy,ARL6IP4,1.5094202373258376,1.4258410043653773,-0.0835792329604603,0.0835792329604603,5
AgentVC_proxy,Non-responder,Leca-VC,AgentVC,offline_reconstructed_runtime_expression_proxy,ARL6IP5,1.7791848836907027,1.7311431693967834,-0.0480417142939193,0.0480417142939193,8
AgentVC_proxy,Non-responder,Leca-VC,AgentVC,offline_reconstructed_runtime_expression_proxy,ARL8B,1.14074066072878,1.2783766481834924,0.1376359874547124,0.1376359874547124,2
AgentVC_proxy,Non-responder,Leca-VC,AgentVC,offline_reconstructed_runtime_expression_proxy,ARPC1B,2.031187754290639,1.9109581842047771,-0.1202295700858615,0.1202295700858615,10
AgentVC_proxy,Non-responder,Leca-VC,AgentVC,offline_reconstructed_runtime_expression_proxy,ARPC3,2.0569011998749063,2.008006093131677,-0.0488951067432292,0.0488951067432292,10
AgentVC_proxy,Non-responder,Leca-VC,AgentVC,offline_reconstructed_runtime_expression_proxy,ARPC4,1.9472142407038429,1.9350267704780664,-0.0121874702257762,0.0121874702257762,9
AgentVC_proxy,Non-responder,Leca-VC,AgentVC,offline_reconstructed_runtime_expression_proxy,ARPC5,1.681109635125503,1.6723112724121956,-0.0087983627133074,0.0087983627133074,7
AgentVC_proxy,Non-responder,Leca-VC,AgentVC,offline_reconstructed_runtime_expression_proxy,ATF4,1.4416184621169892,1.4500721123296998,0.0084536502127106,0.0084536502127106,5
AgentVC_proxy,Non-responder,Leca-VC,AgentVC,offline_reconstructed_runtime_expression_proxy,ATG3,1.1242274682781526,1.0912486052799228,-0.0329788629982297,0.0329788629982297,1
AgentVC_proxy,Non-responder,Leca-VC,AgentVC,offline_reconstructed_runtime_expression_proxy,ATP1B3,1.4751205290536242,1.4660649072733758,-0.0090556217802484,0.0090556217802484,5
AgentVC_proxy,Non-responder,Leca-VC,AgentVC,offline_reconstructed_runtime_expression_proxy,ATP6AP1,1.1394456830885364,1.0617236700445247,-0.0777220130440117,0.0777220130440117,2
AgentVC_proxy,Non-responder,Leca-VC,AgentVC,offline_reconstructed_runtime_expression_proxy,ATP6AP2,1.302069999035658,1.2795278887081214,-0.0225421103275367,0.0225421103275367,3
AgentVC_proxy,Non-responder,Leca-VC,AgentVC,offline_reconstructed_runtime_expression_proxy,ATP6V0B,1.364695554501295,1.2324080486135875,-0.1322875058877075,0.1322875058877075,4
AgentVC_proxy,Non-responder,Leca-VC,AgentVC,offline_reconstructed_runtime_expression_proxy,ATP6V0D1,1.2125928500679477,1.248336162555128,0.0357433124871806,0.0357433124871806,2
AgentVC_proxy,Non-responder,Leca-VC,AgentVC,offline_reconstructed_runtime_expression_proxy,ATP6V0E1,1.677873403529884,1.6299992301874464,-0.0478741733424377,0.0478741733424377,7
AgentVC_proxy,Non-responder,Leca-VC,AgentVC,offline_reconstructed_runtime_expression_proxy,ATP6V1B2,1.0295290325975464,0.9529506493247434,-0.0765783832728029,0.0765783832728029,1
AgentVC_proxy,Non-responder,Leca-VC,AgentVC,offline_reconstructed_runtime_expression_proxy,ATP6V1F,1.301510719604511,1.2512457875105716,-0.0502649320939394,0.0502649320939394,3
AgentVC_proxy,Non-responder,Leca-VC,AgentVC,offline_reconstructed_runtime_expression_proxy,ATP6V1G1,1.550470203460892,1.4750833708040063,-0.0753868326568856,0.0753868326568856,6
AgentVC_proxy,Non-responder,Leca-VC,AgentVC,offline_reconstructed_runtime_expression_proxy,ATRAID,1.1877556314337905,1.1509940005514967,-0.0367616308822937,0.0367616308822937,2
AgentVC_proxy,Non-responder,Leca-VC,AgentVC,offline_reconstructed_runtime_expression_proxy,B4GALT1,1.684240230858732,1.6057877722489395,-0.0784524586097923,0.0784524586097923,7
AgentVC_proxy,Non-responder,Leca-VC,AgentVC,offline_reconstructed_runtime_expression_proxy,BCAP31,1.487600634826278,1.443959192433317,-0.0436414423929609,0.0436414423929609,5
AgentVC_proxy,Non-responder,Leca-VC,AgentVC,offline_reconstructed_runtime_expression_proxy,BCL2L11,1.219334106688014,1.2292343869029738,0.0099002802149599,0.0099002802149599,2
AgentVC_proxy,Non-responder,Leca-VC,AgentVC,offline_reconstructed_runtime_expression_proxy,BHLHE40,1.355077070961474,1.2892450840624152,-0.0658319868990588,0.0658319868990588,4
AgentVC_proxy,Non-responder,Leca-VC,AgentVC,offline_reconstructed_runtime_expression_proxy,BIN2,1.4510177724108675,1.5038111563613066,0.0527933839504388,0.0527933839504388,5
AgentVC_proxy,Non-responder,Leca-VC,AgentVC,offline_reconstructed_runtime_expression_proxy,BIRC3,1.7147659507111312,1.6410284537045392,-0.073737497006592,0.073737497006592,8
AgentVC_proxy,Non-responder,Leca-VC,AgentVC,offline_reconstructed_runtime_expression_proxy,BRD2,1.7258079664303492,1.77382005950638,0.0480120930760308,0.0480120930760308,8
AgentVC_proxy,Non-responder,Leca-VC,AgentVC,offline_reconstructed_runtime_expression_proxy,BRK1,1.630139140533604,1.5360326409906022,-0.0941064995430018,0.0941064995430018,7
AgentVC_proxy,Non-responder,Leca-VC,AgentVC,offline_reconstructed_runtime_expression_proxy,BST2,1.440676094275234,1.4699473076619372,0.0292712133867032,0.0292712133867032,5
AgentVC_proxy,Non-responder,Leca-VC,AgentVC,offline_reconstructed_runtime_expression_proxy,BTG1,1.6925270639014505,1.8887633013909184,0.1962362374894679,0.1962362374894679,8
AgentVC_proxy,Non-responder,Leca-VC,AgentVC,offline_reconstructed_runtime_expression_proxy,BTG2,1.6293974866202816,1.3661558368879334,-0.2632416497323482,0.2632416497323482,7
AgentVC_proxy,Non-responder,Leca-VC,AgentVC,offline_reconstructed_runtime_expression_proxy,BTN3A2,1.628280067499362,1.707987502030182,0.0797074345308199,0.0797074345308199,7
AgentVC_proxy,Non-responder,Leca-VC,AgentVC,offline_reconstructed_runtime_expression_proxy,BUD31,1.369555324103316,1.2841219578312886,-0.0854333662720274,0.0854333662720274,4
AgentVC_proxy,Non-responder,Leca-VC,AgentVC,offline_reconstructed_runtime_expression_proxy,BZW1,1.5172659872533525,1.4880299467375206,-0.0292360405158316,0.0292360405158316,6
AgentVC_proxy,Non-responder,Leca-VC,AgentVC,offline_reconstructed_runtime_expression_proxy,C11orf58,1.7249138584256034,1.6881914562095446,-0.0367224022160588,0.0367224022160588,8
AgentVC_proxy,Non-responder,Leca-VC,AgentVC,offline_reconstructed_runtime_expression_proxy,C17orf49,1.475795636223734,1.3373513375487132,-0.1384442986750207,0.1384442986750207,5
AgentVC_proxy,Non-responder,Leca-VC,AgentVC,offline_reconstructed_runtime_expression_proxy,C19orf53,1.367075171689632,1.2514731639545749,-0.1156020077350572,0.1156020077350572,4
AgentVC_proxy,Non-responder,Leca-VC,AgentVC,offline_reconstructed_runtime_expression_proxy,C1QBP,1.2011159935364903,1.066015896130911,-0.1351000974055793,0.1351000974055793,2
AgentVC_proxy,Non-responder,Leca-VC,AgentVC,offline_reconstructed_runtime_expression_proxy,C1orf43,1.2785820419996017,1.271865469859523,-0.0067165721400785,0.0067165721400785,3
AgentVC_proxy,Non-responder,Leca-VC,AgentVC,offline_reconstructed_runtime_expression_proxy,CACYBP,1.4100243456740515,1.5242419648247605,0.1142176191507087,0.1142176191507087,4
AgentVC_proxy,Non-responder,Leca-VC,AgentVC,offline_reconstructed_runtime_expression_proxy,CALM2,2.0648020990246443,2.0592698957331503,-0.0055322032914939,0.0055322032914939,10
AgentVC_proxy,Non-responder,Leca-VC,AgentVC,offline_reconstructed_runtime_expression_proxy,CANX,1.4886602251530374,1.439669926275146,-0.0489902988778914,0.0489902988778914,5
AgentVC_proxy,Non-responder,Leca-VC,AgentVC,offline_reconstructed_runtime_expression_proxy,CAP1,1.8958851077376937,1.8477379098460676,-0.0481471978916263,0.0481471978916263,9
AgentVC_proxy,Non-responder,Leca-VC,AgentVC,offline_reconstructed_runtime_expression_proxy,CAPG,0.9478319597202302,0.8281588726524284,-0.1196730870678017,0.1196730870678017,1
AgentVC_proxy,Non-responder,Leca-VC,AgentVC,offline_reconstructed_runtime_expression_proxy,CAPZA2,1.3358862510667262,1.31515864506752,-0.0207276059992063,0.0207276059992063,3
AgentVC_proxy,Non-responder,Leca-VC,AgentVC,offline_reconstructed_runtime_expression_proxy,CAPZB,1.8962620320468977,1.8202209327368757,-0.0760410993100222,0.0760410993100222,9
AgentVC_proxy,Non-responder,Leca-VC,AgentVC,offline_reconstructed_runtime_expression_proxy,CBLB,1.7108101201762629,1.788088422711532,0.0772783025352692,0.0772783025352692,8
AgentVC_proxy,Non-responder,Leca-VC,AgentVC,offline_reconstructed_runtime_expression_proxy,CBX6,1.3361200268525693,1.2884614983239373,-0.0476585285286319,0.0476585285286319,3
AgentVC_proxy,Non-responder,Leca-VC,AgentVC,offline_reconstructed_runtime_expression_proxy,CCL3,1.1823179446170553,1.2027518960150725,0.0204339513980169,0.0204339513980169,2
AgentVC_proxy,Non-responder,Leca-VC,AgentVC,offline_reconstructed_runtime_expression_proxy,CCL4,1.755040156530982,1.78909559832356,0.034055441792578,0.034055441792578,8
AgentVC_proxy,Non-responder,Leca-VC,AgentVC,offline_reconstructed_runtime_expression_proxy,CCL4L2,1.1547670069273108,1.2078779773782051,0.0531109704508945,0.0531109704508945,2
AgentVC_proxy,Non-responder,Leca-VC,AgentVC,offline_reconstructed_runtime_expression_proxy,CCL5,2.1423843841127512,2.1872050819082656,0.0448206977955143,0.0448206977955143,10
AgentVC_proxy,Non-responder,Leca-VC,AgentVC,offline_reconstructed_runtime_expression_proxy,CCND3,1.5951077365158737,1.6368020222286788,0.0416942857128053,0.0416942857128053,7
AgentVC_proxy,Non-responder,Leca-VC,AgentVC,offline_reconstructed_runtime_expression_proxy,CCNH,1.4460047101661992,1.3476496370583126,-0.0983550731078866,0.0983550731078866,5
AgentVC_proxy,Non-responder,Leca-VC,AgentVC,offline_reconstructed_runtime_expression_proxy,CCNL1,1.6419058325727378,1.6979326827792929,0.0560268502065548,0.0560268502065548,7
AgentVC_proxy,Non-responder,Leca-VC,AgentVC,offline_reconstructed_runtime_expression_proxy,CCNL2,1.4043165177553745,1.488953636383517,0.0846371186281425,0.0846371186281425,4
AgentVC_proxy,Non-responder,Leca-VC,AgentVC,offline_reconstructed_runtime_expression_proxy,CCR7,0.666452015198954,0.5370311415012463,-0.1294208736977077,0.1294208736977077,1
AgentVC_proxy,Non-responder,Leca-VC,AgentVC,offline_reconstructed_runtime_expression_proxy,CCT3,1.3805626312410335,1.328949871036445,-0.051612760204589,0.051612760204589,4
AgentVC_proxy,Non-responder,Leca-VC,AgentVC,offline_reconstructed_runtime_expression_proxy,CCT4,1.3597349673952952,1.3587965650655682,-0.0009384023297269,0.0009384023297269,4
AgentVC_proxy,Non-responder,Leca-VC,AgentVC,offline_reconstructed_runtime_expression_proxy,CCT6A,1.3458660416320614,1.3319940359804836,-0.0138720056515777,0.0138720056515777,4
AgentVC_proxy,Non-responder,Leca-VC,AgentVC,offline_reconstructed_runtime_expression_proxy,CCT8,1.4153388598996155,1.4281888030419811,0.0128499431423654,0.0128499431423654,4
AgentVC_proxy,Non-responder,Leca-VC,AgentVC,offline_reconstructed_runtime_expression_proxy,CD164,1.6384338154422948,1.707484123832753,0.0690503083904581,0.0690503083904581,7
AgentVC_proxy,Non-responder,Leca-VC,AgentVC,offline_reconstructed_runtime_expression_proxy,CD2,1.997464436885665,1.963717020440836,-0.0337474164448297,0.0337474164448297,10
AgentVC_proxy,Non-responder,Leca-VC,AgentVC,offline_reconstructed_runtime_expression_proxy,CD247,1.5462350437927852,1.5767707233879529,0.0305356795951676,0.0305356795951676,6
AgentVC_proxy,Non-responder,Leca-VC,AgentVC,offline_reconstructed_runtime_expression_proxy,CD27,1.5060720942401724,1.5581524903541528,0.0520803961139804,0.0520803961139804,5
AgentVC_proxy,Non-responder,Leca-VC,AgentVC,offline_reconstructed_runtime_expression_proxy,CD37,1.9448903434229063,1.9433538606280427,-0.0015364827948636,0.0015364827948636,9
AgentVC_proxy,Non-responder,Leca-VC,AgentVC,offline_reconstructed_runtime_expression_proxy,CD38,1.3115023164984876,1.243546023025767,-0.0679562934727209,0.0679562934727209,3
AgentVC_proxy,Non-responder,Leca-VC,AgentVC,offline_reconstructed_runtime_expression_proxy,CD3D,2.0145771072202194,1.996184750896944,-0.0183923563232755,0.0183923563232755,10
AgentVC_proxy,Non-responder,Leca-VC,AgentVC,offline_reconstructed_runtime_expression_proxy,CD3E,1.8123486996224765,1.804570078073043,-0.0077786215494335,0.0077786215494335,9
AgentVC_proxy,Non-responder,Leca-VC,AgentVC,offline_reconstructed_runtime_expression_proxy,CD3G,2.00909855661649,2.008210216730824,-0.000888339885666,0.000888339885666,10
AgentVC_proxy,Non-responder,Leca-VC,AgentVC,offline_reconstructed_runtime_expression_proxy,CD4,1.1888921100141594,0.9874707348165578,-0.2014213751976016,0.2014213751976016,2
AgentVC_proxy,Non-responder,Leca-VC,AgentVC,offline_reconstructed_runtime_expression_proxy,CD47,1.7040542129678953,1.7100797765949869,0.0060255636270916,0.0060255636270916,8
AgentVC_proxy,Non-responder,Leca-VC,AgentVC,offline_reconstructed_runtime_expression_proxy,CD48,1.6472018018034684,1.6784281304261457,0.0312263286226772,0.0312263286226772,7
AgentVC_proxy,Non-responder,Leca-VC,AgentVC,offline_reconstructed_runtime_expression_proxy,CD52,2.053707139947823,2.0146795303016165,-0.0390276096462063,0.0390276096462063,10
AgentVC_proxy,Non-responder,Leca-VC,AgentVC,offline_reconstructed_runtime_expression_proxy,CD53,1.9644292321965893,1.9648545644313011,0.0004253322347118,0.0004253322347118,10
AgentVC_proxy,Non-responder,Leca-VC,AgentVC,offline_reconstructed_runtime_expression_proxy,CD55,1.3216714658642643,1.366312742580737,0.0446412767164727,0.0446412767164727,3
AgentVC_proxy,Non-responder,Leca-VC,AgentVC,offline_reconstructed_runtime_expression_proxy,CD63,1.4273447076101873,1.462813469402369,0.0354687617921816,0.0354687617921816,4
AgentVC_proxy,Non-responder,Leca-VC,AgentVC,offline_reconstructed_runtime_expression_proxy,CD69,1.8550006450727157,1.732667838160465,-0.1223328069122504,0.1223328069122504,9
AgentVC_proxy,Non-responder,Leca-VC,AgentVC,offline_reconstructed_runtime_expression_proxy,CD82,1.3566428654105396,1.2551018079248135,-0.1015410574857258,0.1015410574857258,4
AgentVC_proxy,Non-responder,Leca-VC,AgentVC,offline_reconstructed_runtime_expression_proxy,CD83,0.8353690072775737,0.7729366247826687,-0.062432382494905,0.062432382494905,1
AgentVC_proxy,Non-responder,Leca-VC,AgentVC,offline_reconstructed_runtime_expression_proxy,CD8A,1.6634825563362845,1.8615677725702997,0.1980852162340147,0.1980852162340147,7
AgentVC_proxy,Non-responder,Leca-VC,AgentVC,offline_reconstructed_runtime_expression_proxy,CD96,1.700740566463524,1.632135624709911,-0.0686049417536129,0.0686049417536129,8
AgentVC_proxy,Non-responder,Leca-VC,AgentVC,offline_reconstructed_runtime_expression_proxy,CD99,1.8398592450278504,1.8197414154386569,-0.0201178295891937,0.0201178295891937,9
AgentVC_proxy,Non-responder,Leca-VC,AgentVC,offline_reconstructed_runtime_expression_proxy,CDC37,1.752387676716702,1.7160804505169729,-0.036307226199729,0.036307226199729,8
AgentVC_proxy,Non-responder,Leca-VC,AgentVC,offline_reconstructed_runtime_expression_proxy,CDC42SE2,2.0287363122971565,1.949083168156048,-0.0796531441411085,0.0796531441411085,10
AgentVC_proxy,Non-responder,Leca-VC,AgentVC,offline_reconstructed_runtime_expression_proxy,CDK2AP2,1.451348822936562,1.4371750192501054,-0.0141738036864564,0.0141738036864564,5
AgentVC_proxy,Non-responder,Leca-VC,AgentVC,offline_reconstructed_runtime_expression_proxy,CDKN1A,1.057546645749704,1.0149693764181744,-0.0425772693315296,0.0425772693315296,1
AgentVC_proxy,Non-responder,Leca-VC,AgentVC,offline_reconstructed_runtime_expression_proxy,CFLAR,1.8168938568653248,1.887987960207442,0.0710941033421173,0.0710941033421173,9
AgentVC_proxy,Non-responder,Leca-VC,AgentVC,offline_reconstructed_runtime_expression_proxy,CHCHD2,1.932069801378542,1.8790790024992787,-0.0529907988792632,0.0529907988792632,9
AgentVC_proxy,Non-responder,Leca-VC,AgentVC,offline_reconstructed_runtime_expression_proxy,CHMP1B,1.0649349945911049,1.0557031404771446,-0.0092318541139602,0.0092318541139602,1
AgentVC_proxy,Non-responder,Leca-VC,AgentVC,offline_reconstructed_runtime_expression_proxy,CHMP2A,1.27701890189647,1.1894059334459708,-0.0876129684504991,0.0876129684504991,3
AgentVC_proxy,Non-responder,Leca-VC,AgentVC,offline_reconstructed_runtime_expression_proxy,CHORDC1,1.1669691793738726,1.423961160387706,0.2569919810138334,0.2569919810138334,2
AgentVC_proxy,Non-responder,Leca-VC,AgentVC,offline_reconstructed_runtime_expression_proxy,CIRBP,1.841281688035302,1.815012321286931,-0.0262693667483711,0.0262693667483711,9
AgentVC_proxy,Non-responder,Leca-VC,AgentVC,offline_reconstructed_runtime_expression_proxy,CKLF,1.3686946032872154,1.2929104074709403,-0.075784195816275,0.075784195816275,4
AgentVC_proxy,Non-responder,Leca-VC,AgentVC,offline_reconstructed_runtime_expression_proxy,CKS2,1.08746587336688,1.1900448369808672,0.1025789636139871,0.1025789636139871,1
AgentVC_proxy,Non-responder,Leca-VC,AgentVC,offline_reconstructed_runtime_expression_proxy,CLDND1,1.3862890309839366,1.337321192167462,-0.0489678388164747,0.0489678388164747,4
AgentVC_proxy,Non-responder,Leca-VC,AgentVC,offline_reconstructed_runtime_expression_proxy,CLEC2D,1.85634539062619,1.8894576255643605,0.0331122349381702,0.0331122349381702,9
AgentVC_proxy,Non-responder,Leca-VC,AgentVC,offline_reconstructed_runtime_expression_proxy,CLIC1,2.102572083082861,2.0608046829618942,-0.0417674001209666,0.0417674001209666,10
AgentVC_proxy,Non-responder,Leca-VC,AgentVC,offline_reconstructed_runtime_expression_proxy,CLK1,2.043576172421864,2.0168700617784103,-0.0267061106434534,0.0267061106434534,10
AgentVC_proxy,Non-responder,Leca-VC,AgentVC,offline_reconstructed_runtime_expression_proxy,CLNS1A,1.278239828680334,1.1799547121915706,-0.0982851164887634,0.0982851164887634,3
AgentVC_proxy,Non-responder,Leca-VC,AgentVC,offline_reconstructed_runtime_expression_proxy,CLTA,1.2603181496416838,1.2147850483283231,-0.0455331013133604,0.0455331013133604,3
AgentVC_proxy,Non-responder,Leca-VC,AgentVC,offline_reconstructed_runtime_expression_proxy,CMTM6,1.293554151379218,1.2477206136699366,-0.0458335377092813,0.0458335377092813,3
AgentVC_proxy,Non-responder,Leca-VC,AgentVC,offline_reconstructed_runtime_expression_proxy,CNBP,2.0607897302280964,2.039584470004413,-0.0212052602236831,0.0212052602236831,10
AgentVC_proxy,Non-responder,Leca-VC,AgentVC,offline_reconstructed_runtime_expression_proxy,CNDP2,1.1787797827145807,1.0395916179747071,-0.1391881647398734,0.1391881647398734,2
AgentVC_proxy,Non-responder,Leca-VC,AgentVC,offline_reconstructed_runtime_expression_proxy,CNN2,1.862100174680196,1.7490438885477362,-0.1130562861324595,0.1130562861324595,9
AgentVC_proxy,Non-responder,Leca-VC,AgentVC,offline_reconstructed_runtime_expression_proxy,CNOT2,1.620626453369486,1.6503880358959122,0.0297615825264263,0.0297615825264263,7
AgentVC_proxy,Non-responder,Leca-VC,AgentVC,offline_reconstructed_runtime_expression_proxy,CNPY3,1.2934802259590257,1.256446922791236,-0.0370333031677894,0.0370333031677894,3
AgentVC_proxy,Non-responder,Leca-VC,AgentVC,offline_reconstructed_runtime_expression_proxy,COMMD6,1.507015445465972,1.5039437518822565,-0.0030716935837156,0.0030716935837156,5
AgentVC_proxy,Non-responder,Leca-VC,AgentVC,offline_reconstructed_runtime_expression_proxy,COPE,1.7312144517967794,1.5969010038202551,-0.134313447976524,0.134313447976524,8
AgentVC_proxy,Non-responder,Leca-VC,AgentVC,offline_reconstructed_runtime_expression_proxy,COPZ1,1.3437055507276312,1.2230700682334783,-0.1206354824941526,0.1206354824941526,4
AgentVC_proxy,Non-responder,Leca-VC,AgentVC,offline_reconstructed_runtime_expression_proxy,CORO7,1.31489012101686,1.2836843647341862,-0.0312057562826737,0.0312057562826737,3
AgentVC_proxy,Non-responder,Leca-VC,AgentVC,offline_reconstructed_runtime_expression_proxy,COTL1,2.0160072256480985,1.9563349172442783,-0.0596723084038199,0.0596723084038199,10
AgentVC_proxy,Non-responder,Leca-VC,AgentVC,offline_reconstructed_runtime_expression_proxy,COX5A,1.5155037749102367,1.472113015500166,-0.0433907594100706,0.0433907594100706,6
AgentVC_proxy,Non-responder,Leca-VC,AgentVC,offline_reconstructed_runtime_expression_proxy,COX5B,1.564146113960141,1.4640659796657982,-0.1000801342943427,0.1000801342943427,6
AgentVC_proxy,Non-responder,Leca-VC,AgentVC,offline_reconstructed_runtime_expression_proxy,COX6A1,1.6199614858479343,1.573831136420376,-0.0461303494275584,0.0461303494275584,7
AgentVC_proxy,Non-responder,Leca-VC,AgentVC,offline_reconstructed_runtime_expression_proxy,COX6B1,1.512738201218926,1.4061239444172806,-0.1066142568016454,0.1066142568016454,6
AgentVC_proxy,Non-responder,Leca-VC,AgentVC,offline_reconstructed_runtime_expression_proxy,COX6C,1.5428681936383966,1.5057346652511163,-0.03713352838728,0.03713352838728,6
AgentVC_proxy,Non-responder,Leca-VC,AgentVC,offline_reconstructed_runtime_expression_proxy,COX7A2,1.5972238243057455,1.479463496890219,-0.1177603274155265,0.1177603274155265,7
AgentVC_proxy,Non-responder,Leca-VC,AgentVC,offline_reconstructed_runtime_expression_proxy,COX7A2L,1.3488065187693203,1.3041138629171831,-0.044692655852137,0.044692655852137,4
AgentVC_proxy,Non-responder,Leca-VC,AgentVC,offline_reconstructed_runtime_expression_proxy,COX7C,1.8022204295693256,1.75124505324841,-0.0509753763209157,0.0509753763209157,8
AgentVC_proxy,Non-responder,Leca-VC,AgentVC,offline_reconstructed_runtime_expression_proxy,COX8A,1.650076865766728,1.580828195107297,-0.0692486706594308,0.0692486706594308,7
AgentVC_proxy,Non-responder,Leca-VC,AgentVC,offline_reconstructed_runtime_expression_proxy,CREM,1.563685919151938,1.692877472599642,0.1291915534477041,0.1291915534477041,6
AgentVC_proxy,Non-responder,Leca-VC,AgentVC,offline_reconstructed_runtime_expression_proxy,CRIP1,1.7998105464336385,1.7998051995236195,-5.346910018744211e-06,5.346910018744211e-06,8
AgentVC_proxy,Non-responder,Leca-VC,AgentVC,offline_reconstructed_runtime_expression_proxy,CSNK1A1,1.6853028409174895,1.7030032690500672,0.0177004281325774,0.0177004281325774,8
AgentVC_proxy,Non-responder,Leca-VC,AgentVC,offline_reconstructed_runtime_expression_proxy,CSNK2B,1.5597480282157985,1.517158079498513,-0.0425899487172856,0.0425899487172856,6
AgentVC_proxy,Non-responder,Leca-VC,AgentVC,offline_reconstructed_runtime_expression_proxy,CSRNP1,1.1314574089871292,1.06322160753744,-0.0682358014496891,0.0682358014496891,1
AgentVC_proxy,Non-responder,Leca-VC,AgentVC,offline_reconstructed_runtime_expression_proxy,CST7,1.954075691103336,2.0512390435857526,0.0971633524824169,0.0971633524824169,9
AgentVC_proxy,Non-responder,Leca-VC,AgentVC,offline_reconstructed_runtime_expression_proxy,CSTB,1.2488774499477393,1.1837239888763624,-0.0651534610713768,0.0651534610713768,3
AgentVC_proxy,Non-responder,Leca-VC,AgentVC,offline_reconstructed_runtime_expression_proxy,CTC-425F1.4,1.8746919680171368,1.8105536643558768,-0.0641383036612603,0.0641383036612603,9
AgentVC_proxy,Non-responder,Leca-VC,AgentVC,offline_reconstructed_runtime_expression_proxy,CTSA,1.2111931137285028,1.0078788685879103,-0.2033142451405922,0.2033142451405922,2
AgentVC_proxy,Non-responder,Leca-VC,AgentVC,offline_reconstructed_runtime_expression_proxy,CTSB,1.646555866306154,1.4151975385392397,-0.2313583277669144,0.2313583277669144,7
AgentVC_proxy,Non-responder,Leca-VC,AgentVC,offline_reconstructed_runtime_expression_proxy,CTSC,1.5621875827115224,1.65795413725952,0.0957665545479977,0.0957665545479977,6
AgentVC_proxy,Non-responder,Leca-VC,AgentVC,offline_reconstructed_runtime_expression_proxy,CTSD,1.7399804004229904,1.7591162280058097,0.019135827582819,0.019135827582819,8
AgentVC_proxy,Non-responder,Leca-VC,AgentVC,offline_reconstructed_runtime_expression_proxy,CTSS,1.481400889265983,1.439330734856591,-0.0420701544093922,0.0420701544093922,5
AgentVC_proxy,Non-responder,Leca-VC,AgentVC,offline_reconstructed_runtime_expression_proxy,CTSW,1.5499455575721246,1.720804102450401,0.1708585448782764,0.1708585448782764,6
AgentVC_proxy,Non-responder,Leca-VC,AgentVC,offline_reconstructed_runtime_expression_proxy,CXCL13,0.981963848209469,1.2416398425145505,0.2596759943050815,0.2596759943050815,1
AgentVC_proxy,Non-responder,Leca-VC,AgentVC,offline_reconstructed_runtime_expression_proxy,CXCR3,1.3801612988981324,1.1997261382665518,-0.1804351606315806,0.1804351606315806,4
AgentVC_proxy,Non-responder,Leca-VC,AgentVC,offline_reconstructed_runtime_expression_proxy,CYBA,1.318270684367877,1.22830973331243,-0.0899609510554471,0.0899609510554471,3
AgentVC_proxy,Non-responder,Leca-VC,AgentVC,offline_reconstructed_runtime_expression_proxy,CYC1,1.1895542451716143,1.0680575216560253,-0.121496723515589,0.121496723515589,2
AgentVC_proxy,Non-responder,Leca-VC,AgentVC,offline_reconstructed_runtime_expression_proxy,CYCS,1.5081391974122758,1.4585893668398822,-0.0495498305723935,0.0495498305723935,5
AgentVC_proxy,Non-responder,Leca-VC,AgentVC,offline_reconstructed_runtime_expression_proxy,CYFIP2,1.516108930393088,1.5871984343282464,0.0710895039351584,0.0710895039351584,6
AgentVC_proxy,Non-responder,Leca-VC,AgentVC,offline_reconstructed_runtime_expression_proxy,CYTH4,1.1642934524033048,1.0272411006707265,-0.1370523517325783,0.1370523517325783,2
AgentVC_proxy,Non-responder,Leca-VC,AgentVC,offline_reconstructed_runtime_expression_proxy,CYTIP,1.8698081078577669,1.860964967212476,-0.0088431406452906,0.0088431406452906,9
AgentVC_proxy,Non-responder,Leca-VC,AgentVC,offline_reconstructed_runtime_expression_proxy,DAD1,1.4586080976598914,1.3867052691960773,-0.0719028284638141,0.0719028284638141,5
AgentVC_proxy,Non-responder,Leca-VC,AgentVC,offline_reconstructed_runtime_expression_proxy,DAZAP2,2.0775360771016893,1.963495062045247,-0.1140410150564423,0.1140410150564423,10
AgentVC_proxy,Non-responder,Leca-VC,AgentVC,offline_reconstructed_runtime_expression_proxy,DBI,1.4143121864527393,1.352687034055336,-0.0616251523974031,0.0616251523974031,4
AgentVC_proxy,Non-responder,Leca-VC,AgentVC,offline_reconstructed_runtime_expression_proxy,DBNL,1.3953874502345396,1.3071996711050282,-0.0881877791295113,0.0881877791295113,4
AgentVC_proxy,Non-responder,Leca-VC,AgentVC,offline_reconstructed_runtime_expression_proxy,DCXR,1.2878303218736251,1.2923906248282615,0.0045603029546363,0.0045603029546363,3
AgentVC_proxy,Non-responder,Leca-VC,AgentVC,offline_reconstructed_runtime_expression_proxy,DDIT3,0.9416234892218704,0.8512981803695218,-0.0903253088523486,0.0903253088523486,1
AgentVC_proxy,Non-responder,Leca-VC,AgentVC,offline_reconstructed_runtime_expression_proxy,DDIT4,1.8780901366103668,1.8549286444898057,-0.0231614921205609,0.0231614921205609,9
AgentVC_proxy,Non-responder,Leca-VC,AgentVC,offline_reconstructed_runtime_expression_proxy,DDOST,1.622080807475121,1.5504615136954063,-0.0716192937797144,0.0716192937797144,7
AgentVC_proxy,Non-responder,Leca-VC,AgentVC,offline_reconstructed_runtime_expression_proxy,DDX24,1.5433275130891628,1.485549388115688,-0.0577781249734747,0.0577781249734747,6
AgentVC_proxy,Non-responder,Leca-VC,AgentVC,offline_reconstructed_runtime_expression_proxy,DDX3Y,0.8654989063827727,0.665628057445094,-0.1998708489376787,0.1998708489376787,1
AgentVC_proxy,Non-responder,Leca-VC,AgentVC,offline_reconstructed_runtime_expression_proxy,DDX6,1.7223433986684438,1.7095976754017608,-0.0127457232666829,0.0127457232666829,8
AgentVC_proxy,Non-responder,Leca-VC,AgentVC,offline_reconstructed_runtime_expression_proxy,DENND2D,1.5270736177676405,1.6940841424034865,0.1670105246358462,0.1670105246358462,6
AgentVC_proxy,Non-responder,Leca-VC,AgentVC,offline_reconstructed_runtime_expression_proxy,DHRS7,1.3246988319653472,1.273862199413789,-0.0508366325515581,0.0508366325515581,3
AgentVC_proxy,Non-responder,Leca-VC,AgentVC,offline_reconstructed_runtime_expression_proxy,DNAJA1,1.9058192481398013,1.9625523315848377,0.0567330834450361,0.0567330834450361,9
AgentVC_proxy,Non-responder,Leca-VC,AgentVC,offline_reconstructed_runtime_expression_proxy,DNAJB1,2.0637711442950364,2.009302974660545,-0.0544681696344913,0.0544681696344913,10
AgentVC_proxy,Non-responder,Leca-VC,AgentVC,offline_reconstructed_runtime_expression_proxy,DNAJB11,1.3690467782603268,1.3298928935349918,-0.0391538847253349,0.0391538847253349,4
AgentVC_proxy,Non-responder,Leca-VC,AgentVC,offline_reconstructed_runtime_expression_proxy,DNAJB6,1.5548222479572118,1.6236186427816373,0.0687963948244254,0.0687963948244254,6
AgentVC_proxy,Non-responder,Leca-VC,AgentVC,offline_reconstructed_runtime_expression_proxy,DNAJC4,0.9808468872081232,1.0084210959423234,0.0275742087342003,0.0275742087342003,1
AgentVC_proxy,Non-responder,Leca-VC,AgentVC,offline_reconstructed_runtime_expression_proxy,DNAJC7,1.2390304332209547,1.218238165888133,-0.0207922673328218,0.0207922673328218,2
AgentVC_proxy,Non-responder,Leca-VC,AgentVC,offline_reconstructed_runtime_expression_proxy,DOK2,1.453611658873144,1.465960583647327,0.012348924774183,0.012348924774183,5
AgentVC_proxy,Non-responder,Leca-VC,AgentVC,offline_reconstructed_runtime_expression_proxy,DPP7,1.4991280639092197,1.4239604238808512,-0.0751676400283682,0.0751676400283682,5
AgentVC_proxy,Non-responder,Leca-VC,AgentVC,offline_reconstructed_runtime_expression_proxy,DSTN,1.0283764914382425,0.9064807693217676,-0.1218957221164748,0.1218957221164748,1
AgentVC_proxy,Non-responder,Leca-VC,AgentVC,offline_reconstructed_runtime_expression_proxy,DUSP1,2.1772901518455723,2.1078011716978358,-0.0694889801477369,0.0694889801477369,10
AgentVC_proxy,Non-responder,Leca-VC,AgentVC,offline_reconstructed_runtime_expression_proxy,DUSP2,2.017237846397788,2.012253076558836,-0.0049847698389515,0.0049847698389515,10
AgentVC_proxy,Non-responder,Leca-VC,AgentVC,offline_reconstructed_runtime_expression_proxy,DUSP4,1.481217324303338,1.4002307467722748,-0.0809865775310632,0.0809865775310632,5
AgentVC_proxy,Non-responder,Leca-VC,AgentVC,offline_reconstructed_runtime_expression_proxy,DYNLL1,1.3635151145917908,1.46606657190308,0.1025514573112891,0.1025514573112891,4
AgentVC_proxy,Non-responder,Leca-VC,AgentVC,offline_reconstructed_runtime_expression_proxy,DYNLRB1,1.261933343932242,1.2681416226832414,0.0062082787509993,0.0062082787509993,3
AgentVC_proxy,Non-responder,Leca-VC,AgentVC,offline_reconstructed_runtime_expression_proxy,ECH1,1.5706334504613753,1.5269942370160183,-0.0436392134453569,0.0436392134453569,6
AgentVC_proxy,Non-responder,Leca-VC,AgentVC,offline_reconstructed_runtime_expression_proxy,EDEM1,1.165145820855401,1.0494874631849551,-0.1156583576704457,0.1156583576704457,2
AgentVC_proxy,Non-responder,Leca-VC,AgentVC,offline_reconstructed_runtime_expression_proxy,EDF1,1.8472401959689129,1.802025269994605,-0.0452149259743075,0.0452149259743075,9
AgentVC_proxy,Non-responder,Leca-VC,AgentVC,offline_reconstructed_runtime_expression_proxy,EEF1B2,2.063970609153694,2.0130591110342397,-0.0509114981194547,0.0509114981194547,10
AgentVC_proxy,Non-responder,Leca-VC,AgentVC,offline_reconstructed_runtime_expression_proxy,EGR1,0.9971646102321962,1.0009459671793437,0.0037813569471473,0.0037813569471473,1
AgentVC_proxy,Non-responder,Leca-VC,AgentVC,offline_reconstructed_runtime_expression_proxy,EIF2A,1.181526135012323,1.1582184571349916,-0.0233076778773313,0.0233076778773313,2
AgentVC_proxy,Non-responder,Leca-VC,AgentVC,offline_reconstructed_runtime_expression_proxy,EIF3C,1.5903059791268932,1.5132447810347347,-0.0770611980921585,0.0770611980921585,6
AgentVC_proxy,Non-responder,Leca-VC,AgentVC,offline_reconstructed_runtime_expression_proxy,EIF3D,1.531608955954758,1.4804499425536468,-0.051159013401111,0.051159013401111,6
AgentVC_proxy,Non-responder,Leca-VC,AgentVC,offline_reconstructed_runtime_expression_proxy,EIF3E,1.7397054624441612,1.711259680682036,-0.0284457817621253,0.0284457817621253,8
AgentVC_proxy,Non-responder,Leca-VC,AgentVC,offline_reconstructed_runtime_expression_proxy,EIF3F,1.8072269167177424,1.683630197070304,-0.1235967196474385,0.1235967196474385,9
AgentVC_proxy,Non-responder,Leca-VC,AgentVC,offline_reconstructed_runtime_expression_proxy,EIF3G,1.7431693443549487,1.679011267652034,-0.0641580767029146,0.0641580767029146,8
AgentVC_proxy,Non-responder,Leca-VC,AgentVC,offline_reconstructed_runtime_expression_proxy,EIF3H,1.7443058972155572,1.674868311026105,-0.0694375861894525,0.0694375861894525,8
AgentVC_proxy,Non-responder,Leca-VC,AgentVC,offline_reconstructed_runtime_expression_proxy,EIF3K,1.819002148104692,1.7630745808531862,-0.0559275672515058,0.0559275672515058,9
AgentVC_proxy,Non-responder,Leca-VC,AgentVC,offline_reconstructed_runtime_expression_proxy,EIF3L,1.743044092552545,1.5910891873665551,-0.1519549051859898,0.1519549051859898,8
AgentVC_proxy,Non-responder,Leca-VC,AgentVC,offline_reconstructed_runtime_expression_proxy,EIF3M,1.5284890973239624,1.4699847104163817,-0.0585043869075807,0.0585043869075807,6
AgentVC_proxy,Non-responder,Leca-VC,AgentVC,offline_reconstructed_runtime_expression_proxy,EIF4A1,2.060025004329868,2.0638190801807883,0.0037940758509207,0.0037940758509207,10
AgentVC_proxy,Non-responder,Leca-VC,AgentVC,offline_reconstructed_runtime_expression_proxy,EIF4A2,2.0238893646203606,2.0653530960355364,0.0414637314151757,0.0414637314151757,10
AgentVC_proxy,Non-responder,Leca-VC,AgentVC,offline_reconstructed_runtime_expression_proxy,EIF4A3,1.335403788677184,1.339893029617297,0.0044892409401131,0.0044892409401131,3
AgentVC_proxy,Non-responder,Leca-VC,AgentVC,offline_reconstructed_runtime_expression_proxy,EIF4H,1.6277486178247598,1.5668259073648911,-0.0609227104598686,0.0609227104598686,7
AgentVC_proxy,Non-responder,Leca-VC,AgentVC,offline_reconstructed_runtime_expression_proxy,EIF5,1.6722909879471273,1.7564018252489006,0.0841108373017733,0.0841108373017733,7
AgentVC_proxy,Non-responder,Leca-VC,AgentVC,offline_reconstructed_runtime_expression_proxy,ELMO1,1.3930428060902829,1.2780651203760869,-0.1149776857141959,0.1149776857141959,4
AgentVC_proxy,Non-responder,Leca-VC,AgentVC,offline_reconstructed_runtime_expression_proxy,EMB,1.652911582216781,1.5564579317688676,-0.0964536504479134,0.0964536504479134,7
AgentVC_proxy,Non-responder,Leca-VC,AgentVC,offline_reconstructed_runtime_expression_proxy,EMC4,1.2715623530686,1.156844091444286,-0.1147182616243138,0.1147182616243138,3
AgentVC_proxy,Non-responder,Leca-VC,AgentVC,offline_reconstructed_runtime_expression_proxy,EMP3,1.691004263164145,1.6961863896913514,0.005182126527206,0.005182126527206,8
AgentVC_proxy,Non-responder,Leca-VC,AgentVC,offline_reconstructed_runtime_expression_proxy,ENO1,2.0886770176108693,1.986916290671629,-0.1017607269392404,0.1017607269392404,10
AgentVC_proxy,Non-responder,Leca-VC,AgentVC,offline_reconstructed_runtime_expression_proxy,ENY2,1.0814118239316457,1.0247411952818466,-0.0566706286497991,0.0566706286497991,1
AgentVC_proxy,Non-responder,Leca-VC,AgentVC,offline_reconstructed_runtime_expression_proxy,EPSTI1,1.2098591767723874,1.2738188409919406,0.0639596642195532,0.0639596642195532,2
AgentVC_proxy,Non-responder,Leca-VC,AgentVC,offline_reconstructed_runtime_expression_proxy,ERCC1,1.04458320066581,0.963622203872562,-0.0809609967932479,0.0809609967932479,1
AgentVC_proxy,Non-responder,Leca-VC,AgentVC,offline_reconstructed_runtime_expression_proxy,ERGIC3,1.3345046603891255,1.2045096181622783,-0.129995042226847,0.129995042226847,3
AgentVC_proxy,Non-responder,Leca-VC,AgentVC,offline_reconstructed_runtime_expression_proxy,ERP29,1.4409965482270506,1.4200467759306807,-0.0209497722963698,0.0209497722963698,5
AgentVC_proxy,Non-responder,Leca-VC,AgentVC,offline_reconstructed_runtime_expression_proxy,ETF1,1.2611237872233592,1.1672622559265993,-0.0938615312967598,0.0938615312967598,3
AgentVC_proxy,Non-responder,Leca-VC,AgentVC,offline_reconstructed_runtime_expression_proxy,EVI2B,1.621382525928017,1.5879179653724185,-0.0334645605555985,0.0334645605555985,7
AgentVC_proxy,Non-responder,Leca-VC,AgentVC,offline_reconstructed_runtime_expression_proxy,EVL,1.7932996840101425,1.7711509377321673,-0.022148746277975,0.022148746277975,8
AgentVC_proxy,Non-responder,Leca-VC,AgentVC,offline_reconstructed_runtime_expression_proxy,EWSR1,1.731839683437365,1.6927071731288346,-0.0391325103085304,0.0391325103085304,8
AgentVC_proxy,Non-responder,Leca-VC,AgentVC,offline_reconstructed_runtime_expression_proxy,EXOC4,1.2151545818785678,1.2120984309003056,-0.0030561509782622,0.0030561509782622,2
AgentVC_proxy,Non-responder,Leca-VC,AgentVC,offline_reconstructed_runtime_expression_proxy,FAM177A1,1.1713230451764165,1.1092152301784532,-0.0621078149979632,0.0621078149979632,2
AgentVC_proxy,Non-responder,Leca-VC,AgentVC,offline_reconstructed_runtime_expression_proxy,FERMT3,1.4770571020949224,1.3616261136547605,-0.115430988440162,0.115430988440162,5
AgentVC_proxy,Non-responder,Leca-VC,AgentVC,offline_reconstructed_runtime_expression_proxy,FKBP1A,1.7103482136340913,1.6761613529187702,-0.034186860715321,0.034186860715321,8
AgentVC_proxy,Non-responder,Leca-VC,AgentVC,offline_reconstructed_runtime_expression_proxy,FLII,1.4991561964133342,1.4746976846781292,-0.0244585117352049,0.0244585117352049,5
AgentVC_proxy,Non-responder,Leca-VC,AgentVC,offline_reconstructed_runtime_expression_proxy,FLNA,1.800794137770035,1.8201015814921195,0.0193074437220843,0.0193074437220843,8
AgentVC_proxy,Non-responder,Leca-VC,AgentVC,offline_reconstructed_runtime_expression_proxy,FLOT1,1.014747447190247,0.9886581193876356,-0.0260893278026114,0.0260893278026114,1
AgentVC_proxy,Non-responder,Leca-VC,AgentVC,offline_reconstructed_runtime_expression_proxy,FOS,2.069320156377489,1.711073780462012,-0.358246375915477,0.358246375915477,10
AgentVC_proxy,Non-responder,Leca-VC,AgentVC,offline_reconstructed_runtime_expression_proxy,FOSB,1.679846333624791,1.521379754047168,-0.158466579577623,0.158466579577623,7
AgentVC_proxy,Non-responder,Leca-VC,AgentVC,offline_reconstructed_runtime_expression_proxy,FOSL2,1.2311201076615683,1.2462937099658904,0.0151736023043218,0.0151736023043218,2
AgentVC_proxy,Non-responder,Leca-VC,AgentVC,offline_reconstructed_runtime_expression_proxy,FUS,1.8898582113411324,1.9128910157037968,0.0230328043626641,0.0230328043626641,9
AgentVC_proxy,Non-responder,Leca-VC,AgentVC,offline_reconstructed_runtime_expression_proxy,FXYD5,1.9118175967662052,1.8652091956599133,-0.0466084011062919,0.0466084011062919,9
AgentVC_proxy,Non-responder,Leca-VC,AgentVC,offline_reconstructed_runtime_expression_proxy,FYN,1.858553601370063,1.9271460465044503,0.0685924451343873,0.0685924451343873,9
AgentVC_proxy,Non-responder,Leca-VC,AgentVC,offline_reconstructed_runtime_expression_proxy,FYTTD1,1.067684696370546,1.0608309820217905,-0.0068537143487554,0.0068537143487554,1
AgentVC_proxy,Non-responder,Leca-VC,AgentVC,offline_reconstructed_runtime_expression_proxy,GABARAP,1.9510803854264245,1.906591665232159,-0.0444887201942654,0.0444887201942654,9
AgentVC_proxy,Non-responder,Leca-VC,AgentVC,offline_reconstructed_runtime_expression_proxy,GABARAPL2,1.3905394186342503,1.2530541805558544,-0.1374852380783959,0.1374852380783959,4
AgentVC_proxy,Non-responder,Leca-VC,AgentVC,offline_reconstructed_runtime_expression_proxy,GADD45B,1.2111901412957673,1.161281541294736,-0.0499086000010313,0.0499086000010313,2
AgentVC_proxy,Non-responder,Leca-VC,AgentVC,offline_reconstructed_runtime_expression_proxy,GAS5,1.8855006397662264,1.8492878133975257,-0.0362128263687007,0.0362128263687007,9
AgentVC_proxy,Non-responder,Leca-VC,AgentVC,offline_reconstructed_runtime_expression_proxy,GBP2,1.686571163683213,1.5896439687693384,-0.0969271949138745,0.0969271949138745,8
AgentVC_proxy,Non-responder,Leca-VC,AgentVC,offline_reconstructed_runtime_expression_proxy,GDI2,1.5433584851813384,1.472284536549716,-0.0710739486316223,0.0710739486316223,6
AgentVC_proxy,Non-responder,Leca-VC,AgentVC,offline_reconstructed_runtime_expression_proxy,GHITM,1.4786631913669033,1.3290060202622105,-0.149657171104693,0.149657171104693,5
AgentVC_proxy,Non-responder,Leca-VC,AgentVC,offline_reconstructed_runtime_expression_proxy,GIMAP4,1.5718944812497169,1.5550579053396698,-0.016836575910047,0.016836575910047,6
AgentVC_proxy,Non-responder,Leca-VC,AgentVC,offline_reconstructed_runtime_expression_proxy,GIMAP5,1.345448738307522,1.3988155204883308,0.0533667821808088,0.0533667821808088,4
AgentVC_proxy,Non-responder,Leca-VC,AgentVC,offline_reconstructed_runtime_expression_proxy,GIMAP7,1.4896832183014994,1.5760390934878783,0.0863558751863791,0.0863558751863791,5
AgentVC_proxy,Non-responder,Leca-VC,AgentVC,offline_reconstructed_runtime_expression_proxy,GLIPR1,1.278164134614248,1.2539307823890142,-0.0242333522252338,0.0242333522252338,3
AgentVC_proxy,Non-responder,Leca-VC,AgentVC,offline_reconstructed_runtime_expression_proxy,GMFG,1.6045539622515703,1.6237561220016012,0.0192021597500309,0.0192021597500309,7
AgentVC_proxy,Non-responder,Leca-VC,AgentVC,offline_reconstructed_runtime_expression_proxy,GNAS,1.9677959773449727,1.933179898152782,-0.034616079192191,0.034616079192191,10
AgentVC_proxy,Non-responder,Leca-VC,AgentVC,offline_reconstructed_runtime_expression_proxy,GNG2,1.6502519232334072,1.7118174958503063,0.0615655726168991,0.0615655726168991,7
AgentVC_proxy,Non-responder,Leca-VC,AgentVC,offline_reconstructed_runtime_expression_proxy,GNG5,1.555155859972189,1.5209208861459391,-0.0342349738262497,0.0342349738262497,6
AgentVC_proxy,Non-responder,Leca-VC,AgentVC,offline_reconstructed_runtime_expression_proxy,GNLY,0.941058428015562,1.0919939103912502,0.1509354823756881,0.1509354823756881,1
AgentVC_proxy,Non-responder,Leca-VC,AgentVC,offline_reconstructed_runtime_expression_proxy,GPI,1.7736383911748996,1.703820502641521,-0.0698178885333786,0.0698178885333786,8
AgentVC_proxy,Non-responder,Leca-VC,AgentVC,offline_reconstructed_runtime_expression_proxy,GPR183,1.1233237228716648,1.016274905774074,-0.1070488170975909,0.1070488170975909,1
AgentVC_proxy,Non-responder,Leca-VC,AgentVC,offline_reconstructed_runtime_expression_proxy,GPR65,1.0069835419412123,0.9886040293592364,-0.018379512581976,0.018379512581976,1
AgentVC_proxy,Non-responder,Leca-VC,AgentVC,offline_reconstructed_runtime_expression_proxy,GPX1,1.252552301453222,1.2404329426084606,-0.0121193588447614,0.0121193588447614,3
AgentVC_proxy,Non-responder,Leca-VC,AgentVC,offline_reconstructed_runtime_expression_proxy,GPX4,1.5333080154767638,1.5303551314827202,-0.0029528839940435,0.0029528839940435,6
AgentVC_proxy,Non-responder,Leca-VC,AgentVC,offline_reconstructed_runtime_expression_proxy,GRB2,1.6003504580586958,1.6140731145312663,0.0137226564725705,0.0137226564725705,7
AgentVC_proxy,Non-responder,Leca-VC,AgentVC,offline_reconstructed_runtime_expression_proxy,GRN,1.078302639111799,1.0797011857079617,0.0013985465961627,0.0013985465961627,1
AgentVC_proxy,Non-responder,Leca-VC,AgentVC,offline_reconstructed_runtime_expression_proxy,GRSF1,1.0806466645585944,1.1671164488990535,0.0864697843404593,0.0864697843404593,1
AgentVC_proxy,Non-responder,Leca-VC,AgentVC,offline_reconstructed_runtime_expression_proxy,GSTK1,1.866875430247939,1.7424285520181828,-0.1244468782297558,0.1244468782297558,9
AgentVC_proxy,Non-responder,Leca-VC,AgentVC,offline_reconstructed_runtime_expression_proxy,GSTO1,1.1948635501761418,1.1746275543327942,-0.0202359958433475,0.0202359958433475,2
AgentVC_proxy,Non-responder,Leca-VC,AgentVC,offline_reconstructed_runtime_expression_proxy,GSTP1,1.5760898211912795,1.5947234184832515,0.018633597291972,0.018633597291972,6
AgentVC_proxy,Non-responder,Leca-VC,AgentVC,offline_reconstructed_runtime_expression_proxy,GTF3A,1.567552601831058,1.4267891080046244,-0.1407634938264335,0.1407634938264335,6
AgentVC_proxy,Non-responder,Leca-VC,AgentVC,offline_reconstructed_runtime_expression_proxy,GUK1,1.9014084308259904,1.799303629307906,-0.1021048015180841,0.1021048015180841,9
AgentVC_proxy,Non-responder,Leca-VC,AgentVC,offline_reconstructed_runtime_expression_proxy,GZMA,1.81379691427784,1.8806834536392507,0.0668865393614108,0.0668865393614108,9
AgentVC_proxy,Non-responder,Leca-VC,AgentVC,offline_reconstructed_runtime_expression_proxy,GZMB,1.4901658463350955,1.6404353647294594,0.1502695183943636,0.1502695183943636,5
AgentVC_proxy,Non-responder,Leca-VC,AgentVC,offline_reconstructed_runtime_expression_proxy,GZMH,1.4638494653005345,1.452811887987747,-0.0110375773127875,0.0110375773127875,5
AgentVC_proxy,Non-responder,Leca-VC,AgentVC,offline_reconstructed_runtime_expression_proxy,GZMK,1.494481653236881,1.4745031517938365,-0.0199785014430446,0.0199785014430446,5
AgentVC_proxy,Non-responder,Leca-VC,AgentVC,offline_reconstructed_runtime_expression_proxy,HAVCR2,1.2830593478158958,1.4122235872982891,0.1291642394823933,0.1291642394823933,3
AgentVC_proxy,Non-responder,Leca-VC,AgentVC,offline_reconstructed_runtime_expression_proxy,HCLS1,1.9475310515545508,1.8362317912655932,-0.1112992602889573,0.1112992602889573,9
AgentVC_proxy,Non-responder,Leca-VC,AgentVC,offline_reconstructed_runtime_expression_proxy,HCST,1.7875108634647074,1.81688864147924,0.0293777780145323,0.0293777780145323,8
AgentVC_proxy,Non-responder,Leca-VC,AgentVC,offline_reconstructed_runtime_expression_proxy,HDLBP,1.1824039254966685,1.1353119020743174,-0.047092023422351,0.047092023422351,2
AgentVC_proxy,Non-responder,Leca-VC,AgentVC,offline_reconstructed_runtime_expression_proxy,HERPUD1,1.7541562803153927,1.7453259251219262,-0.0088303551934665,0.0088303551934665,8
AgentVC_proxy,Non-responder,Leca-VC,AgentVC,offline_reconstructed_runtime_expression_proxy,HEXB,1.0706771174505731,1.044388427576214,-0.0262886898743592,0.0262886898743592,1
AgentVC_proxy,Non-responder,Leca-VC,AgentVC,offline_reconstructed_runtime_expression_proxy,HIF1A,1.536919370646142,1.416352505437135,-0.1205668652090066,0.1205668652090066,6
AgentVC_proxy,Non-responder,Leca-VC,AgentVC,offline_reconstructed_runtime_expression_proxy,HIGD1A,1.076010720697798,1.0214205359618451,-0.0545901847359526,0.0545901847359526,1
AgentVC_proxy,Non-responder,Leca-VC,AgentVC,offline_reconstructed_runtime_expression_proxy,HIGD2A,1.5355919718721316,1.4195685176618529,-0.1160234542102787,0.1160234542102787,6
AgentVC_proxy,Non-responder,Leca-VC,AgentVC,offline_reconstructed_runtime_expression_proxy,HINT1,1.8075058330657088,1.747452805427108,-0.0600530276386008,0.0600530276386008,9
AgentVC_proxy,Non-responder,Leca-VC,AgentVC,offline_reconstructed_runtime_expression_proxy,HLA-DMA,1.5309544619721434,1.3052718781654746,-0.2256825838066687,0.2256825838066687,6
AgentVC_proxy,Non-responder,Leca-VC,AgentVC,offline_reconstructed_runtime_expression_proxy,HLA-DMB,1.025415502612047,0.7638262884986693,-0.2615892141133777,0.2615892141133777,1
AgentVC_proxy,Non-responder,Leca-VC,AgentVC,offline_reconstructed_runtime_expression_proxy,HLA-DPA1,2.0173012341745697,1.8585411807577683,-0.1587600534168014,0.1587600534168014,10
AgentVC_proxy,Non-responder,Leca-VC,AgentVC,offline_reconstructed_runtime_expression_proxy,HLA-DPB1,1.9704926722729152,1.8037461486045707,-0.1667465236683445,0.1667465236683445,10
AgentVC_proxy,Non-responder,Leca-VC,AgentVC,offline_reconstructed_runtime_expression_proxy,HLA-DQA1,1.3355810108197437,1.0646099677567311,-0.2709710430630123,0.2709710430630123,3
AgentVC_proxy,Non-responder,Leca-VC,AgentVC,offline_reconstructed_runtime_expression_proxy,HLA-DQB1,1.49945018553349,1.2496796799386358,-0.2497705055948542,0.2497705055948542,5
AgentVC_proxy,Non-responder,Leca-VC,AgentVC,offline_reconstructed_runtime_expression_proxy,HLA-DRA,1.8743925797894287,1.6686723826535153,-0.2057201971359139,0.2057201971359139,9
AgentVC_proxy,Non-responder,Leca-VC,AgentVC,offline_reconstructed_runtime_expression_proxy,HLA-DRB1,1.9220021143117625,1.794315911836753,-0.1276862024750091,0.1276862024750091,9
AgentVC_proxy,Non-responder,Leca-VC,AgentVC,offline_reconstructed_runtime_expression_proxy,HLA-DRB5,1.6983039290274644,1.549622327798991,-0.1486816012284735,0.1486816012284735,8
AgentVC_proxy,Non-responder,Leca-VC,AgentVC,offline_reconstructed_runtime_expression_proxy,HLA-DRB6,1.3855206555685082,1.211015792096829,-0.1745048634716792,0.1745048634716792,4
AgentVC_proxy,Non-responder,Leca-VC,AgentVC,offline_reconstructed_runtime_expression_proxy,HM13,1.418334598433084,1.3688649043199008,-0.0494696941131831,0.0494696941131831,4
AgentVC_proxy,Non-responder,Leca-VC,AgentVC,offline_reconstructed_runtime_expression_proxy,HMGB2,1.5246963538616187,1.5053752280184567,-0.019321125843162,0.019321125843162,6
AgentVC_proxy,Non-responder,Leca-VC,AgentVC,offline_reconstructed_runtime_expression_proxy,HMGN1,1.8206862849657504,1.7716889046728277,-0.0489973802929228,0.0489973802929228,9
AgentVC_proxy,Non-responder,Leca-VC,AgentVC,offline_reconstructed_runtime_expression_proxy,HMGN2,2.051802798359116,2.0369262859780424,-0.0148765123810732,0.0148765123810732,10
AgentVC_proxy,Non-responder,Leca-VC,AgentVC,offline_reconstructed_runtime_expression_proxy,HMGN3,1.1862174197770965,1.1602037877347555,-0.0260136320423407,0.0260136320423407,2
AgentVC_proxy,Non-responder,Leca-VC,AgentVC,offline_reconstructed_runtime_expression_proxy,HNRNPDL,1.966898682169602,2.0074636461547306,0.0405649639851286,0.0405649639851286,10
AgentVC_proxy,Non-responder,Leca-VC,AgentVC,offline_reconstructed_runtime_expression_proxy,HNRNPF,1.6720376268706951,1.6771559721814546,0.0051183453107592,0.0051183453107592,7
AgentVC_proxy,Non-responder,Leca-VC,AgentVC,offline_reconstructed_runtime_expression_proxy,HNRNPM,1.623586484036139,1.6292149743501625,0.0056284903140233,0.0056284903140233,7
AgentVC_proxy,Non-responder,Leca-VC,AgentVC,offline_reconstructed_runtime_expression_proxy,HSP90AA1,2.1560681733636264,2.199892999053693,0.0438248256900664,0.0438248256900664,10
AgentVC_proxy,Non-responder,Leca-VC,AgentVC,offline_reconstructed_runtime_expression_proxy,HSP90AB1,2.0504463321724136,2.082057990873716,0.0316116587013022,0.0316116587013022,10
AgentVC_proxy,Non-responder,Leca-VC,AgentVC,offline_reconstructed_runtime_expression_proxy,HSP90B1,1.6992859402568603,1.6876388962671864,-0.0116470439896738,0.0116470439896738,8
AgentVC_proxy,Non-responder,Leca-VC,AgentVC,offline_reconstructed_runtime_expression_proxy,HSPA1A,1.396930740415672,1.6090062397316094,0.2120754993159375,0.2120754993159375,4
AgentVC_proxy,Non-responder,Leca-VC,AgentVC,offline_reconstructed_runtime_expression_proxy,HSPA1B,1.3584277691759037,1.5125558138906046,0.1541280447147008,0.1541280447147008,4
AgentVC_proxy,Non-responder,Leca-VC,AgentVC,offline_reconstructed_runtime_expression_proxy,HSPA5,1.686586332319573,1.6445275135642623,-0.0420588187553103,0.0420588187553103,8
AgentVC_proxy,Non-responder,Leca-VC,AgentVC,offline_reconstructed_runtime_expression_proxy,HSPA9,1.6182981043213165,1.6713730041647068,0.0530748998433903,0.0530748998433903,7
AgentVC_proxy,Non-responder,Leca-VC,AgentVC,offline_reconstructed_runtime_expression_proxy,HSPB1,1.216065575329035,1.3485230146086336,0.1324574392795985,0.1324574392795985,2
AgentVC_proxy,Non-responder,Leca-VC,AgentVC,offline_reconstructed_runtime_expression_proxy,HSPD1,1.538438130466661,1.603386617844914,0.0649484873782531,0.0649484873782531,6
AgentVC_proxy,Non-responder,Leca-VC,AgentVC,offline_reconstructed_runtime_expression_proxy,HSPE1,1.5991564991125322,1.6225016763465667,0.0233451772340345,0.0233451772340345,7
AgentVC_proxy,Non-responder,Leca-VC,AgentVC,offline_reconstructed_runtime_expression_proxy,HSPH1,1.173771337679919,1.3326758009506474,0.1589044632707283,0.1589044632707283,2
AgentVC_proxy,Non-responder,Leca-VC,AgentVC,offline_reconstructed_runtime_expression_proxy,ID2,1.8668690325661983,2.011014173769739,0.1441451412035406,0.1441451412035406,9
AgentVC_proxy,Non-responder,Leca-VC,AgentVC,offline_reconstructed_runtime_expression_proxy,IDH2,1.4354444252824738,1.2762175595790406,-0.1592268657034332,0.1592268657034332,5
AgentVC_proxy,Non-responder,Leca-VC,AgentVC,offline_reconstructed_runtime_expression_proxy,IDI1,1.2843791251048964,1.365806463591418,0.0814273384865216,0.0814273384865216,3
AgentVC_proxy,Non-responder,Leca-VC,AgentVC,offline_reconstructed_runtime_expression_proxy,IER2,1.8266192198870612,1.6840586145236702,-0.1425606053633912,0.1425606053633912,9
AgentVC_proxy,Non-responder,Leca-VC,AgentVC,offline_reconstructed_runtime_expression_proxy,IFI16,1.7930914396951936,1.7785995767969,-0.0144918628982935,0.0144918628982935,8
AgentVC_proxy,Non-responder,Leca-VC,AgentVC,offline_reconstructed_runtime_expression_proxy,IFI30,0.9747718614090982,0.9559169926553214,-0.0188548687537768,0.0188548687537768,1
AgentVC_proxy,Non-responder,Leca-VC,AgentVC,offline_reconstructed_runtime_expression_proxy,IFI35,0.9893217528439858,0.9945661536106426,0.0052444007666567,0.0052444007666567,1
AgentVC_proxy,Non-responder,Leca-VC,AgentVC,offline_reconstructed_runtime_expression_proxy,IFI44L,0.7698873025274712,1.1902694075796056,0.4203821050521344,0.4203821050521344,1
AgentVC_proxy,Non-responder,Leca-VC,AgentVC,offline_reconstructed_runtime_expression_proxy,IFI6,1.5320338096889157,1.686444762871977,0.1544109531830613,0.1544109531830613,6
AgentVC_proxy,Non-responder,Leca-VC,AgentVC,offline_reconstructed_runtime_expression_proxy,IFITM1,2.1060765400342585,2.1698398788014948,0.0637633387672362,0.0637633387672362,10
AgentVC_proxy,Non-responder,Leca-VC,AgentVC,offline_reconstructed_runtime_expression_proxy,IFITM3,1.170551401013392,1.5117376038790376,0.3411862028656456,0.3411862028656456,2
AgentVC_proxy,Non-responder,Leca-VC,AgentVC,offline_reconstructed_runtime_expression_proxy,IFNG,1.3199421110429057,1.4320131350903604,0.1120710240474547,0.1120710240474547,3
AgentVC_proxy,Non-responder,Leca-VC,AgentVC,offline_reconstructed_runtime_expression_proxy,IFNGR1,0.969291159597372,0.8845886670323706,-0.0847024925650012,0.0847024925650012,1
AgentVC_proxy,Non-responder,Leca-VC,AgentVC,offline_reconstructed_runtime_expression_proxy,IFRD1,1.4625851894942998,1.486713347598334,0.0241281581040342,0.0241281581040342,5
AgentVC_proxy,Non-responder,Leca-VC,AgentVC,offline_reconstructed_runtime_expression_proxy,IGFLR1,1.3599288327387562,1.288077571829991,-0.0718512609087651,0.0718512609087651,4
AgentVC_proxy,Non-responder,Leca-VC,AgentVC,offline_reconstructed_runtime_expression_proxy,IK,1.4580062926854294,1.41831633842244,-0.0396899542629893,0.0396899542629893,5
AgentVC_proxy,Non-responder,Leca-VC,AgentVC,offline_reconstructed_runtime_expression_proxy,IL10RA,1.6401493100625653,1.720580988789442,0.0804316787268768,0.0804316787268768,7
AgentVC_proxy,Non-responder,Leca-VC,AgentVC,offline_reconstructed_runtime_expression_proxy,IL16,1.3189951292006563,1.4379895785075525,0.1189944493068959,0.1189944493068959,3
AgentVC_proxy,Non-responder,Leca-VC,AgentVC,offline_reconstructed_runtime_expression_proxy,IL2RB,1.6778292686935925,1.6850996636902773,0.0072703949966848,0.0072703949966848,7
AgentVC_proxy,Non-responder,Leca-VC,AgentVC,offline_reconstructed_runtime_expression_proxy,IL2RG,2.155963289320985,2.143197369274468,-0.0127659200465166,0.0127659200465166,10
AgentVC_proxy,Non-responder,Leca-VC,AgentVC,offline_reconstructed_runtime_expression_proxy,IL32,2.191311405886088,2.194648638963312,0.0033372330772238,0.0033372330772238,10
AgentVC_proxy,Non-responder,Leca-VC,AgentVC,offline_reconstructed_runtime_expression_proxy,IL7R,1.15787298029141,1.0933496268398006,-0.0645233534516094,0.0645233534516094,2
AgentVC_proxy,Non-responder,Leca-VC,AgentVC,offline_reconstructed_runtime_expression_proxy,ILF2,1.377736425018692,1.3026844967328737,-0.0750519282858184,0.0750519282858184,4
AgentVC_proxy,Non-responder,Leca-VC,AgentVC,offline_reconstructed_runtime_expression_proxy,INPP5D,1.633086456602063,1.6169918656638451,-0.0160945909382179,0.0160945909382179,7
AgentVC_proxy,Non-responder,Leca-VC,AgentVC,offline_reconstructed_runtime_expression_proxy,INSIG1,0.9926075203929112,1.0569289842918448,0.0643214638989336,0.0643214638989336,1
AgentVC_proxy,Non-responder,Leca-VC,AgentVC,offline_reconstructed_runtime_expression_proxy,IRF4,1.0502101392365508,0.9680916705692258,-0.0821184686673249,0.0821184686673249,1
AgentVC_proxy,Non-responder,Leca-VC,AgentVC,offline_reconstructed_runtime_expression_proxy,IRF7,1.1195327594805469,1.2857945973792004,0.1662618378986535,0.1662618378986535,1
AgentVC_proxy,Non-responder,Leca-VC,AgentVC,offline_reconstructed_runtime_expression_proxy,IRF8,0.9453285579783682,0.898463838219414,-0.0468647197589542,0.0468647197589542,1
AgentVC_proxy,Non-responder,Leca-VC,AgentVC,offline_reconstructed_runtime_expression_proxy,IRF9,1.613312539044874,1.6382382513424074,0.0249257122975334,0.0249257122975334,7
AgentVC_proxy,Non-responder,Leca-VC,AgentVC,offline_reconstructed_runtime_expression_proxy,ISG15,1.6309208108462443,1.7037330738168792,0.0728122629706347,0.0728122629706347,7
AgentVC_proxy,Non-responder,Leca-VC,AgentVC,offline_reconstructed_runtime_expression_proxy,ISG20,1.7368878877904137,1.7260156501314252,-0.0108722376589882,0.0108722376589882,8
AgentVC_proxy,Non-responder,Leca-VC,AgentVC,offline_reconstructed_runtime_expression_proxy,ITGAL,1.7518017127117176,1.7229867777938128,-0.0288149349179047,0.0288149349179047,8
AgentVC_proxy,Non-responder,Leca-VC,AgentVC,offline_reconstructed_runtime_expression_proxy,ITGB1,1.4040752934892204,1.4521947964750823,0.048119502985862,0.048119502985862,4
AgentVC_proxy,Non-responder,Leca-VC,AgentVC,offline_reconstructed_runtime_expression_proxy,ITGB2,2.0375272550913306,2.039752773249246,0.0022255181579153,0.0022255181579153,10
AgentVC_proxy,Non-responder,Leca-VC,AgentVC,offline_reconstructed_runtime_expression_proxy,ITK,1.5271082599927603,1.5020857860535524,-0.0250224739392079,0.0250224739392079,6
AgentVC_proxy,Non-responder,Leca-VC,AgentVC,offline_reconstructed_runtime_expression_proxy,ITM2A,1.6182939798737537,1.5962664494879564,-0.0220275303857973,0.0220275303857973,7
AgentVC_proxy,Non-responder,Leca-VC,AgentVC,offline_reconstructed_runtime_expression_proxy,ITM2B,2.016668515113499,2.0227266036076723,0.0060580884941732,0.0060580884941732,10
AgentVC_proxy,Non-responder,Leca-VC,AgentVC,offline_reconstructed_runtime_expression_proxy,IVNS1ABP,1.4557136759307807,1.5319318900335217,0.0762182141027407,0.0762182141027407,5
AgentVC_proxy,Non-responder,Leca-VC,AgentVC,offline_reconstructed_runtime_expression_proxy,JUN,1.4233967681735074,1.199843845649701,-0.2235529225238064,0.2235529225238064,4
AgentVC_proxy,Non-responder,Leca-VC,AgentVC,offline_reconstructed_runtime_expression_proxy,KDELR2,1.1650956416104956,1.1633766102061156,-0.00171903140438,0.00171903140438,2
AgentVC_proxy,Non-responder,Leca-VC,AgentVC,offline_reconstructed_runtime_expression_proxy,KLRD1,1.1759275777091538,1.4734659837929345,0.2975384060837807,0.2975384060837807,2
AgentVC_proxy,Non-responder,Leca-VC,AgentVC,offline_reconstructed_runtime_expression_proxy,KLRK1,1.7636913739179836,1.8878115948738856,0.124120220955902,0.124120220955902,8
AgentVC_proxy,Non-responder,Leca-VC,AgentVC,offline_reconstructed_runtime_expression_proxy,KRTCAP2,1.4973872920399458,1.426179525909095,-0.0712077661308507,0.0712077661308507,5
AgentVC_proxy,Non-responder,Leca-VC,AgentVC,offline_reconstructed_runtime_expression_proxy,LAMP2,1.0932932107259286,1.1119192291973896,0.018626018471461,0.018626018471461,1
AgentVC_proxy,Non-responder,Leca-VC,AgentVC,offline_reconstructed_runtime_expression_proxy,LAMTOR4,1.4058518426170648,1.3365710598020075,-0.069280782815057,0.069280782815057,4
AgentVC_proxy,Non-responder,Leca-VC,AgentVC,offline_reconstructed_runtime_expression_proxy,LAMTOR5,1.245055223779439,1.1886812207071231,-0.0563740030723156,0.0563740030723156,2
AgentVC_proxy,Non-responder,Leca-VC,AgentVC,offline_reconstructed_runtime_expression_proxy,LAP3,1.2652338686323246,1.293863966264058,0.0286300976317332,0.0286300976317332,3
AgentVC_proxy,Non-responder,Leca-VC,AgentVC,offline_reconstructed_runtime_expression_proxy,LAPTM4A,1.159606154021275,1.0455353492317947,-0.1140708047894802,0.1140708047894802,2
AgentVC_proxy,Non-responder,Leca-VC,AgentVC,offline_reconstructed_runtime_expression_proxy,LAT,1.5753525819763612,1.535944962281621,-0.0394076196947401,0.0394076196947401,6
AgentVC_proxy,Non-responder,Leca-VC,AgentVC,offline_reconstructed_runtime_expression_proxy,LBH,1.596867950382115,1.625888369453263,0.029020419071148,0.029020419071148,7
AgentVC_proxy,Non-responder,Leca-VC,AgentVC,offline_reconstructed_runtime_expression_proxy,LCK,1.9063376341942408,1.8812286549495385,-0.0251089792447025,0.0251089792447025,9
AgentVC_proxy,Non-responder,Leca-VC,AgentVC,offline_reconstructed_runtime_expression_proxy,LCP2,1.7371588996093583,1.7188704223850566,-0.0182884772243019,0.0182884772243019,8
AgentVC_proxy,Non-responder,Leca-VC,AgentVC,offline_reconstructed_runtime_expression_proxy,LDHA,2.0894353790149047,2.009219469595806,-0.0802159094190986,0.0802159094190986,10
AgentVC_proxy,Non-responder,Leca-VC,AgentVC,offline_reconstructed_runtime_expression_proxy,LDHB,1.9601875936280184,1.9190518993609895,-0.0411356942670284,0.0411356942670284,9
AgentVC_proxy,Non-responder,Leca-VC,AgentVC,offline_reconstructed_runtime_expression_proxy,LEPROTL1,1.6346134835294392,1.6371686090025837,0.0025551254731444,0.0025551254731444,7
AgentVC_proxy,Non-responder,Leca-VC,AgentVC,offline_reconstructed_runtime_expression_proxy,LGALS1,1.3570044536750576,1.5081941233210294,0.1511896696459718,0.1511896696459718,4
AgentVC_proxy,Non-responder,Leca-VC,AgentVC,offline_reconstructed_runtime_expression_proxy,LGALS3,1.158686425567251,0.9838565578385352,-0.1748298677287162,0.1748298677287162,2
AgentVC_proxy,Non-responder,Leca-VC,AgentVC,offline_reconstructed_runtime_expression_proxy,LGALS9,1.0725555400481186,1.1200877351747958,0.0475321951266771,0.0475321951266771,1
AgentVC_proxy,Non-responder,Leca-VC,AgentVC,offline_reconstructed_runtime_expression_proxy,LIMD2,1.8427515694578336,1.8235364296754075,-0.0192151397824265,0.0192151397824265,9
AgentVC_proxy,Non-responder,Leca-VC,AgentVC,offline_reconstructed_runtime_expression_proxy,LIME1,1.4078146942120822,1.360372292224658,-0.0474424019874242,0.0474424019874242,4
AgentVC_proxy,Non-responder,Leca-VC,AgentVC,offline_reconstructed_runtime_expression_proxy,LITAF,1.777563595152977,1.8439954080478915,0.0664318128949144,0.0664318128949144,8
AgentVC_proxy,Non-responder,Leca-VC,AgentVC,offline_reconstructed_runtime_expression_proxy,LMAN2,1.551279026357506,1.4660141787529009,-0.0852648476046051,0.0852648476046051,6
AgentVC_proxy,Non-responder,Leca-VC,AgentVC,offline_reconstructed_runtime_expression_proxy,LMNA,0.8938664738897961,0.7663825966330627,-0.1274838772567333,0.1274838772567333,1
AgentVC_proxy,Non-responder,Leca-VC,AgentVC,offline_reconstructed_runtime_expression_proxy,LPXN,1.5583024976419009,1.5107808136043137,-0.0475216840375873,0.0475216840375873,6
AgentVC_proxy,Non-responder,Leca-VC,AgentVC,offline_reconstructed_runtime_expression_proxy,LSM4,1.1348853011947468,1.0170731773925623,-0.1178121238021843,0.1178121238021843,1
AgentVC_proxy,Non-responder,Leca-VC,AgentVC,offline_reconstructed_runtime_expression_proxy,LSP1,1.9908813090063,2.012857723245292,0.0219764142389913,0.0219764142389913,10
AgentVC_proxy,Non-responder,Leca-VC,AgentVC,offline_reconstructed_runtime_expression_proxy,LTB,1.167894537532923,1.0583546044915615,-0.1095399330413615,0.1095399330413615,2
AgentVC_proxy,Non-responder,Leca-VC,AgentVC,offline_reconstructed_runtime_expression_proxy,LUC7L3,1.5768602904532305,1.6331234537094474,0.0562631632562171,0.0562631632562171,6
AgentVC_proxy,Non-responder,Leca-VC,AgentVC,offline_reconstructed_runtime_expression_proxy,LY6E,1.7143155763266211,1.7628359046247866,0.0485203282981654,0.0485203282981654,8
AgentVC_proxy,Non-responder,Leca-VC,AgentVC,offline_reconstructed_runtime_expression_proxy,LY9,1.0710096970328502,0.9600054042671364,-0.1110042927657136,0.1110042927657136,1
AgentVC_proxy,Non-responder,Leca-VC,AgentVC,offline_reconstructed_runtime_expression_proxy,LYST,1.596810945489273,1.7254389890598862,0.1286280435706133,0.1286280435706133,7
AgentVC_proxy,Non-responder,Leca-VC,AgentVC,offline_reconstructed_runtime_expression_proxy,M6PR,1.500079683901821,1.4594924869170367,-0.0405871969847841,0.0405871969847841,5
AgentVC_proxy,Non-responder,Leca-VC,AgentVC,offline_reconstructed_runtime_expression_proxy,MAN2B1,1.1390479840943144,1.0266576962869431,-0.1123902878073712,0.1123902878073712,2
AgentVC_proxy,Non-responder,Leca-VC,AgentVC,offline_reconstructed_runtime_expression_proxy,MAP1LC3B,1.531168921131802,1.5490893974301188,0.0179204762983167,0.0179204762983167,6
AgentVC_proxy,Non-responder,Leca-VC,AgentVC,offline_reconstructed_runtime_expression_proxy,MAP2K3,1.247485739342392,1.2599449494507329,0.0124592101083409,0.0124592101083409,2
AgentVC_proxy,Non-responder,Leca-VC,AgentVC,offline_reconstructed_runtime_expression_proxy,MAP4K1,1.609582142702078,1.6194849776430045,0.0099028349409264,0.0099028349409264,7
AgentVC_proxy,Non-responder,Leca-VC,AgentVC,offline_reconstructed_runtime_expression_proxy,MAPK1IP1L,1.7513285829289011,1.676889875806995,-0.0744387071219061,0.0744387071219061,8
AgentVC_proxy,Non-responder,Leca-VC,AgentVC,offline_reconstructed_runtime_expression_proxy,MAT2A,1.494636496544855,1.5398073272739567,0.0451708307291016,0.0451708307291016,5
AgentVC_proxy,Non-responder,Leca-VC,AgentVC,offline_reconstructed_runtime_expression_proxy,MCL1,1.6221509702711556,1.6650890603331483,0.0429380900619928,0.0429380900619928,7
AgentVC_proxy,Non-responder,Leca-VC,AgentVC,offline_reconstructed_runtime_expression_proxy,MDH1,1.3903220364356714,1.2915800638448285,-0.0987419725908429,0.0987419725908429,4
AgentVC_proxy,Non-responder,Leca-VC,AgentVC,offline_reconstructed_runtime_expression_proxy,MDH2,1.3821794442049078,1.2420353698446185,-0.1401440743602893,0.1401440743602893,4
AgentVC_proxy,Non-responder,Leca-VC,AgentVC,offline_reconstructed_runtime_expression_proxy,MGAT1,1.2570537580463883,1.4135723930819448,0.1565186350355565,0.1565186350355565,3
AgentVC_proxy,Non-responder,Leca-VC,AgentVC,offline_reconstructed_runtime_expression_proxy,MIF,1.83424522698726,1.8115492117732443,-0.0226960152140158,0.0226960152140158,9
AgentVC_proxy,Non-responder,Leca-VC,AgentVC,offline_reconstructed_runtime_expression_proxy,MIR24-2,1.4613277541964182,1.1144492794501797,-0.3468784747462385,0.3468784747462385,5
AgentVC_proxy,Non-responder,Leca-VC,AgentVC,offline_reconstructed_runtime_expression_proxy,MLF2,1.3806009606920329,1.2889475316751806,-0.0916534290168522,0.0916534290168522,4
AgentVC_proxy,Non-responder,Leca-VC,AgentVC,offline_reconstructed_runtime_expression_proxy,MOB1A,1.6188823479306655,1.664932690905882,0.0460503429752165,0.0460503429752165,7
AgentVC_proxy,Non-responder,Leca-VC,AgentVC,offline_reconstructed_runtime_expression_proxy,MORF4L2,1.2871460253548104,1.3010225338333494,0.013876508478539,0.013876508478539,3
AgentVC_proxy,Non-responder,Leca-VC,AgentVC,offline_reconstructed_runtime_expression_proxy,MRPL20,1.0734148135877577,0.9572531787172696,-0.1161616348704878,0.1161616348704878,1
AgentVC_proxy,Non-responder,Leca-VC,AgentVC,offline_reconstructed_runtime_expression_proxy,MRPS24,1.0237452436642835,0.8828804174741028,-0.1408648261901807,0.1408648261901807,1
AgentVC_proxy,Non-responder,Leca-VC,AgentVC,offline_reconstructed_runtime_expression_proxy,MSN,1.913387047101225,1.9593432114637068,0.0459561643624815,0.0459561643624815,9
AgentVC_proxy,Non-responder,Leca-VC,AgentVC,offline_reconstructed_runtime_expression_proxy,MT-ND3,2.248851759148613,2.268771098883136,0.0199193397345229,0.0199193397345229,10
AgentVC_proxy,Non-responder,Leca-VC,AgentVC,offline_reconstructed_runtime_expression_proxy,MT2A,1.5203322908243404,1.5895703655045856,0.0692380746802452,0.0692380746802452,6
AgentVC_proxy,Non-responder,Leca-VC,AgentVC,offline_reconstructed_runtime_expression_proxy,MTHFD2,1.315302198260455,1.2231629133049842,-0.0921392849554707,0.0921392849554707,3
AgentVC_proxy,Non-responder,Leca-VC,AgentVC,offline_reconstructed_runtime_expression_proxy,MVP,1.5109202853405412,1.388945076204993,-0.1219752091355481,0.1219752091355481,6
AgentVC_proxy,Non-responder,Leca-VC,AgentVC,offline_reconstructed_runtime_expression_proxy,MX1,1.0630894390244814,1.2389230058401226,0.1758335668156412,0.1758335668156412,1
AgentVC_proxy,Non-responder,Leca-VC,AgentVC,offline_reconstructed_runtime_expression_proxy,MX2,0.9393365251028174,1.0793638540849642,0.1400273289821467,0.1400273289821467,1
AgentVC_proxy,Non-responder,Leca-VC,AgentVC,offline_reconstructed_runtime_expression_proxy,MYADM,1.5219275308299771,1.4884532102965242,-0.0334743205334528,0.0334743205334528,6
AgentVC_proxy,Non-responder,Leca-VC,AgentVC,offline_reconstructed_runtime_expression_proxy,MYD88,1.1765969446603723,1.1537493483262642,-0.0228475963341081,0.0228475963341081,2
AgentVC_proxy,Non-responder,Leca-VC,AgentVC,offline_reconstructed_runtime_expression_proxy,MYL12A,2.2438138345126912,2.241242079834931,-0.0025717546777603,0.0025717546777603,10
AgentVC_proxy,Non-responder,Leca-VC,AgentVC,offline_reconstructed_runtime_expression_proxy,MYL12B,2.0084660303951134,1.950707080396212,-0.0577589499989015,0.0577589499989015,10
AgentVC_proxy,Non-responder,Leca-VC,AgentVC,offline_reconstructed_runtime_expression_proxy,MYO1F,1.405114166186837,1.4963609418378798,0.0912467756510428,0.0912467756510428,4
AgentVC_proxy,Non-responder,Leca-VC,AgentVC,offline_reconstructed_runtime_expression_proxy,NABP1,1.2746771733512243,1.2363053023926291,-0.0383718709585954,0.0383718709585954,3
AgentVC_proxy,Non-responder,Leca-VC,AgentVC,offline_reconstructed_runtime_expression_proxy,NAMPT,1.409098340121561,1.3235622149410482,-0.0855361251805129,0.0855361251805129,4
AgentVC_proxy,Non-responder,Leca-VC,AgentVC,offline_reconstructed_runtime_expression_proxy,NAP1L1,1.8746740556965384,1.8802314331061252,0.0055573774095871,0.0055573774095871,9
AgentVC_proxy,Non-responder,Leca-VC,AgentVC,offline_reconstructed_runtime_expression_proxy,NAPA,1.4755589229191353,1.4597519676688535,-0.0158069552502817,0.0158069552502817,5
AgentVC_proxy,Non-responder,Leca-VC,AgentVC,offline_reconstructed_runtime_expression_proxy,NASP,1.3777315251825697,1.4358860636306672,0.0581545384480974,0.0581545384480974,4
AgentVC_proxy,Non-responder,Leca-VC,AgentVC,offline_reconstructed_runtime_expression_proxy,NCOA4,1.158074577372059,1.143413412900962,-0.0146611644710974,0.0146611644710974,2
AgentVC_proxy,Non-responder,Leca-VC,AgentVC,offline_reconstructed_runtime_expression_proxy,NCOR1,1.8388006601195372,1.869506483218725,0.0307058230991874,0.0307058230991874,9
AgentVC_proxy,Non-responder,Leca-VC,AgentVC,offline_reconstructed_runtime_expression_proxy,NDUFA1,1.4120940760453575,1.2883416038507116,-0.1237524721946461,0.1237524721946461,4
AgentVC_proxy,Non-responder,Leca-VC,AgentVC,offline_reconstructed_runtime_expression_proxy,NDUFA11,1.4779392177385438,1.3565086282453915,-0.1214305894931522,0.1214305894931522,5
AgentVC_proxy,Non-responder,Leca-VC,AgentVC,offline_reconstructed_runtime_expression_proxy,NDUFA13,1.6785197304080617,1.5738070015456562,-0.1047127288624054,0.1047127288624054,7
AgentVC_proxy,Non-responder,Leca-VC,AgentVC,offline_reconstructed_runtime_expression_proxy,NDUFB2,1.3527440529646213,1.1930659267587085,-0.1596781262059128,0.1596781262059128,4
AgentVC_proxy,Non-responder,Leca-VC,AgentVC,offline_reconstructed_runtime_expression_proxy,NDUFB4,1.2985563989257052,1.193844501816231,-0.1047118971094742,0.1047118971094742,3
AgentVC_proxy,Non-responder,Leca-VC,AgentVC,offline_reconstructed_runtime_expression_proxy,NDUFB7,1.1806731546346845,1.0437644741032412,-0.1369086805314432,0.1369086805314432,2
AgentVC_proxy,Non-responder,Leca-VC,AgentVC,offline_reconstructed_runtime_expression_proxy,NDUFC2,1.35778976102019,1.2700148493805343,-0.0877749116396555,0.0877749116396555,4
AgentVC_proxy,Non-responder,Leca-VC,AgentVC,offline_reconstructed_runtime_expression_proxy,NDUFS5,1.43331335416326,1.3662046406840178,-0.0671087134792423,0.0671087134792423,4
AgentVC_proxy,Non-responder,Leca-VC,AgentVC,offline_reconstructed_runtime_expression_proxy,NDUFS7,1.3715007663928138,1.297511925348345,-0.0739888410444689,0.0739888410444689,4
AgentVC_proxy,Non-responder,Leca-VC,AgentVC,offline_reconstructed_runtime_expression_proxy,NDUFV1,1.4214846480525205,1.2946093617162493,-0.1268752863362712,0.1268752863362712,4
AgentVC_proxy,Non-responder,Leca-VC,AgentVC,offline_reconstructed_runtime_expression_proxy,NDUFV2,1.5322262261931765,1.4538052343228518,-0.0784209918703247,0.0784209918703247,6
AgentVC_proxy,Non-responder,Leca-VC,AgentVC,offline_reconstructed_runtime_expression_proxy,NEDD8,1.4421875724102533,1.3906668503667745,-0.0515207220434787,0.0515207220434787,5
AgentVC_proxy,Non-responder,Leca-VC,AgentVC,offline_reconstructed_runtime_expression_proxy,NFE2L2,1.224470445919159,1.2625189222609408,0.0380484763417816,0.0380484763417816,2
AgentVC_proxy,Non-responder,Leca-VC,AgentVC,offline_reconstructed_runtime_expression_proxy,NFKBIA,1.955758493587153,1.8067290764784956,-0.1490294171086577,0.1490294171086577,9
AgentVC_proxy,Non-responder,Leca-VC,AgentVC,offline_reconstructed_runtime_expression_proxy,NFKBID,0.9582859047448732,0.9068184739843832,-0.0514674307604897,0.0514674307604897,1
AgentVC_proxy,Non-responder,Leca-VC,AgentVC,offline_reconstructed_runtime_expression_proxy,NFKBIZ,1.6338082756967145,1.4581718765493126,-0.1756363991474019,0.1756363991474019,7
AgentVC_proxy,Non-responder,Leca-VC,AgentVC,offline_reconstructed_runtime_expression_proxy,NGLY1,1.1517994627251869,1.0274881626161003,-0.1243113001090865,0.1243113001090865,2
AgentVC_proxy,Non-responder,Leca-VC,AgentVC,offline_reconstructed_runtime_expression_proxy,NKG7,2.0211145653305542,2.147284776499321,0.1261702111687666,0.1261702111687666,10
AgentVC_proxy,Non-responder,Leca-VC,AgentVC,offline_reconstructed_runtime_expression_proxy,NLRC5,2.0054684862278065,1.9076824705748932,-0.0977860156529131,0.0977860156529131,10
AgentVC_proxy,Non-responder,Leca-VC,AgentVC,offline_reconstructed_runtime_expression_proxy,NME1-NME2,1.523702943934038,1.382307816620861,-0.1413951273131766,0.1413951273131766,6
AgentVC_proxy,Non-responder,Leca-VC,AgentVC,offline_reconstructed_runtime_expression_proxy,NMT1,1.1919793871084536,1.0819891531248051,-0.1099902339836484,0.1099902339836484,2
AgentVC_proxy,Non-responder,Leca-VC,AgentVC,offline_reconstructed_runtime_expression_proxy,NONO,1.8198088436361617,1.820893621765424,0.0010847781292622,0.0010847781292622,9
AgentVC_proxy,Non-responder,Leca-VC,AgentVC,offline_reconstructed_runtime_expression_proxy,NOP10,1.2435050931024,1.2432031505040717,-0.0003019425983286,0.0003019425983286,2
AgentVC_proxy,Non-responder,Leca-VC,AgentVC,offline_reconstructed_runtime_expression_proxy,NOP58,1.7319770971433517,1.7092499449116534,-0.022727152231698,0.022727152231698,8
AgentVC_proxy,Non-responder,Leca-VC,AgentVC,offline_reconstructed_runtime_expression_proxy,NPC1,1.1172266546797995,1.2707307689894192,0.1535041143096196,0.1535041143096196,1
AgentVC_proxy,Non-responder,Leca-VC,AgentVC,offline_reconstructed_runtime_expression_proxy,NPC2,1.034368806288803,0.9249393545826364,-0.1094294517061666,0.1094294517061666,1
AgentVC_proxy,Non-responder,Leca-VC,AgentVC,offline_reconstructed_runtime_expression_proxy,NR3C1,1.2090218021084107,1.2200842083347514,0.0110624062263406,0.0110624062263406,2
AgentVC_proxy,Non-responder,Leca-VC,AgentVC,offline_reconstructed_runtime_expression_proxy,NR4A1,1.2258433065407557,1.0910570420222492,-0.1347862645185065,0.1347862645185065,2
AgentVC_proxy,Non-responder,Leca-VC,AgentVC,offline_reconstructed_runtime_expression_proxy,NR4A2,1.797606912959876,1.7008098190491951,-0.0967970939106808,0.0967970939106808,8
AgentVC_proxy,Non-responder,Leca-VC,AgentVC,offline_reconstructed_runtime_expression_proxy,NUCB2,1.1161753174629423,0.9857602269866844,-0.130415090476258,0.130415090476258,1
AgentVC_proxy,Non-responder,Leca-VC,AgentVC,offline_reconstructed_runtime_expression_proxy,NXF1,1.359193812863551,1.387769982314949,0.0285761694513979,0.0285761694513979,4
AgentVC_proxy,Non-responder,Leca-VC,AgentVC,offline_reconstructed_runtime_expression_proxy,OFD1,1.0568600754128992,1.087136089498409,0.0302760140855098,0.0302760140855098,1
AgentVC_proxy,Non-responder,Leca-VC,AgentVC,offline_reconstructed_runtime_expression_proxy,OGT,1.716756825379225,1.81527774641636,0.0985209210371349,0.0985209210371349,8
AgentVC_proxy,Non-responder,Leca-VC,AgentVC,offline_reconstructed_runtime_expression_proxy,OS9,1.3171533645395974,1.305169322938915,-0.0119840416006824,0.0119840416006824,3
AgentVC_proxy,Non-responder,Leca-VC,AgentVC,offline_reconstructed_runtime_expression_proxy,OST4,1.8150204968500097,1.684744404126017,-0.130276092723993,0.130276092723993,9
AgentVC_proxy,Non-responder,Leca-VC,AgentVC,offline_reconstructed_runtime_expression_proxy,OSTC,1.1707759540234086,0.988138394565492,-0.1826375594579165,0.1826375594579165,2
AgentVC_proxy,Non-responder,Leca-VC,AgentVC,offline_reconstructed_runtime_expression_proxy,P4HB,1.5612252028923388,1.481151963766666,-0.0800732391256728,0.0800732391256728,6
AgentVC_proxy,Non-responder,Leca-VC,AgentVC,offline_reconstructed_runtime_expression_proxy,PAIP2,1.766075753991367,1.7364722622210202,-0.0296034917703467,0.0296034917703467,8
AgentVC_proxy,Non-responder,Leca-VC,AgentVC,offline_reconstructed_runtime_expression_proxy,PARK7,1.8065313142481525,1.685029213526138,-0.1215021007220142,0.1215021007220142,8
AgentVC_proxy,Non-responder,Leca-VC,AgentVC,offline_reconstructed_runtime_expression_proxy,PARP15,0.9957741786247484,1.0715257604308717,0.0757515818061234,0.0757515818061234,1
AgentVC_proxy,Non-responder,Leca-VC,AgentVC,offline_reconstructed_runtime_expression_proxy,PARP8,1.5222237078869112,1.6117682465012455,0.0895445386143343,0.0895445386143343,6
AgentVC_proxy,Non-responder,Leca-VC,AgentVC,offline_reconstructed_runtime_expression_proxy,PARP9,1.3179289183359115,1.2856703898382011,-0.0322585284977103,0.0322585284977103,3
AgentVC_proxy,Non-responder,Leca-VC,AgentVC,offline_reconstructed_runtime_expression_proxy,PARVG,1.4206490800359075,1.3761260333783938,-0.0445230466575137,0.0445230466575137,4
AgentVC_proxy,Non-responder,Leca-VC,AgentVC,offline_reconstructed_runtime_expression_proxy,PCBP2,1.7219730293444064,1.6977829951507597,-0.0241900341936469,0.0241900341936469,8
AgentVC_proxy,Non-responder,Leca-VC,AgentVC,offline_reconstructed_runtime_expression_proxy,PCED1B-AS1,1.69235645255673,1.6875723086455363,-0.0047841439111937,0.0047841439111937,8
AgentVC_proxy,Non-responder,Leca-VC,AgentVC,offline_reconstructed_runtime_expression_proxy,PDCD1,1.3451595240499024,1.4731811353296829,0.1280216112797805,0.1280216112797805,4
AgentVC_proxy,Non-responder,Leca-VC,AgentVC,offline_reconstructed_runtime_expression_proxy,PDCD4,1.9448133884368064,1.941926378776536,-0.0028870096602702,0.0028870096602702,9
AgentVC_proxy,Non-responder,Leca-VC,AgentVC,offline_reconstructed_runtime_expression_proxy,PDCD6IP,1.3166946594855646,1.3442253063631675,0.027530646877603,0.027530646877603,3
AgentVC_proxy,Non-responder,Leca-VC,AgentVC,offline_reconstructed_runtime_expression_proxy,PDE4B,1.490460310863082,1.3053846785530794,-0.1850756323100026,0.1850756323100026,5
AgentVC_proxy,Non-responder,Leca-VC,AgentVC,offline_reconstructed_runtime_expression_proxy,PDIA3,1.8135001677200604,1.7251837027400552,-0.0883164649800052,0.0883164649800052,9
AgentVC_proxy,Non-responder,Leca-VC,AgentVC,offline_reconstructed_runtime_expression_proxy,PDIA4,1.091928963545035,0.9187086125233732,-0.173220351021662,0.173220351021662,1
AgentVC_proxy,Non-responder,Leca-VC,AgentVC,offline_reconstructed_runtime_expression_proxy,PDIA6,1.4022305720500534,1.2723445246485046,-0.1298860474015488,0.1298860474015488,4
AgentVC_proxy,Non-responder,Leca-VC,AgentVC,offline_reconstructed_runtime_expression_proxy,PEBP1,1.391178438028892,1.2721987063554312,-0.1189797316734608,0.1189797316734608,4
AgentVC_proxy,Non-responder,Leca-VC,AgentVC,offline_reconstructed_runtime_expression_proxy,PER1,1.3005572526791462,1.137963149234957,-0.1625941034441893,0.1625941034441893,3
AgentVC_proxy,Non-responder,Leca-VC,AgentVC,offline_reconstructed_runtime_expression_proxy,PFDN5,2.072742402790426,2.0621901078026297,-0.0105522949877965,0.0105522949877965,10
AgentVC_proxy,Non-responder,Leca-VC,AgentVC,offline_reconstructed_runtime_expression_proxy,PFKFB3,1.1007372303694174,1.0197823035248368,-0.0809549268445806,0.0809549268445806,1
AgentVC_proxy,Non-responder,Leca-VC,AgentVC,offline_reconstructed_runtime_expression_proxy,PGAM1,1.7638799960589404,1.7694749940515015,0.0055949979925611,0.0055949979925611,8
AgentVC_proxy,Non-responder,Leca-VC,AgentVC,offline_reconstructed_runtime_expression_proxy,PGK1,2.0746391686402155,1.996116553626783,-0.0785226150134323,0.0785226150134323,10
AgentVC_proxy,Non-responder,Leca-VC,AgentVC,offline_reconstructed_runtime_expression_proxy,PHB,1.0911290385355328,1.011507819574808,-0.0796212189607248,0.0796212189607248,1
AgentVC_proxy,Non-responder,Leca-VC,AgentVC,offline_reconstructed_runtime_expression_proxy,PHB2,1.3210041027839057,1.2166390359009245,-0.1043650668829812,0.1043650668829812,3
AgentVC_proxy,Non-responder,Leca-VC,AgentVC,offline_reconstructed_runtime_expression_proxy,PHC3,1.5088279184184603,1.5714231666827994,0.0625952482643388,0.0625952482643388,5
AgentVC_proxy,Non-responder,Leca-VC,AgentVC,offline_reconstructed_runtime_expression_proxy,PIK3IP1,1.4094797305103115,1.4963448871833993,0.0868651566730875,0.0868651566730875,4
AgentVC_proxy,Non-responder,Leca-VC,AgentVC,offline_reconstructed_runtime_expression_proxy,PIM1,1.3370991358769162,1.3387267007560764,0.0016275648791601,0.0016275648791601,3
AgentVC_proxy,Non-responder,Leca-VC,AgentVC,offline_reconstructed_runtime_expression_proxy,PIM2,1.719461544088572,1.6896212232014596,-0.0298403208871123,0.0298403208871123,8
AgentVC_proxy,Non-responder,Leca-VC,AgentVC,offline_reconstructed_runtime_expression_proxy,PIP4K2A,1.892877007077972,1.8900338918814583,-0.0028431151965133,0.0028431151965133,9
AgentVC_proxy,Non-responder,Leca-VC,AgentVC,offline_reconstructed_runtime_expression_proxy,PKM,1.8284319775540097,1.8326974796681776,0.0042655021141682,0.0042655021141682,9
AgentVC_proxy,Non-responder,Leca-VC,AgentVC,offline_reconstructed_runtime_expression_proxy,PLAC8,0.8984905124239612,1.0422288065635492,0.143738294139588,0.143738294139588,1
AgentVC_proxy,Non-responder,Leca-VC,AgentVC,offline_reconstructed_runtime_expression_proxy,PLCB2,1.138422608975552,1.1575735919482952,0.0191509829727432,0.0191509829727432,2
AgentVC_proxy,Non-responder,Leca-VC,AgentVC,offline_reconstructed_runtime_expression_proxy,PLEK,1.0253305869206262,1.1453335016656636,0.1200029147450374,0.1200029147450374,1
AgentVC_proxy,Non-responder,Leca-VC,AgentVC,offline_reconstructed_runtime_expression_proxy,PLIN2,1.182331695007661,1.3028491190851552,0.1205174240774942,0.1205174240774942,2
AgentVC_proxy,Non-responder,Leca-VC,AgentVC,offline_reconstructed_runtime_expression_proxy,PLP2,1.4481205183139216,1.2742109970060551,-0.1739095213078663,0.1739095213078663,5
AgentVC_proxy,Non-responder,Leca-VC,AgentVC,offline_reconstructed_runtime_expression_proxy,PLSCR1,1.0192959599927165,1.1518737838155475,0.132577823822831,0.132577823822831,1
AgentVC_proxy,Non-responder,Leca-VC,AgentVC,offline_reconstructed_runtime_expression_proxy,PMAIP1,1.2206242524191575,1.0080693448538776,-0.2125549075652801,0.2125549075652801,2
AgentVC_proxy,Non-responder,Leca-VC,AgentVC,offline_reconstructed_runtime_expression_proxy,POLD4,1.4120125281287934,1.3861165744664306,-0.0258959536623628,0.0258959536623628,4
AgentVC_proxy,Non-responder,Leca-VC,AgentVC,offline_reconstructed_runtime_expression_proxy,POLR2A,1.5826010441695273,1.5608363001582644,-0.0217647440112629,0.0217647440112629,6
AgentVC_proxy,Non-responder,Leca-VC,AgentVC,offline_reconstructed_runtime_expression_proxy,POLR2E,1.397984925566682,1.243901273404693,-0.154083652161989,0.154083652161989,4
AgentVC_proxy,Non-responder,Leca-VC,AgentVC,offline_reconstructed_runtime_expression_proxy,POLR2G,1.226747860246785,1.1158266988896812,-0.1109211613571037,0.1109211613571037,2
AgentVC_proxy,Non-responder,Leca-VC,AgentVC,offline_reconstructed_runtime_expression_proxy,POMP,1.45431475864821,1.407780981845188,-0.046533776803022,0.046533776803022,5
AgentVC_proxy,Non-responder,Leca-VC,AgentVC,offline_reconstructed_runtime_expression_proxy,PPIB,1.9452667340771204,1.8242372516509588,-0.1210294824261615,0.1210294824261615,9
AgentVC_proxy,Non-responder,Leca-VC,AgentVC,offline_reconstructed_runtime_expression_proxy,PPP1CA,1.80843916601174,1.7504682379016672,-0.0579709281100724,0.0579709281100724,9
AgentVC_proxy,Non-responder,Leca-VC,AgentVC,offline_reconstructed_runtime_expression_proxy,PPP1CB,1.8690231661698689,1.802060397770327,-0.0669627683995419,0.0669627683995419,9
AgentVC_proxy,Non-responder,Leca-VC,AgentVC,offline_reconstructed_runtime_expression_proxy,PPP1R15A,1.9776919985363952,1.8511113726227848,-0.1265806259136104,0.1265806259136104,10
AgentVC_proxy,Non-responder,Leca-VC,AgentVC,offline_reconstructed_runtime_expression_proxy,PPP1R2,1.6594755208241765,1.694049519623076,0.0345739987988997,0.0345739987988997,7
AgentVC_proxy,Non-responder,Leca-VC,AgentVC,offline_reconstructed_runtime_expression_proxy,PPT1,1.1258533075499386,1.0523160651704266,-0.0735372423795119,0.0735372423795119,1
AgentVC_proxy,Non-responder,Leca-VC,AgentVC,offline_reconstructed_runtime_expression_proxy,PRDM1,1.6710751824978791,1.6482402915042869,-0.0228348909935924,0.0228348909935924,7
AgentVC_proxy,Non-responder,Leca-VC,AgentVC,offline_reconstructed_runtime_expression_proxy,PRDX1,1.6737882255951797,1.6622303022563572,-0.0115579233388223,0.0115579233388223,7
AgentVC_proxy,Non-responder,Leca-VC,AgentVC,offline_reconstructed_runtime_expression_proxy,PRDX3,1.2449217419071958,1.164805877946959,-0.0801158639602368,0.0801158639602368,2
AgentVC_proxy,Non-responder,Leca-VC,AgentVC,offline_reconstructed_runtime_expression_proxy,PRDX5,1.4962257258797602,1.4166548656324185,-0.0795708602473417,0.0795708602473417,5
AgentVC_proxy,Non-responder,Leca-VC,AgentVC,offline_reconstructed_runtime_expression_proxy,PRDX6,1.4246417362395445,1.4291567891204744,0.0045150528809299,0.0045150528809299,4
AgentVC_proxy,Non-responder,Leca-VC,AgentVC,offline_reconstructed_runtime_expression_proxy,PRELID1,1.6070617287977822,1.4911073056208066,-0.1159544231769755,0.1159544231769755,7
AgentVC_proxy,Non-responder,Leca-VC,AgentVC,offline_reconstructed_runtime_expression_proxy,PRF1,1.699662211648315,1.9067584290111703,0.207096217362855,0.207096217362855,8
AgentVC_proxy,Non-responder,Leca-VC,AgentVC,offline_reconstructed_runtime_expression_proxy,PRKAR1A,1.5601157158935643,1.627510886318732,0.0673951704251676,0.0673951704251676,6
AgentVC_proxy,Non-responder,Leca-VC,AgentVC,offline_reconstructed_runtime_expression_proxy,PRKCH,1.774633044976338,1.8978610053756249,0.1232279603992869,0.1232279603992869,8
AgentVC_proxy,Non-responder,Leca-VC,AgentVC,offline_reconstructed_runtime_expression_proxy,PRMT2,1.3564071690344788,1.2857307226624792,-0.0706764463719995,0.0706764463719995,4
AgentVC_proxy,Non-responder,Leca-VC,AgentVC,offline_reconstructed_runtime_expression_proxy,PRPF40B,1.0419899608400796,0.9901060139427988,-0.0518839468972807,0.0518839468972807,1
AgentVC_proxy,Non-responder,Leca-VC,AgentVC,offline_reconstructed_runtime_expression_proxy,PRR13,1.789811141427376,1.738394126308746,-0.0514170151186299,0.0514170151186299,8
AgentVC_proxy,Non-responder,Leca-VC,AgentVC,offline_reconstructed_runtime_expression_proxy,PSAP,1.7173637402993096,1.7094235137003242,-0.0079402265989854,0.0079402265989854,8
AgentVC_proxy,Non-responder,Leca-VC,AgentVC,offline_reconstructed_runtime_expression_proxy,PSMA1,1.5683748648527986,1.503322332659079,-0.0650525321937196,0.0650525321937196,6
AgentVC_proxy,Non-responder,Leca-VC,AgentVC,offline_reconstructed_runtime_expression_proxy,PSMA2,1.561326180468721,1.496313776474037,-0.065012403994684,0.065012403994684,6
AgentVC_proxy,Non-responder,Leca-VC,AgentVC,offline_reconstructed_runtime_expression_proxy,PSMA3,1.575218330601044,1.597421956597625,0.0222036259965809,0.0222036259965809,6
AgentVC_proxy,Non-responder,Leca-VC,AgentVC,offline_reconstructed_runtime_expression_proxy,PSMA4,1.4276594236776552,1.328048216885367,-0.0996112067922885,0.0996112067922885,4
AgentVC_proxy,Non-responder,Leca-VC,AgentVC,offline_reconstructed_runtime_expression_proxy,PSMA5,1.5562726146190875,1.421672532254182,-0.1346000823649058,0.1346000823649058,6
AgentVC_proxy,Non-responder,Leca-VC,AgentVC,offline_reconstructed_runtime_expression_proxy,PSMA6,1.6052969783783853,1.5040160303453447,-0.1012809480330405,0.1012809480330405,7
AgentVC_proxy,Non-responder,Leca-VC,AgentVC,offline_reconstructed_runtime_expression_proxy,PSMA7,1.9753164847034328,1.9554761244026533,-0.0198403603007799,0.0198403603007799,10
AgentVC_proxy,Non-responder,Leca-VC,AgentVC,offline_reconstructed_runtime_expression_proxy,PSMB1,1.6811332192980306,1.6144468550698674,-0.0666863642281632,0.0666863642281632,7
AgentVC_proxy,Non-responder,Leca-VC,AgentVC,offline_reconstructed_runtime_expression_proxy,PSMB10,1.7658090246712084,1.6587559108150167,-0.1070531138561916,0.1070531138561916,8
AgentVC_proxy,Non-responder,Leca-VC,AgentVC,offline_reconstructed_runtime_expression_proxy,PSMB3,1.616837326321122,1.4791016506136625,-0.1377356757074594,0.1377356757074594,7
AgentVC_proxy,Non-responder,Leca-VC,AgentVC,offline_reconstructed_runtime_expression_proxy,PSMB4,1.701693580639888,1.5474521268527142,-0.1542414537871739,0.1542414537871739,8
AgentVC_proxy,Non-responder,Leca-VC,AgentVC,offline_reconstructed_runtime_expression_proxy,PSMB6,1.5324585787984557,1.3251563416568983,-0.2073022371415571,0.2073022371415571,6
AgentVC_proxy,Non-responder,Leca-VC,AgentVC,offline_reconstructed_runtime_expression_proxy,PSMB7,1.3272864656011036,1.204010235539355,-0.1232762300617487,0.1232762300617487,3
AgentVC_proxy,Non-responder,Leca-VC,AgentVC,offline_reconstructed_runtime_expression_proxy,PSMB8,1.9107025052781828,1.802096000030529,-0.1086065052476537,0.1086065052476537,9
AgentVC_proxy,Non-responder,Leca-VC,AgentVC,offline_reconstructed_runtime_expression_proxy,PSMB9,1.907598106730264,1.851390669144754,-0.0562074375855099,0.0562074375855099,9
AgentVC_proxy,Non-responder,Leca-VC,AgentVC,offline_reconstructed_runtime_expression_proxy,PSMC4,1.066569436677176,0.9633093929540166,-0.1032600437231592,0.1032600437231592,1
AgentVC_proxy,Non-responder,Leca-VC,AgentVC,offline_reconstructed_runtime_expression_proxy,PSMD13,1.3666896513159277,1.204327974946546,-0.1623616763693816,0.1623616763693816,4
AgentVC_proxy,Non-responder,Leca-VC,AgentVC,offline_reconstructed_runtime_expression_proxy,PSMD7,1.2010374446814402,1.0223215534766514,-0.1787158912047888,0.1787158912047888,2
AgentVC_proxy,Non-responder,Leca-VC,AgentVC,offline_reconstructed_runtime_expression_proxy,PSMD8,1.5676253892834222,1.4030186232928352,-0.164606765990587,0.164606765990587,6
AgentVC_proxy,Non-responder,Leca-VC,AgentVC,offline_reconstructed_runtime_expression_proxy,PSME2,2.003021809336848,1.8615302102452729,-0.1414915990915755,0.1414915990915755,10
AgentVC_proxy,Non-responder,Leca-VC,AgentVC,offline_reconstructed_runtime_expression_proxy,PSMF1,1.4687805975683457,1.4098320650937246,-0.058948532474621,0.058948532474621,5
AgentVC_proxy,Non-responder,Leca-VC,AgentVC,offline_reconstructed_runtime_expression_proxy,PSTPIP1,1.5001325335740752,1.4397404747054905,-0.0603920588685849,0.0603920588685849,5
AgentVC_proxy,Non-responder,Leca-VC,AgentVC,offline_reconstructed_runtime_expression_proxy,PTGES3,1.658278384709987,1.741615390156592,0.0833370054466053,0.0833370054466053,7
AgentVC_proxy,Non-responder,Leca-VC,AgentVC,offline_reconstructed_runtime_expression_proxy,PTP4A1,1.398107149766047,1.447167023595896,0.0490598738298488,0.0490598738298488,4
AgentVC_proxy,Non-responder,Leca-VC,AgentVC,offline_reconstructed_runtime_expression_proxy,PTPN6,1.5512069769354586,1.6079289468163331,0.0567219698808745,0.0567219698808745,6
AgentVC_proxy,Non-responder,Leca-VC,AgentVC,offline_reconstructed_runtime_expression_proxy,PTPRCAP,2.121472044466993,2.0479413995839533,-0.0735306448830392,0.0735306448830392,10
AgentVC_proxy,Non-responder,Leca-VC,AgentVC,offline_reconstructed_runtime_expression_proxy,PYCARD,1.2127197182457656,1.1695543825705756,-0.0431653356751899,0.0431653356751899,2
AgentVC_proxy,Non-responder,Leca-VC,AgentVC,offline_reconstructed_runtime_expression_proxy,PYHIN1,1.4479024510645035,1.5306015899277057,0.0826991388632021,0.0826991388632021,5
AgentVC_proxy,Non-responder,Leca-VC,AgentVC,offline_reconstructed_runtime_expression_proxy,RAB10,1.2267168330659448,1.282963125018335,0.0562462919523905,0.0562462919523905,2
AgentVC_proxy,Non-responder,Leca-VC,AgentVC,offline_reconstructed_runtime_expression_proxy,RAB11FIP1,1.0131449068359573,0.8680909015154427,-0.1450540053205146,0.1450540053205146,1
AgentVC_proxy,Non-responder,Leca-VC,AgentVC,offline_reconstructed_runtime_expression_proxy,RAB1A,1.228240098285966,1.2785604410092404,0.0503203427232743,0.0503203427232743,2
AgentVC_proxy,Non-responder,Leca-VC,AgentVC,offline_reconstructed_runtime_expression_proxy,RAB5C,1.3903412083544713,1.2698419599936868,-0.1204992483607845,0.1204992483607845,4
AgentVC_proxy,Non-responder,Leca-VC,AgentVC,offline_reconstructed_runtime_expression_proxy,RAB7A,1.6322550951731507,1.6821782701013384,0.0499231749281876,0.0499231749281876,7
AgentVC_proxy,Non-responder,Leca-VC,AgentVC,offline_reconstructed_runtime_expression_proxy,RAB8A,1.3423223989637982,1.2682370057739565,-0.0740853931898419,0.0740853931898419,4
AgentVC_proxy,Non-responder,Leca-VC,AgentVC,offline_reconstructed_runtime_expression_proxy,RABAC1,1.5033872135723767,1.4186924569919643,-0.0846947565804123,0.0846947565804123,5
AgentVC_proxy,Non-responder,Leca-VC,AgentVC,offline_reconstructed_runtime_expression_proxy,RABGAP1L,1.4894106288480662,1.531922564746088,0.0425119358980219,0.0425119358980219,5
AgentVC_proxy,Non-responder,Leca-VC,AgentVC,offline_reconstructed_runtime_expression_proxy,RAC2,2.1613329450902845,2.142322425364421,-0.0190105197258634,0.0190105197258634,10
AgentVC_proxy,Non-responder,Leca-VC,AgentVC,offline_reconstructed_runtime_expression_proxy,RAN,1.882091233403853,1.861438689369155,-0.0206525440346982,0.0206525440346982,9
AgentVC_proxy,Non-responder,Leca-VC,AgentVC,offline_reconstructed_runtime_expression_proxy,RANBP2,1.3392671366209816,1.2656010672319715,-0.0736660693890101,0.0736660693890101,3
AgentVC_proxy,Non-responder,Leca-VC,AgentVC,offline_reconstructed_runtime_expression_proxy,RAP1B,1.610296603901601,1.6755369183444155,0.0652403144428148,0.0652403144428148,7
AgentVC_proxy,Non-responder,Leca-VC,AgentVC,offline_reconstructed_runtime_expression_proxy,RASGEF1B,1.291359394953175,1.2484529196798182,-0.0429064752733567,0.0429064752733567,3
AgentVC_proxy,Non-responder,Leca-VC,AgentVC,offline_reconstructed_runtime_expression_proxy,RBBP4,1.458754343667052,1.4920441362062744,0.0332897925392223,0.0332897925392223,5
AgentVC_proxy,Non-responder,Leca-VC,AgentVC,offline_reconstructed_runtime_expression_proxy,RBBP7,1.1400048903593831,1.031942798096483,-0.1080620922629,0.1080620922629,2
AgentVC_proxy,Non-responder,Leca-VC,AgentVC,offline_reconstructed_runtime_expression_proxy,RBM17,1.3154255347263986,1.3091526324792115,-0.006272902247187,0.006272902247187,3
AgentVC_proxy,Non-responder,Leca-VC,AgentVC,offline_reconstructed_runtime_expression_proxy,RBM3,1.8116021266337892,1.6643767278382982,-0.1472253987954912,0.1472253987954912,9
AgentVC_proxy,Non-responder,Leca-VC,AgentVC,offline_reconstructed_runtime_expression_proxy,RBM6,1.838469365690012,1.9373768562102816,0.0989074905202693,0.0989074905202693,9
AgentVC_proxy,Non-responder,Leca-VC,AgentVC,offline_reconstructed_runtime_expression_proxy,RBM8A,1.6759969344293222,1.5998824608186544,-0.0761144736106678,0.0761144736106678,7
AgentVC_proxy,Non-responder,Leca-VC,AgentVC,offline_reconstructed_runtime_expression_proxy,RBMX,1.6675806015225454,1.613070910155118,-0.0545096913674274,0.0545096913674274,7
AgentVC_proxy,Non-responder,Leca-VC,AgentVC,offline_reconstructed_runtime_expression_proxy,RBPJ,1.5249494822003211,1.4200939514755333,-0.1048555307247878,0.1048555307247878,6
AgentVC_proxy,Non-responder,Leca-VC,AgentVC,offline_reconstructed_runtime_expression_proxy,RBX1,1.3099758045366765,1.1897968675586408,-0.1201789369780355,0.1201789369780355,3
AgentVC_proxy,Non-responder,Leca-VC,AgentVC,offline_reconstructed_runtime_expression_proxy,REEP5,1.488671127514336,1.3828335943277317,-0.1058375331866046,0.1058375331866046,5
AgentVC_proxy,Non-responder,Leca-VC,AgentVC,offline_reconstructed_runtime_expression_proxy,REL,1.1776179325380547,1.221441869246607,0.0438239367085522,0.0438239367085522,2
AgentVC_proxy,Non-responder,Leca-VC,AgentVC,offline_reconstructed_runtime_expression_proxy,RGPD5,1.4956944446198832,1.4070119973825952,-0.088682447237288,0.088682447237288,5
AgentVC_proxy,Non-responder,Leca-VC,AgentVC,offline_reconstructed_runtime_expression_proxy,RGS1,2.2301503991743403,2.1403131712017736,-0.0898372279725667,0.0898372279725667,10
AgentVC_proxy,Non-responder,Leca-VC,AgentVC,offline_reconstructed_runtime_expression_proxy,RGS10,1.2885029735144,1.1588150073275418,-0.1296879661868581,0.1296879661868581,3
AgentVC_proxy,Non-responder,Leca-VC,AgentVC,offline_reconstructed_runtime_expression_proxy,RGS19,1.0608616544905136,0.9619202813072046,-0.0989413731833089,0.0989413731833089,1
AgentVC_proxy,Non-responder,Leca-VC,AgentVC,offline_reconstructed_runtime_expression_proxy,RGS2,1.7548963657046877,1.6583330173900606,-0.0965633483146271,0.0965633483146271,8
AgentVC_proxy,Non-responder,Leca-VC,AgentVC,offline_reconstructed_runtime_expression_proxy,RHOA,2.086600811544792,2.054062315233042,-0.0325384963117501,0.0325384963117501,10
AgentVC_proxy,Non-responder,Leca-VC,AgentVC,offline_reconstructed_runtime_expression_proxy,RHOC,1.1700803525548409,1.3470077993128722,0.1769274467580313,0.1769274467580313,2
AgentVC_proxy,Non-responder,Leca-VC,AgentVC,offline_reconstructed_runtime_expression_proxy,RHOG,1.3345846726375703,1.2406353402942942,-0.0939493323432762,0.0939493323432762,3
AgentVC_proxy,Non-responder,Leca-VC,AgentVC,offline_reconstructed_runtime_expression_proxy,RHOH,1.7672319112203294,1.7011334707499486,-0.0660984404703808,0.0660984404703808,8
AgentVC_proxy,Non-responder,Leca-VC,AgentVC,offline_reconstructed_runtime_expression_proxy,RNASEK,1.8969065945660897,1.8490463769239744,-0.0478602176421154,0.0478602176421154,9
AgentVC_proxy,Non-responder,Leca-VC,AgentVC,offline_reconstructed_runtime_expression_proxy,RNASET2,1.1899224734712175,1.279056405018904,0.0891339315476862,0.0891339315476862,2
AgentVC_proxy,Non-responder,Leca-VC,AgentVC,offline_reconstructed_runtime_expression_proxy,RNF149,1.636352810635482,1.7171791606641886,0.0808263500287067,0.0808263500287067,7
AgentVC_proxy,Non-responder,Leca-VC,AgentVC,offline_reconstructed_runtime_expression_proxy,RNF181,1.0920729850366873,1.0238561753475062,-0.068216809689181,0.068216809689181,1
AgentVC_proxy,Non-responder,Leca-VC,AgentVC,offline_reconstructed_runtime_expression_proxy,RNF19A,1.8068617662499429,1.7762657894045148,-0.030595976845428,0.030595976845428,8
AgentVC_proxy,Non-responder,Leca-VC,AgentVC,offline_reconstructed_runtime_expression_proxy,RNH1,1.2533977599584174,1.163325408206089,-0.090072351752328,0.090072351752328,3
AgentVC_proxy,Non-responder,Leca-VC,AgentVC,offline_reconstructed_runtime_expression_proxy,RNU2-2P,1.071333570694485,1.014603877122069,-0.0567296935724166,0.0567296935724166,1
AgentVC_proxy,Non-responder,Leca-VC,AgentVC,offline_reconstructed_runtime_expression_proxy,RP11-138A9.1,1.269976289994502,1.2440696361972858,-0.0259066537972161,0.0259066537972161,3
AgentVC_proxy,Non-responder,Leca-VC,AgentVC,offline_reconstructed_runtime_expression_proxy,RP11-138A9.2,1.497175721346979,1.5604671424649512,0.0632914211179722,0.0632914211179722,5
AgentVC_proxy,Non-responder,Leca-VC,AgentVC,offline_reconstructed_runtime_expression_proxy,RP11-138I1.4,2.005356783335875,1.971784667791704,-0.033572115544171,0.033572115544171,10
AgentVC_proxy,Non-responder,Leca-VC,AgentVC,offline_reconstructed_runtime_expression_proxy,RP11-16E23.4,1.3824193207691045,1.171109330901945,-0.2113099898671595,0.2113099898671595,4
AgentVC_proxy,Non-responder,Leca-VC,AgentVC,offline_reconstructed_runtime_expression_proxy,RP11-345J4.6,1.9886715244814144,1.921582133991662,-0.0670893904897522,0.0670893904897522,10
AgentVC_proxy,Non-responder,Leca-VC,AgentVC,offline_reconstructed_runtime_expression_proxy,RP11-386G11.10,1.544453686768799,1.496573813229121,-0.0478798735396779,0.0478798735396779,6
AgentVC_proxy,Non-responder,Leca-VC,AgentVC,offline_reconstructed_runtime_expression_proxy,RP11-466H18.1,1.8111325746364129,1.748508758292159,-0.0626238163442538,0.0626238163442538,9
AgentVC_proxy,Non-responder,Leca-VC,AgentVC,offline_reconstructed_runtime_expression_proxy,RP11-543P15.1,1.3910775569119231,1.482238133112979,0.0911605762010558,0.0911605762010558,4
AgentVC_proxy,Non-responder,Leca-VC,AgentVC,offline_reconstructed_runtime_expression_proxy,RP4-583P15.14,1.2668516217546726,1.2148652479311952,-0.0519863738234773,0.0519863738234773,3
AgentVC_proxy,Non-responder,Leca-VC,AgentVC,offline_reconstructed_runtime_expression_proxy,RPL24,2.0999832665510447,2.074209199943711,-0.0257740666073336,0.0257740666073336,10
AgentVC_proxy,Non-responder,Leca-VC,AgentVC,offline_reconstructed_runtime_expression_proxy,RPL27,2.2303316042407952,2.2155417399415582,-0.014789864299237,0.014789864299237,10
AgentVC_proxy,Non-responder,Leca-VC,AgentVC,offline_reconstructed_runtime_expression_proxy,RPL35,2.120873117044243,2.078174475827795,-0.042698641216448,0.042698641216448,10
AgentVC_proxy,Non-responder,Leca-VC,AgentVC,offline_reconstructed_runtime_expression_proxy,RPL36A,2.094308143718976,2.0198747452198798,-0.0744333984990968,0.0744333984990968,10
AgentVC_proxy,Non-responder,Leca-VC,AgentVC,offline_reconstructed_runtime_expression_proxy,RPL36AL,1.868255861855731,1.813272870099454,-0.0549829917562769,0.0549829917562769,9
AgentVC_proxy,Non-responder,Leca-VC,AgentVC,offline_reconstructed_runtime_expression_proxy,RPL37,2.042499186982106,2.000849338915593,-0.0416498480665126,0.0416498480665126,10
AgentVC_proxy,Non-responder,Leca-VC,AgentVC,offline_reconstructed_runtime_expression_proxy,RPL37A,2.2641739641950185,2.25691059133698,-0.0072633728580391,0.0072633728580391,10
AgentVC_proxy,Non-responder,Leca-VC,AgentVC,offline_reconstructed_runtime_expression_proxy,RPL38,2.1420378448425925,2.120551264651988,-0.0214865801906047,0.0214865801906047,10
AgentVC_proxy,Non-responder,Leca-VC,AgentVC,offline_reconstructed_runtime_expression_proxy,RPN1,1.610773666819702,1.5123415327526215,-0.0984321340670801,0.0984321340670801,7
AgentVC_proxy,Non-responder,Leca-VC,AgentVC,offline_reconstructed_runtime_expression_proxy,RPN2,1.5606295625781357,1.4329655533273753,-0.1276640092507601,0.1276640092507601,6
AgentVC_proxy,Non-responder,Leca-VC,AgentVC,offline_reconstructed_runtime_expression_proxy,RPS10,2.205368897129236,2.1534298161678813,-0.0519390809613544,0.0519390809613544,10
AgentVC_proxy,Non-responder,Leca-VC,AgentVC,offline_reconstructed_runtime_expression_proxy,RPS2,2.226057902299497,2.225609540134123,-0.0004483621653736,0.0004483621653736,10
AgentVC_proxy,Non-responder,Leca-VC,AgentVC,offline_reconstructed_runtime_expression_proxy,RPS21,1.9939930472018943,1.9725798736427496,-0.0214131735591449,0.0214131735591449,10
AgentVC_proxy,Non-responder,Leca-VC,AgentVC,offline_reconstructed_runtime_expression_proxy,RPS4Y1,1.2913908209825904,0.9915319052420496,-0.2998589157405408,0.2998589157405408,3
AgentVC_proxy,Non-responder,Leca-VC,AgentVC,offline_reconstructed_runtime_expression_proxy,RPS5,2.2778379035558998,2.181982013461365,-0.0958558900945338,0.0958558900945338,10
AgentVC_proxy,Non-responder,Leca-VC,AgentVC,offline_reconstructed_runtime_expression_proxy,RSL1D1,1.4127613525681697,1.430291627592097,0.0175302750239274,0.0175302750239274,4
AgentVC_proxy,Non-responder,Leca-VC,AgentVC,offline_reconstructed_runtime_expression_proxy,S100A10,1.6719057003402802,1.6496773677892085,-0.0222283325510719,0.0222283325510719,7
AgentVC_proxy,Non-responder,Leca-VC,AgentVC,offline_reconstructed_runtime_expression_proxy,S100A11,1.7130085445936087,1.7456113512917295,0.0326028066981207,0.0326028066981207,8
AgentVC_proxy,Non-responder,Leca-VC,AgentVC,offline_reconstructed_runtime_expression_proxy,S100A4,1.9507280999091596,1.9107981102105864,-0.0399299896985729,0.0399299896985729,9
AgentVC_proxy,Non-responder,Leca-VC,AgentVC,offline_reconstructed_runtime_expression_proxy,S100A6,1.8505238233871335,1.851709180878854,0.0011853574917202,0.0011853574917202,9
AgentVC_proxy,Non-responder,Leca-VC,AgentVC,offline_reconstructed_runtime_expression_proxy,SAMD3,1.1483200075470794,1.1356048198132476,-0.0127151877338318,0.0127151877338318,2
AgentVC_proxy,Non-responder,Leca-VC,AgentVC,offline_reconstructed_runtime_expression_proxy,SAMHD1,1.2132807222527302,1.2922313472823743,0.0789506250296443,0.0789506250296443,2
AgentVC_proxy,Non-responder,Leca-VC,AgentVC,offline_reconstructed_runtime_expression_proxy,SAMSN1,1.497982189691635,1.561775814068758,0.0637936243771231,0.0637936243771231,5
AgentVC_proxy,Non-responder,Leca-VC,AgentVC,offline_reconstructed_runtime_expression_proxy,SAP18,1.5762600924715164,1.5932833980341827,0.0170233055626662,0.0170233055626662,6
AgentVC_proxy,Non-responder,Leca-VC,AgentVC,offline_reconstructed_runtime_expression_proxy,SAP30BP,1.2028333809300908,1.1694657910992745,-0.0333675898308163,0.0333675898308163,2
AgentVC_proxy,Non-responder,Leca-VC,AgentVC,offline_reconstructed_runtime_expression_proxy,SAR1A,1.6157752041446378,1.576319715050296,-0.0394554890943417,0.0394554890943417,7
AgentVC_proxy,Non-responder,Leca-VC,AgentVC,offline_reconstructed_runtime_expression_proxy,SASH3,1.6101857085191356,1.5573214760155745,-0.052864232503561,0.052864232503561,7
AgentVC_proxy,Non-responder,Leca-VC,AgentVC,offline_reconstructed_runtime_expression_proxy,SAT1,2.1826318253939494,2.1500468671826125,-0.0325849582113368,0.0325849582113368,10
AgentVC_proxy,Non-responder,Leca-VC,AgentVC,offline_reconstructed_runtime_expression_proxy,SDCBP,1.435852160780179,1.4744058651151837,0.0385537043350046,0.0385537043350046,5
AgentVC_proxy,Non-responder,Leca-VC,AgentVC,offline_reconstructed_runtime_expression_proxy,SDHB,1.152433268439906,1.061161572558426,-0.0912716958814801,0.0912716958814801,2
AgentVC_proxy,Non-responder,Leca-VC,AgentVC,offline_reconstructed_runtime_expression_proxy,SDHC,1.07112781686099,0.9494319103388466,-0.1216959065221435,0.1216959065221435,1
AgentVC_proxy,Non-responder,Leca-VC,AgentVC,offline_reconstructed_runtime_expression_proxy,SEC11C,1.218659904121232,1.0566386390853382,-0.1620212650358938,0.1620212650358938,2
AgentVC_proxy,Non-responder,Leca-VC,AgentVC,offline_reconstructed_runtime_expression_proxy,SEC13,1.187052120655114,1.0595450475742512,-0.1275070730808629,0.1275070730808629,2
AgentVC_proxy,Non-responder,Leca-VC,AgentVC,offline_reconstructed_runtime_expression_proxy,SEC61A1,1.4762917084121774,1.3520307749031228,-0.1242609335090545,0.1242609335090545,5
AgentVC_proxy,Non-responder,Leca-VC,AgentVC,offline_reconstructed_runtime_expression_proxy,SEC61B,1.500393621110091,1.3850754655589068,-0.1153181555511841,0.1153181555511841,5
AgentVC_proxy,Non-responder,Leca-VC,AgentVC,offline_reconstructed_runtime_expression_proxy,SEC61G,1.2030021764368892,1.1392363979984654,-0.0637657784384237,0.0637657784384237,2
AgentVC_proxy,Non-responder,Leca-VC,AgentVC,offline_reconstructed_runtime_expression_proxy,SEC62,1.5303673252487626,1.5469889336111275,0.0166216083623649,0.0166216083623649,6
AgentVC_proxy,Non-responder,Leca-VC,AgentVC,offline_reconstructed_runtime_expression_proxy,SEL1L3,1.0758285145427644,0.9494577921689412,-0.1263707223738231,0.1263707223738231,1
AgentVC_proxy,Non-responder,Leca-VC,AgentVC,offline_reconstructed_runtime_expression_proxy,SELL,1.0711846412691053,1.1004186285569928,0.0292339872878875,0.0292339872878875,1
AgentVC_proxy,Non-responder,Leca-VC,AgentVC,offline_reconstructed_runtime_expression_proxy,SELPLG,1.6892496325653228,1.5847527998193047,-0.104496832746018,0.104496832746018,8
AgentVC_proxy,Non-responder,Leca-VC,AgentVC,offline_reconstructed_runtime_expression_proxy,SERBP1,1.5210517761073905,1.5427901536878874,0.0217383775804971,0.0217383775804971,6
AgentVC_proxy,Non-responder,Leca-VC,AgentVC,offline_reconstructed_runtime_expression_proxy,SERF2,2.161982724571524,2.1556447619640062,-0.0063379626075179,0.0063379626075179,10
AgentVC_proxy,Non-responder,Leca-VC,AgentVC,offline_reconstructed_runtime_expression_proxy,SERP1,1.605038947282993,1.6062453634666043,0.0012064161836116,0.0012064161836116,7
AgentVC_proxy,Non-responder,Leca-VC,AgentVC,offline_reconstructed_runtime_expression_proxy,SERPINB1,1.330647043347304,1.345959447805199,0.0153124044578951,0.0153124044578951,3
AgentVC_proxy,Non-responder,Leca-VC,AgentVC,offline_reconstructed_runtime_expression_proxy,SERPINB9,1.8011125099960203,1.878964211176631,0.0778517011806105,0.0778517011806105,8
AgentVC_proxy,Non-responder,Leca-VC,AgentVC,offline_reconstructed_runtime_expression_proxy,SF1,1.5327568643627312,1.506992393611326,-0.0257644707514053,0.0257644707514053,6
AgentVC_proxy,Non-responder,Leca-VC,AgentVC,offline_reconstructed_runtime_expression_proxy,SF3B5,1.1798863651431952,1.0579725935425868,-0.1219137716006084,0.1219137716006084,2
AgentVC_proxy,Non-responder,Leca-VC,AgentVC,offline_reconstructed_runtime_expression_proxy,SFPQ,1.4176526999346757,1.5471486392276963,0.129495939293021,0.129495939293021,4
AgentVC_proxy,Non-responder,Leca-VC,AgentVC,offline_reconstructed_runtime_expression_proxy,SFT2D1,1.1500587433415228,1.1094758391965678,-0.040582904144955,0.040582904144955,2
AgentVC_proxy,Non-responder,Leca-VC,AgentVC,offline_reconstructed_runtime_expression_proxy,SFT2D2,1.1876692847879875,1.1000836590058052,-0.0875856257821825,0.0875856257821825,2
AgentVC_proxy,Non-responder,Leca-VC,AgentVC,offline_reconstructed_runtime_expression_proxy,SGSM3,1.0307969996305442,0.9539827321594568,-0.0768142674710873,0.0768142674710873,1
AgentVC_proxy,Non-responder,Leca-VC,AgentVC,offline_reconstructed_runtime_expression_proxy,SH2D2A,1.5480121243645866,1.6026504538874666,0.05463832952288,0.05463832952288,6
AgentVC_proxy,Non-responder,Leca-VC,AgentVC,offline_reconstructed_runtime_expression_proxy,SH3BGRL,1.4920255443852797,1.5195301600198254,0.0275046156345459,0.0275046156345459,5
AgentVC_proxy,Non-responder,Leca-VC,AgentVC,offline_reconstructed_runtime_expression_proxy,SIVA1,1.200313576846786,1.0389573916794124,-0.1613561851673735,0.1613561851673735,2
AgentVC_proxy,Non-responder,Leca-VC,AgentVC,offline_reconstructed_runtime_expression_proxy,SKAP1,1.487931324064995,1.5398052454456534,0.0518739213806584,0.0518739213806584,5
AgentVC_proxy,Non-responder,Leca-VC,AgentVC,offline_reconstructed_runtime_expression_proxy,SKIL,1.1933719170759889,1.1438085056128793,-0.0495634114631093,0.0495634114631093,2
AgentVC_proxy,Non-responder,Leca-VC,AgentVC,offline_reconstructed_runtime_expression_proxy,SKP1,2.0012313781943,1.9796826747011071,-0.0215487034931924,0.0215487034931924,10
AgentVC_proxy,Non-responder,Leca-VC,AgentVC,offline_reconstructed_runtime_expression_proxy,SLA,1.7749704680730494,1.710294085765497,-0.0646763823075524,0.0646763823075524,8
AgentVC_proxy,Non-responder,Leca-VC,AgentVC,offline_reconstructed_runtime_expression_proxy,SLA2,1.2098751161488384,1.2327666832730546,0.0228915671242162,0.0228915671242162,2
AgentVC_proxy,Non-responder,Leca-VC,AgentVC,offline_reconstructed_runtime_expression_proxy,SLAMF7,1.404564658738482,1.3182730150778814,-0.0862916436606007,0.0862916436606007,4
AgentVC_proxy,Non-responder,Leca-VC,AgentVC,offline_reconstructed_runtime_expression_proxy,SLC20A1,1.488753932508761,1.55440205956071,0.0656481270519488,0.0656481270519488,5
AgentVC_proxy,Non-responder,Leca-VC,AgentVC,offline_reconstructed_runtime_expression_proxy,SLC25A3,1.91648922432294,1.8677981442168992,-0.0486910801060409,0.0486910801060409,9
AgentVC_proxy,Non-responder,Leca-VC,AgentVC,offline_reconstructed_runtime_expression_proxy,SLC25A5,1.874434020684296,1.7682455140426423,-0.1061885066416536,0.1061885066416536,9
AgentVC_proxy,Non-responder,Leca-VC,AgentVC,offline_reconstructed_runtime_expression_proxy,SLC2A3,1.912401886838476,1.751769385360464,-0.1606325014780119,0.1606325014780119,9
AgentVC_proxy,Non-responder,Leca-VC,AgentVC,offline_reconstructed_runtime_expression_proxy,SLC38A1,1.6576965245869535,1.686096695214938,0.0284001706279843,0.0284001706279843,7
AgentVC_proxy,Non-responder,Leca-VC,AgentVC,offline_reconstructed_runtime_expression_proxy,SLC38A2,1.4474234542923856,1.6071366643474387,0.1597132100550531,0.1597132100550531,5
AgentVC_proxy,Non-responder,Leca-VC,AgentVC,offline_reconstructed_runtime_expression_proxy,SLC3A2,1.4282514734733285,1.474958565380553,0.0467070919072245,0.0467070919072245,4
AgentVC_proxy,Non-responder,Leca-VC,AgentVC,offline_reconstructed_runtime_expression_proxy,SLC44A2,1.2752524315540072,1.3186432249519575,0.0433907933979502,0.0433907933979502,3
AgentVC_proxy,Non-responder,Leca-VC,AgentVC,offline_reconstructed_runtime_expression_proxy,SNAP23,1.1791879504284146,1.154400962492373,-0.0247869879360416,0.0247869879360416,2
AgentVC_proxy,Non-responder,Leca-VC,AgentVC,offline_reconstructed_runtime_expression_proxy,SND1,1.324904862342973,1.2165796112058869,-0.1083252511370862,0.1083252511370862,3
AgentVC_proxy,Non-responder,Leca-VC,AgentVC,offline_reconstructed_runtime_expression_proxy,SNHG1,1.4803034199126897,1.4141973664460317,-0.0661060534666579,0.0661060534666579,5
AgentVC_proxy,Non-responder,Leca-VC,AgentVC,offline_reconstructed_runtime_expression_proxy,SNHG12,1.3496394804454768,1.350979079389172,0.0013395989436952,0.0013395989436952,4
AgentVC_proxy,Non-responder,Leca-VC,AgentVC,offline_reconstructed_runtime_expression_proxy,SNHG15,1.0776236708136466,0.8956773439070617,-0.1819463269065849,0.1819463269065849,1
AgentVC_proxy,Non-responder,Leca-VC,AgentVC,offline_reconstructed_runtime_expression_proxy,SNHG5,1.6834713102078709,1.652331638368721,-0.0311396718391496,0.0311396718391496,7
AgentVC_proxy,Non-responder,Leca-VC,AgentVC,offline_reconstructed_runtime_expression_proxy,SNHG8,1.2564308608606982,1.0767682678280852,-0.179662593032613,0.179662593032613,3
AgentVC_proxy,Non-responder,Leca-VC,AgentVC,offline_reconstructed_runtime_expression_proxy,SNORD3A,1.075000198925166,0.9389053741405046,-0.1360948247846612,0.1360948247846612,1
AgentVC_proxy,Non-responder,Leca-VC,AgentVC,offline_reconstructed_runtime_expression_proxy,SNRPB,1.677873403464237,1.6130696363184889,-0.0648037671457482,0.0648037671457482,7
AgentVC_proxy,Non-responder,Leca-VC,AgentVC,offline_reconstructed_runtime_expression_proxy,SNRPD2,1.6005972252346472,1.5407649149374911,-0.059832310297156,0.059832310297156,7
AgentVC_proxy,Non-responder,Leca-VC,AgentVC,offline_reconstructed_runtime_expression_proxy,SNRPG,1.2815709455009576,1.1921345729493256,-0.089436372551632,0.089436372551632,3
AgentVC_proxy,Non-responder,Leca-VC,AgentVC,offline_reconstructed_runtime_expression_proxy,SNX17,1.3641083893674684,1.253373807833155,-0.1107345815343132,0.1107345815343132,4
AgentVC_proxy,Non-responder,Leca-VC,AgentVC,offline_reconstructed_runtime_expression_proxy,SNX2,0.9745429577984134,0.9583940334865552,-0.0161489243118582,0.0161489243118582,1
AgentVC_proxy,Non-responder,Leca-VC,AgentVC,offline_reconstructed_runtime_expression_proxy,SOD1,1.85912142088202,1.8761522355393776,0.0170308146573576,0.0170308146573576,9
AgentVC_proxy,Non-responder,Leca-VC,AgentVC,offline_reconstructed_runtime_expression_proxy,SOD2,1.0466241850162057,1.0324339320658729,-0.0141902529503328,0.0141902529503328,1
AgentVC_proxy,Non-responder,Leca-VC,AgentVC,offline_reconstructed_runtime_expression_proxy,SP100,1.8779258086693675,1.9082131795643231,0.0302873708949558,0.0302873708949558,9
AgentVC_proxy,Non-responder,Leca-VC,AgentVC,offline_reconstructed_runtime_expression_proxy,SP110,1.5740281622833656,1.576227737850867,0.0021995755675012,0.0021995755675012,6
AgentVC_proxy,Non-responder,Leca-VC,AgentVC,offline_reconstructed_runtime_expression_proxy,SPCS1,1.5757665205368514,1.5053280647884228,-0.0704384557484285,0.0704384557484285,6
AgentVC_proxy,Non-responder,Leca-VC,AgentVC,offline_reconstructed_runtime_expression_proxy,SPCS2,1.4504920960527334,1.3968110726278853,-0.0536810234248481,0.0536810234248481,5
AgentVC_proxy,Non-responder,Leca-VC,AgentVC,offline_reconstructed_runtime_expression_proxy,SPCS2P4,1.2836383978233972,1.2270889676033774,-0.0565494302200197,0.0565494302200197,3
AgentVC_proxy,Non-responder,Leca-VC,AgentVC,offline_reconstructed_runtime_expression_proxy,SPCS3,1.3530179190999505,1.2889373526239452,-0.0640805664760051,0.0640805664760051,4
AgentVC_proxy,Non-responder,Leca-VC,AgentVC,offline_reconstructed_runtime_expression_proxy,SPN,1.2584319108519402,1.2835703243585987,0.0251384135066585,0.0251384135066585,3
AgentVC_proxy,Non-responder,Leca-VC,AgentVC,offline_reconstructed_runtime_expression_proxy,SPOCK2,1.544945407036577,1.5287777822364674,-0.0161676248001092,0.0161676248001092,6
AgentVC_proxy,Non-responder,Leca-VC,AgentVC,offline_reconstructed_runtime_expression_proxy,SQSTM1,1.549298564968254,1.709747334732765,0.1604487697645109,0.1604487697645109,6
AgentVC_proxy,Non-responder,Leca-VC,AgentVC,offline_reconstructed_runtime_expression_proxy,SRGN,2.279263505383077,2.299111422072029,0.0198479166889518,0.0198479166889518,10
AgentVC_proxy,Non-responder,Leca-VC,AgentVC,offline_reconstructed_runtime_expression_proxy,SRI,1.3820471872960858,1.3467340764504412,-0.0353131108456445,0.0353131108456445,4
AgentVC_proxy,Non-responder,Leca-VC,AgentVC,offline_reconstructed_runtime_expression_proxy,SRP14,2.033735378423165,1.9504193685390971,-0.0833160098840675,0.0833160098840675,10
AgentVC_proxy,Non-responder,Leca-VC,AgentVC,offline_reconstructed_runtime_expression_proxy,SRP9,1.5928800341450915,1.5817846895710217,-0.0110953445740702,0.0110953445740702,7
AgentVC_proxy,Non-responder,Leca-VC,AgentVC,offline_reconstructed_runtime_expression_proxy,SRSF1,1.4458808331593802,1.509144362188887,0.0632635290295067,0.0632635290295067,5
AgentVC_proxy,Non-responder,Leca-VC,AgentVC,offline_reconstructed_runtime_expression_proxy,SRSF2,1.8842327192498705,1.8919724881457836,0.0077397688959131,0.0077397688959131,9
AgentVC_proxy,Non-responder,Leca-VC,AgentVC,offline_reconstructed_runtime_expression_proxy,SRSF5,2.0833302439508112,2.103615874571407,0.0202856306205956,0.0202856306205956,10
AgentVC_proxy,Non-responder,Leca-VC,AgentVC,offline_reconstructed_runtime_expression_proxy,SRSF7,1.9289005890443844,1.9513993517045949,0.0224987626602102,0.0224987626602102,9
AgentVC_proxy,Non-responder,Leca-VC,AgentVC,offline_reconstructed_runtime_expression_proxy,SSB,1.3021927279691523,1.1889172370782164,-0.1132754908909361,0.1132754908909361,3
AgentVC_proxy,Non-responder,Leca-VC,AgentVC,offline_reconstructed_runtime_expression_proxy,SSR1,1.4485680677659136,1.422517035440226,-0.0260510323256875,0.0260510323256875,5
AgentVC_proxy,Non-responder,Leca-VC,AgentVC,offline_reconstructed_runtime_expression_proxy,SSR2,1.8144062693061904,1.7245634355176094,-0.0898428337885808,0.0898428337885808,9
AgentVC_proxy,Non-responder,Leca-VC,AgentVC,offline_reconstructed_runtime_expression_proxy,SSR3,1.4347433908735658,1.301840345258533,-0.1329030456150328,0.1329030456150328,5
AgentVC_proxy,Non-responder,Leca-VC,AgentVC,offline_reconstructed_runtime_expression_proxy,SSR4,1.7523440921331148,1.6187494756926608,-0.133594616440454,0.133594616440454,8
AgentVC_proxy,Non-responder,Leca-VC,AgentVC,offline_reconstructed_runtime_expression_proxy,ST13,1.4121801734129875,1.408423478159713,-0.0037566952532746,0.0037566952532746,4
AgentVC_proxy,Non-responder,Leca-VC,AgentVC,offline_reconstructed_runtime_expression_proxy,ST6GAL1,1.2572876017135917,1.257414114315378,0.0001265126017864,0.0001265126017864,3
AgentVC_proxy,Non-responder,Leca-VC,AgentVC,offline_reconstructed_runtime_expression_proxy,STAT1,1.7935507235699124,1.68125915839368,-0.1122915651762324,0.1122915651762324,8
AgentVC_proxy,Non-responder,Leca-VC,AgentVC,offline_reconstructed_runtime_expression_proxy,STAT2,1.2558108687522405,1.2606717585749134,0.0048608898226729,0.0048608898226729,3
AgentVC_proxy,Non-responder,Leca-VC,AgentVC,offline_reconstructed_runtime_expression_proxy,STAT4,1.6082994277116864,1.5424203720441552,-0.0658790556675312,0.0658790556675312,7
AgentVC_proxy,Non-responder,Leca-VC,AgentVC,offline_reconstructed_runtime_expression_proxy,STAT6,1.2728839831513548,1.2710616321870452,-0.0018223509643096,0.0018223509643096,3
AgentVC_proxy,Non-responder,Leca-VC,AgentVC,offline_reconstructed_runtime_expression_proxy,STIP1,1.3620464998446962,1.4074577025913524,0.0454112027466562,0.0454112027466562,4
AgentVC_proxy,Non-responder,Leca-VC,AgentVC,offline_reconstructed_runtime_expression_proxy,STOM,1.471727749003631,1.4281782114250074,-0.0435495375786232,0.0435495375786232,5
AgentVC_proxy,Non-responder,Leca-VC,AgentVC,offline_reconstructed_runtime_expression_proxy,STRAP,1.3813191658666897,1.3457111528663184,-0.0356080130003713,0.0356080130003713,4
AgentVC_proxy,Non-responder,Leca-VC,AgentVC,offline_reconstructed_runtime_expression_proxy,STT3A,1.236484867426107,1.1685987276910896,-0.0678861397350174,0.0678861397350174,2
AgentVC_proxy,Non-responder,Leca-VC,AgentVC,offline_reconstructed_runtime_expression_proxy,SUB1,1.9312376266623792,1.9182705004508596,-0.0129671262115198,0.0129671262115198,9
AgentVC_proxy,Non-responder,Leca-VC,AgentVC,offline_reconstructed_runtime_expression_proxy,SUMO2,1.9324160009267013,1.894004746043618,-0.0384112548830835,0.0384112548830835,9
AgentVC_proxy,Non-responder,Leca-VC,AgentVC,offline_reconstructed_runtime_expression_proxy,SUPT5H,1.3418992750654126,1.3025011320387174,-0.0393981430266952,0.0393981430266952,3
AgentVC_proxy,Non-responder,Leca-VC,AgentVC,offline_reconstructed_runtime_expression_proxy,SURF4,1.5563792852992044,1.3923768178515978,-0.1640024674476066,0.1640024674476066,6
AgentVC_proxy,Non-responder,Leca-VC,AgentVC,offline_reconstructed_runtime_expression_proxy,SYNE2,1.664370907814244,1.5853737994416293,-0.0789971083726146,0.0789971083726146,7
AgentVC_proxy,Non-responder,Leca-VC,AgentVC,offline_reconstructed_runtime_expression_proxy,SYNGR2,1.6223281676522894,1.5313734234036078,-0.0909547442486815,0.0909547442486815,7
AgentVC_proxy,Non-responder,Leca-VC,AgentVC,offline_reconstructed_runtime_expression_proxy,SYTL3,1.195177776934374,1.431774221681117,0.2365964447467428,0.2365964447467428,2
AgentVC_proxy,Non-responder,Leca-VC,AgentVC,offline_reconstructed_runtime_expression_proxy,TAGAP,1.5782911643677908,1.5288074488290648,-0.0494837155387259,0.0494837155387259,6
AgentVC_proxy,Non-responder,Leca-VC,AgentVC,offline_reconstructed_runtime_expression_proxy,TAGLN2,1.966614947080634,1.8727440133298725,-0.0938709337507615,0.0938709337507615,10
AgentVC_proxy,Non-responder,Leca-VC,AgentVC,offline_reconstructed_runtime_expression_proxy,TALDO1,1.352315701921072,1.2328037736775228,-0.119511928243549,0.119511928243549,4
AgentVC_proxy,Non-responder,Leca-VC,AgentVC,offline_reconstructed_runtime_expression_proxy,TANK,1.5288105199209805,1.5864406111901144,0.0576300912691341,0.0576300912691341,6
AgentVC_proxy,Non-responder,Leca-VC,AgentVC,offline_reconstructed_runtime_expression_proxy,TAOK3,1.1407358815968889,1.1475006364686082,0.0067647548717193,0.0067647548717193,2
AgentVC_proxy,Non-responder,Leca-VC,AgentVC,offline_reconstructed_runtime_expression_proxy,TAP1,1.8677098496701805,1.8062609398351692,-0.061448909835011,0.061448909835011,9
AgentVC_proxy,Non-responder,Leca-VC,AgentVC,offline_reconstructed_runtime_expression_proxy,TBCB,1.4695203425001933,1.3697280908621745,-0.0997922516380189,0.0997922516380189,5
AgentVC_proxy,Non-responder,Leca-VC,AgentVC,offline_reconstructed_runtime_expression_proxy,TBCD,1.2789913348049493,1.030220355157033,-0.2487709796479162,0.2487709796479162,3
AgentVC_proxy,Non-responder,Leca-VC,AgentVC,offline_reconstructed_runtime_expression_proxy,TCF25,1.5317112389883116,1.516985850220369,-0.0147253887679426,0.0147253887679426,6
AgentVC_proxy,Non-responder,Leca-VC,AgentVC,offline_reconstructed_runtime_expression_proxy,TCIRG1,1.5694961755832812,1.5677694048424258,-0.0017267707408554,0.0017267707408554,6
AgentVC_proxy,Non-responder,Leca-VC,AgentVC,offline_reconstructed_runtime_expression_proxy,TCP1,1.4187811813988924,1.4505583548159784,0.0317771734170859,0.0317771734170859,4
AgentVC_proxy,Non-responder,Leca-VC,AgentVC,offline_reconstructed_runtime_expression_proxy,TECR,1.4834695298779357,1.3377162516807466,-0.1457532781971888,0.1457532781971888,5
AgentVC_proxy,Non-responder,Leca-VC,AgentVC,offline_reconstructed_runtime_expression_proxy,TFRC,1.5026143484528314,1.4676875632066633,-0.0349267852461681,0.0349267852461681,5
AgentVC_proxy,Non-responder,Leca-VC,AgentVC,offline_reconstructed_runtime_expression_proxy,TGIF1,1.0313811260847183,1.0928475016550154,0.0614663755702971,0.0614663755702971,1
AgentVC_proxy,Non-responder,Leca-VC,AgentVC,offline_reconstructed_runtime_expression_proxy,TIGIT,1.510462437687445,1.6806160933683147,0.1701536556808698,0.1701536556808698,6
AgentVC_proxy,Non-responder,Leca-VC,AgentVC,offline_reconstructed_runtime_expression_proxy,TKT,1.1800173920223027,1.1291464810941845,-0.0508709109281182,0.0508709109281182,2
AgentVC_proxy,Non-responder,Leca-VC,AgentVC,offline_reconstructed_runtime_expression_proxy,TM9SF2,1.331074126401988,1.279509860757418,-0.0515642656445698,0.0515642656445698,3
AgentVC_proxy,Non-responder,Leca-VC,AgentVC,offline_reconstructed_runtime_expression_proxy,TMA7,1.9143117781089272,1.8934870177611007,-0.0208247603478259,0.0208247603478259,9
AgentVC_proxy,Non-responder,Leca-VC,AgentVC,offline_reconstructed_runtime_expression_proxy,TMBIM6,1.957779518762298,1.924093322923256,-0.0336861958390419,0.0336861958390419,9
AgentVC_proxy,Non-responder,Leca-VC,AgentVC,offline_reconstructed_runtime_expression_proxy,TMC6,1.649633852555313,1.6532803394200415,0.0036464868647287,0.0036464868647287,7
AgentVC_proxy,Non-responder,Leca-VC,AgentVC,offline_reconstructed_runtime_expression_proxy,TMED10,1.4843113240815784,1.351337527991885,-0.1329737960896937,0.1329737960896937,5
AgentVC_proxy,Non-responder,Leca-VC,AgentVC,offline_reconstructed_runtime_expression_proxy,TMED2,1.4846971491772445,1.393877269083453,-0.0908198800937913,0.0908198800937913,5
AgentVC_proxy,Non-responder,Leca-VC,AgentVC,offline_reconstructed_runtime_expression_proxy,TMED9,1.13491279911134,1.0164172467918906,-0.1184955523194493,0.1184955523194493,1
AgentVC_proxy,Non-responder,Leca-VC,AgentVC,offline_reconstructed_runtime_expression_proxy,TMEM109,1.2336895894907165,1.1587743429686463,-0.0749152465220701,0.0749152465220701,2
AgentVC_proxy,Non-responder,Leca-VC,AgentVC,offline_reconstructed_runtime_expression_proxy,TMEM123,1.2745963748554074,1.2969082163582375,0.02231184150283,0.02231184150283,3
AgentVC_proxy,Non-responder,Leca-VC,AgentVC,offline_reconstructed_runtime_expression_proxy,TMEM179B,1.1540936237492287,1.0740433996151897,-0.0800502241340392,0.0800502241340392,2
AgentVC_proxy,Non-responder,Leca-VC,AgentVC,offline_reconstructed_runtime_expression_proxy,TMEM219,1.1861525124981276,1.1229584821014331,-0.0631940303966942,0.0631940303966942,2
AgentVC_proxy,Non-responder,Leca-VC,AgentVC,offline_reconstructed_runtime_expression_proxy,TMEM258,1.2880190540249437,1.1945632925907357,-0.0934557614342079,0.0934557614342079,3
AgentVC_proxy,Non-responder,Leca-VC,AgentVC,offline_reconstructed_runtime_expression_proxy,TMEM59,1.7063203220673435,1.655966515312426,-0.0503538067549176,0.0503538067549176,8
AgentVC_proxy,Non-responder,Leca-VC,AgentVC,offline_reconstructed_runtime_expression_proxy,TNFAIP3,2.1967357667117566,2.072473509641845,-0.1242622570699114,0.1242622570699114,10
AgentVC_proxy,Non-responder,Leca-VC,AgentVC,offline_reconstructed_runtime_expression_proxy,TNFAIP8,1.1715382112121149,1.1466009297220066,-0.0249372814901083,0.0249372814901083,2
AgentVC_proxy,Non-responder,Leca-VC,AgentVC,offline_reconstructed_runtime_expression_proxy,TNFRSF1B,1.573945911621474,1.752886246745783,0.178940335124309,0.178940335124309,6
AgentVC_proxy,Non-responder,Leca-VC,AgentVC,offline_reconstructed_runtime_expression_proxy,TOB1,1.903604479119635,1.8170526694448543,-0.0865518096747806,0.0865518096747806,9
AgentVC_proxy,Non-responder,Leca-VC,AgentVC,offline_reconstructed_runtime_expression_proxy,TOMM7,1.6817270019373844,1.5830629712211308,-0.0986640307162536,0.0986640307162536,7
AgentVC_proxy,Non-responder,Leca-VC,AgentVC,offline_reconstructed_runtime_expression_proxy,TOX,1.049335485956118,1.1979754901226654,0.1486400041665472,0.1486400041665472,1
AgentVC_proxy,Non-responder,Leca-VC,AgentVC,offline_reconstructed_runtime_expression_proxy,TPI1,1.986862158957996,1.9747542326942615,-0.012107926263734,0.012107926263734,10
AgentVC_proxy,Non-responder,Leca-VC,AgentVC,offline_reconstructed_runtime_expression_proxy,TPM3,2.138612487252244,2.1008262603464014,-0.0377862269058426,0.0377862269058426,10
AgentVC_proxy,Non-responder,Leca-VC,AgentVC,offline_reconstructed_runtime_expression_proxy,TPM4,1.592501508567296,1.57547235858598,-0.0170291499813159,0.0170291499813159,6
AgentVC_proxy,Non-responder,Leca-VC,AgentVC,offline_reconstructed_runtime_expression_proxy,TPP1,1.6493625333604975,1.60093428812047,-0.0484282452400275,0.0484282452400275,7
AgentVC_proxy,Non-responder,Leca-VC,AgentVC,offline_reconstructed_runtime_expression_proxy,TRA2B,1.5624685766965871,1.5311478422101814,-0.0313207344864059,0.0313207344864059,6
AgentVC_proxy,Non-responder,Leca-VC,AgentVC,offline_reconstructed_runtime_expression_proxy,TRAC,2.145886996221853,2.163230552965066,0.0173435567432131,0.0173435567432131,10
AgentVC_proxy,Non-responder,Leca-VC,AgentVC,offline_reconstructed_runtime_expression_proxy,TRAF3IP3,1.5906680399061937,1.6801309827849942,0.0894629428788005,0.0894629428788005,6
AgentVC_proxy,Non-responder,Leca-VC,AgentVC,offline_reconstructed_runtime_expression_proxy,TRAM1,1.4672264644306665,1.3551174411762128,-0.1121090232544534,0.1121090232544534,5
AgentVC_proxy,Non-responder,Leca-VC,AgentVC,offline_reconstructed_runtime_expression_proxy,TRBC2,2.334709259531225,2.324431127378862,-0.0102781321523632,0.0102781321523632,10
AgentVC_proxy,Non-responder,Leca-VC,AgentVC,offline_reconstructed_runtime_expression_proxy,TRIM22,1.6908531317701407,1.798605591771838,0.1077524600016972,0.1077524600016972,8
AgentVC_proxy,Non-responder,Leca-VC,AgentVC,offline_reconstructed_runtime_expression_proxy,TRMT112,1.5974689089215577,1.5136237578068048,-0.0838451511147526,0.0838451511147526,7
AgentVC_proxy,Non-responder,Leca-VC,AgentVC,offline_reconstructed_runtime_expression_proxy,TSC22D3,2.130575793847824,2.0645599182340963,-0.066015875613727,0.066015875613727,10
AgentVC_proxy,Non-responder,Leca-VC,AgentVC,offline_reconstructed_runtime_expression_proxy,TSPO,1.6039220136306929,1.5959852432036907,-0.0079367704270021,0.0079367704270021,7
AgentVC_proxy,Non-responder,Leca-VC,AgentVC,offline_reconstructed_runtime_expression_proxy,TSPYL2,1.2629600903011928,1.232765589913691,-0.0301945003875021,0.0301945003875021,3
AgentVC_proxy,Non-responder,Leca-VC,AgentVC,offline_reconstructed_runtime_expression_proxy,TTC3,1.1037240545361742,1.150623749750636,0.0468996952144618,0.0468996952144618,1
AgentVC_proxy,Non-responder,Leca-VC,AgentVC,offline_reconstructed_runtime_expression_proxy,TUBA1A,1.574833309569189,1.4946960710140011,-0.0801372385551879,0.0801372385551879,6
AgentVC_proxy,Non-responder,Leca-VC,AgentVC,offline_reconstructed_runtime_expression_proxy,TUBA1B,1.7339856467627006,1.7248184823267747,-0.0091671644359259,0.0091671644359259,8
AgentVC_proxy,Non-responder,Leca-VC,AgentVC,offline_reconstructed_runtime_expression_proxy,TUBA4A,1.667454131881617,1.5979797578030353,-0.0694743740785817,0.0694743740785817,7
AgentVC_proxy,Non-responder,Leca-VC,AgentVC,offline_reconstructed_runtime_expression_proxy,TUBB,1.5497436844663204,1.5554175289203291,0.0056738444540087,0.0056738444540087,6
AgentVC_proxy,Non-responder,Leca-VC,AgentVC,offline_reconstructed_runtime_expression_proxy,TUBB4B,1.4290930578490595,1.4065483897920352,-0.0225446680570244,0.0225446680570244,4
AgentVC_proxy,Non-responder,Leca-VC,AgentVC,offline_reconstructed_runtime_expression_proxy,TWF2,1.3510822500540798,1.2643591264341996,-0.0867231236198802,0.0867231236198802,4
AgentVC_proxy,Non-responder,Leca-VC,AgentVC,offline_reconstructed_runtime_expression_proxy,TXN,1.2677271152355636,1.2315949399189947,-0.0361321753165688,0.0361321753165688,3
AgentVC_proxy,Non-responder,Leca-VC,AgentVC,offline_reconstructed_runtime_expression_proxy,TXNIP,1.8333092753242548,2.0508543555526946,0.2175450802284397,0.2175450802284397,9
AgentVC_proxy,Non-responder,Leca-VC,AgentVC,offline_reconstructed_runtime_expression_proxy,TYMP,0.981939347159859,0.98537687171788,0.0034375245580211,0.0034375245580211,1
AgentVC_proxy,Non-responder,Leca-VC,AgentVC,offline_reconstructed_runtime_expression_proxy,U2AF1,1.619555185016356,1.6238179442575742,0.0042627592412183,0.0042627592412183,7
AgentVC_proxy,Non-responder,Leca-VC,AgentVC,offline_reconstructed_runtime_expression_proxy,UBB,2.274883758424001,2.2507482476296703,-0.0241355107943306,0.0241355107943306,10
AgentVC_proxy,Non-responder,Leca-VC,AgentVC,offline_reconstructed_runtime_expression_proxy,UBE2B,1.4563988818049087,1.4874620590030183,0.0310631771981095,0.0310631771981095,5
AgentVC_proxy,Non-responder,Leca-VC,AgentVC,offline_reconstructed_runtime_expression_proxy,UBE2D3,1.9626695903160585,1.9622806795624144,-0.0003889107536438,0.0003889107536438,9
AgentVC_proxy,Non-responder,Leca-VC,AgentVC,offline_reconstructed_runtime_expression_proxy,UBE2L6,1.7195357649898364,1.5808577065971716,-0.1386780583926647,0.1386780583926647,8
AgentVC_proxy,Non-responder,Leca-VC,AgentVC,offline_reconstructed_runtime_expression_proxy,UBL5,1.5428536243249773,1.4209665554782216,-0.1218870688467557,0.1218870688467557,6
AgentVC_proxy,Non-responder,Leca-VC,AgentVC,offline_reconstructed_runtime_expression_proxy,UBXN1,1.6623102521777773,1.6017070674369676,-0.0606031847408097,0.0606031847408097,7
AgentVC_proxy,Non-responder,Leca-VC,AgentVC,offline_reconstructed_runtime_expression_proxy,UCP2,1.9721615339785583,1.8734133271071027,-0.0987482068714555,0.0987482068714555,10
AgentVC_proxy,Non-responder,Leca-VC,AgentVC,offline_reconstructed_runtime_expression_proxy,UQCR11,1.4746187042455596,1.417275545263025,-0.0573431589825346,0.0573431589825346,5
AgentVC_proxy,Non-responder,Leca-VC,AgentVC,offline_reconstructed_runtime_expression_proxy,UQCRB,1.5729444638838852,1.487728774374648,-0.0852156895092373,0.0852156895092373,6
AgentVC_proxy,Non-responder,Leca-VC,AgentVC,offline_reconstructed_runtime_expression_proxy,UQCRC1,1.411905100570623,1.3150456698793682,-0.0968594306912546,0.0968594306912546,4
AgentVC_proxy,Non-responder,Leca-VC,AgentVC,offline_reconstructed_runtime_expression_proxy,UQCRH,1.459675023669026,1.4849686764760388,0.0252936528070129,0.0252936528070129,5
AgentVC_proxy,Non-responder,Leca-VC,AgentVC,offline_reconstructed_runtime_expression_proxy,UQCRQ,1.513957753984973,1.4253209548257824,-0.0886367991591903,0.0886367991591903,6
AgentVC_proxy,Non-responder,Leca-VC,AgentVC,offline_reconstructed_runtime_expression_proxy,USP11,1.2480516157940018,1.2375848063816928,-0.010466809412309,0.010466809412309,3
AgentVC_proxy,Non-responder,Leca-VC,AgentVC,offline_reconstructed_runtime_expression_proxy,USP15,1.4394234695289276,1.5099681777999283,0.0705447082710006,0.0705447082710006,5
AgentVC_proxy,Non-responder,Leca-VC,AgentVC,offline_reconstructed_runtime_expression_proxy,USP36,1.348503573370058,1.280048030021414,-0.068455543348644,0.068455543348644,4
AgentVC_proxy,Non-responder,Leca-VC,AgentVC,offline_reconstructed_runtime_expression_proxy,VAMP5,1.1296104390328847,1.0697878228013795,-0.0598226162315049,0.0598226162315049,1
AgentVC_proxy,Non-responder,Leca-VC,AgentVC,offline_reconstructed_runtime_expression_proxy,VAMP8,1.4684994826393636,1.433187191463187,-0.0353122911761765,0.0353122911761765,5
AgentVC_proxy,Non-responder,Leca-VC,AgentVC,offline_reconstructed_runtime_expression_proxy,VAPA,1.497084966574128,1.5052893248443588,0.0082043582702309,0.0082043582702309,5
AgentVC_proxy,Non-responder,Leca-VC,AgentVC,offline_reconstructed_runtime_expression_proxy,VDAC2,1.4088850383929028,1.359864209770216,-0.0490208286226867,0.0490208286226867,4
AgentVC_proxy,Non-responder,Leca-VC,AgentVC,offline_reconstructed_runtime_expression_proxy,VIM,2.062203722677421,2.058511929327114,-0.0036917933503071,0.0036917933503071,10
AgentVC_proxy,Non-responder,Leca-VC,AgentVC,offline_reconstructed_runtime_expression_proxy,VMP1,1.819574450813064,1.8306842022046372,0.0111097513915734,0.0111097513915734,9
AgentVC_proxy,Non-responder,Leca-VC,AgentVC,offline_reconstructed_runtime_expression_proxy,VPS29,1.3351002286749822,1.305442972324761,-0.0296572563502213,0.0296572563502213,3
AgentVC_proxy,Non-responder,Leca-VC,AgentVC,offline_reconstructed_runtime_expression_proxy,WDR1,1.6962083837793542,1.6313890763411605,-0.0648193074381937,0.0648193074381937,8
AgentVC_proxy,Non-responder,Leca-VC,AgentVC,offline_reconstructed_runtime_expression_proxy,WSB1,1.5035609440232325,1.5575300177239126,0.0539690737006803,0.0539690737006803,5
AgentVC_proxy,Non-responder,Leca-VC,AgentVC,offline_reconstructed_runtime_expression_proxy,XAF1,1.3177291304000711,1.493629490112956,0.1759003597128845,0.1759003597128845,3
AgentVC_proxy,Non-responder,Leca-VC,AgentVC,offline_reconstructed_runtime_expression_proxy,XIST,0.6269107650126272,1.147863170852772,0.5209524058401448,0.5209524058401448,1
AgentVC_proxy,Non-responder,Leca-VC,AgentVC,offline_reconstructed_runtime_expression_proxy,XRCC6,1.7440516195749995,1.6346870620704552,-0.1093645575045443,0.1093645575045443,8
AgentVC_proxy,Non-responder,Leca-VC,AgentVC,offline_reconstructed_runtime_expression_proxy,YPEL5,1.6942685297737865,1.5585378466987498,-0.1357306830750364,0.1357306830750364,8
AgentVC_proxy,Non-responder,Leca-VC,AgentVC,offline_reconstructed_runtime_expression_proxy,YWHAB,1.9690254559413567,1.936608328303,-0.0324171276383573,0.0324171276383573,10
AgentVC_proxy,Non-responder,Leca-VC,AgentVC,offline_reconstructed_runtime_expression_proxy,YWHAE,1.6092768529071722,1.7163877714609306,0.1071109185537584,0.1071109185537584,7
AgentVC_proxy,Non-responder,Leca-VC,AgentVC,offline_reconstructed_runtime_expression_proxy,YWHAQ,1.5444802740462356,1.4586395018911082,-0.0858407721551273,0.0858407721551273,6
AgentVC_proxy,Non-responder,Leca-VC,AgentVC,offline_reconstructed_runtime_expression_proxy,ZAP70,1.719198161524158,1.712290780241451,-0.0069073812827067,0.0069073812827067,8
AgentVC_proxy,Non-responder,Leca-VC,AgentVC,offline_reconstructed_runtime_expression_proxy,ZEB2,1.2578821975141457,1.4051232726589804,0.1472410751448347,0.1472410751448347,3
AgentVC_proxy,Non-responder,Leca-VC,AgentVC,offline_reconstructed_runtime_expression_proxy,ZFAND5,1.3012499531577193,1.339079332622397,0.0378293794646777,0.0378293794646777,3
AgentVC_proxy,Non-responder,Leca-VC,AgentVC,offline_reconstructed_runtime_expression_proxy,ZFAS1,1.4807799754164666,1.4243887572140828,-0.0563912182023838,0.0563912182023838,5
AgentVC_proxy,Non-responder,Leca-VC,AgentVC,offline_reconstructed_runtime_expression_proxy,ZFP36L1,2.075762259191002,2.0673559200536737,-0.0084063391373283,0.0084063391373283,10
AgentVC_proxy,Non-responder,Leca-VC,AgentVC,offline_reconstructed_runtime_expression_proxy,ZFP36L2,1.6882151768098568,1.762302188213382,0.0740870114035252,0.0740870114035252,8
AgentVC_proxy,Non-responder,Leca-VC,AgentVC,offline_reconstructed_runtime_expression_proxy,ZNF331,1.739849171467073,1.5963551557426223,-0.1434940157244504,0.1434940157244504,8
AgentVC_proxy,Non-responder,Leca-VC,AgentVC,offline_reconstructed_runtime_expression_proxy,ZNF706,1.4670120737614611,1.4613179500871984,-0.0056941236742626,0.0056941236742626,5
AgentVC_proxy,Non-responder,Leca-VC,AgentVC,offline_reconstructed_runtime_expression_proxy,ZYX,1.2670036103873357,1.153603761648051,-0.1133998487392846,0.1133998487392846,3
